城市代码,页码,offset,酒店ID,酒店名称,image_url,酒店链接,评分,评论数,排名描述,排名,排名总数,地址,电话,纬度,经度,城市,最低价格,显示价格,价格区间最低,价格区间最高,住宿类型,酒店风格,亮点设施,促销标签,旅行者之选,旅行者之选奖项,平台SEO摘要,用户评论摘录,用户评论用户名,酒店描述
london,32,930,210755,Mabledon Court Hotel,https://dynamic-media-cdn.tripadvisor.com/media/photo-o/26/9c/e2/16/view-from-outside.jpg,https://www.tripadvisor.co.uk/Hotel_Review-g186338-d210755-Reviews-Mabledon_Court_Hotel-London_England.html,5,5,"#841 of 1,209 hotels in London",1251,3462,"10-11 Mabledon Place Bloomsbury, Camden, London WC1H 9AZ England",+44 20 7388 3866,51.527847,-0.127506,London,$143,$143,106,293,Hotel,,Air conditioning|Free Wifi,Sponsored|Breakfast included,否,,"Conveniently located hotel near King's Cross and the British Library. Offers comfortable beds, free Wi-Fi on some devices, and a mix of cooked English and continental breakfast with gluten-free options.",Spotlessly clean! The bathroom is beautiful. Room is snug but has everything you need. Great location between three tube stops. Staff are very friendly and helpful. Would stay again.,holidaysaregreat8,"This functional hotel is an 8-minute walk from St. Pancras train station (offering Eurostar services) and a 14-minute walk from the British Museum. The straightforward, traditionally furnished rooms come with TVs, and tea and coffeemaking equipment. Full English or continental breakfast is included, and served in an informal dining room. There's also a guest lounge."
london,6,150,188961,Hotel 41,https://dynamic-media-cdn.tripadvisor.com/media/photo-o/2b/fd/5a/03/caption.jpg,https://www.tripadvisor.co.uk/Hotel_Review-g186338-d188961-Reviews-Hotel_41-London_England.html,4.9,4295,"#4 of 1,209 hotels in London",4,3462,"41 Buckingham Palace Road, London SW1W 0PS England",+44 20 7300 0041,51.498226,-0.143582,London,,,438,1873,Hotel,,Restaurant|Bar/Lounge|Air conditioning|Airport transportation,,是,2026 Travelers' Choice Best of the Best,"Luxurious hotel near Buckingham Palace with a private club-like atmosphere, exceptional service, an executive lounge, rooftop terrace, and personalized touches. Features superb amenities and romantic details.",,,"Our residents-only hotel, with a prestigious Forbes Five-Star rating, has been recognised as the number one hotel in the UK for more than a decade. Arrive at our private entrance overlooking the Royal Mews of Buckingham Palace, imbued with the subtle fragrance of Hotel 41’s own signature scent, and be welcomed with a personal check-in and a glass from our beautiful Champagne trolley. In your bedroom or suite, discover a selection of homemade treats created by our Executive Chef, along with a supremely comfortable, handcrafted Savoir bed. An unforgettable experience begins..."
london,7,180,193121,The Milestone Hotel and Residences,https://dynamic-media-cdn.tripadvisor.com/media/photo-o/2b/fd/16/22/caption.jpg,https://www.tripadvisor.co.uk/Hotel_Review-g186338-d193121-Reviews-The_Milestone_Hotel_and_Residences-London_England.html,4.9,3044,"#14 of 1,209 hotels in London",14,3462,"1 Kensington Court, London W8 5DL England",+44 20 7917 1000,51.502083,-0.186593,London,,,542,1212,Hotel,,Pool|Spa|Restaurant|Bar/Lounge,,是,2026 Travelers' Choice Best of the Best,"Boutique hotel near Kensington Palace with classic English charm, personalized service, and historical ambience. Features elegant rooms, Stables Bar with horse racing theme, and highly praised afternoon tea.",,,"Discover old world charm, beautiful rich furnishings, exquisite original arts, outstanding cuisine and an experienced and passionate team. This elegant historic hotel is perfectly located opposite Kensington Palace and Gardens, and close to the Royal Albert Hall. Discover Stable’s Bar and the ‘Smoking Old Fashioned’, afternoon tea in the Park Lounge or dine in Cheneston’s or The Oratory, the original chapel."
london,10,270,5600790,Cheval Three Quays,https://dynamic-media-cdn.tripadvisor.com/media/photo-o/0c/99/0d/40/cheval-three-quays-water.jpg,https://www.tripadvisor.co.uk/Hotel_Review-g186338-d5600790-Reviews-Cheval_Three_Quays-London_England.html,4.9,2910,"#8 of 1,516 Speciality lodging in London",87,3462,"40 Lower Thames Street, London EC3R 6AG England",+44 20 3725 5333,51.508133,-0.079532,London,$411,$411,426,835,Apartment,,Fitness centre|Air conditioning|Free Wifi,,是,2026 Travelers' Choice,"Modern hotel-apartment hybrid with spacious rooms, full kitchens, and laundry. Stunning views of Tower Bridge and the Thames. Prime location near attractions, restaurants, and transportation options.",,,"Situated next to The Tower of London, in one of the city's most historic locations, Cheval Three Quays sits on the banks of the River Thames with many apartments boasting views of the city's Tower Bridge. Perfectly located for the city's financial district yet within easy reach of the West End, Cheval Three Quays provides an unequalled setting on London's North Bank that offers both vibrancy and privacy. This iconic residence includes 159 serviced and residential 1, 2 and 3 luxury apartments and penthouses, many with unrivalled views across the Thames towards Tower Bridge and City Hall. Available from One Night, guests can be sure of exceptional home comforts, while receiving exceptional service, ensuring an exceptional experience."
london,2,30,15134890,The Resident Covent Garden,https://dynamic-media-cdn.tripadvisor.com/media/photo-o/16/96/54/22/the-nadler-covent-garden.jpg,https://www.tripadvisor.co.uk/Hotel_Review-g186338-d15134890-Reviews-The_Resident_Covent_Garden-London_England.html,4.9,2820,"#1 of 1,209 hotels in London",1,3462,"51 Bedford Street, London WC2R 0PZ England",+44 20 3146 1790,51.5099,-0.123479,London,$355,$355,298,633,Hotel,,Air conditioning|Free Wifi,,是,2026 Travelers' Choice Best of the Best,"Centrally located hotel near top attractions, dining, and shopping. Features modern, comfortable rooms with hidden kitchenettes, Nespresso machines, Brita-filtered water, and small balconies in some rooms. Perfect for exploring London with excellent amenities and 5-star service.",,,"Renowned for its elegant central Piazza, charming independent market stalls, vibrant street performers, and for having some of the best luxury shopping and fine dining in the capital, not to mention being home to the world-famous Royal Opera House and West End theatres, Covent Garden is one of London's most enchanting and inspirational destinations. The Resident Covent Garden is just a 3-minute walk from the main central Piazza (and within a 5-minute walk from both Covent Garden and Charing Cross stations), providing an oasis of calm right in the heart of London. The Resident Covent Garden offers 57 stylish and thoughtfully designed contemporary bedrooms, each featuring bespoke furniture, hand-made locally in West London, luxurious throws and cushions made from natural fibres woven on the Isle of Bute, Scotland, and special edition Paul Smith Anglepoise lamps, symbolising the brand’s focus on quality British design and craftsmanship."
london,2,30,193104,"The Clermont London, Charing Cross",https://dynamic-media-cdn.tripadvisor.com/media/photo-o/1c/eb/9d/74/amba-hotel-charing-cross.jpg,https://www.tripadvisor.co.uk/Hotel_Review-g186338-d193104-Reviews-The_Clermont_London_Charing_Cross-London_England.html,4.8,8750,"#41 of 1,209 hotels in London",46,3462,"Strand Charing Cross, London WC2N 5HX England",+44 20 7523 5052,51.508537,-0.124709,London,$286,$286,293,615,Hotel,,Restaurant|Bar/Lounge|Fitness centre|Family Friendly,,是,2026 Travelers' Choice,"Elegant hotel blending traditional London charm with modern amenities. Centrally located near Covent Garden, Trafalgar Square, and theaters. Highlights include a romantic terrace with landmark views, a delightful afternoon tea, complimentary mini bar, and Nespresso machines in rooms.",,,"A landmark itself, Charing Cross opened in 1865 and remains one of London's most well-placed hotels. A few steps to Trafalgar Square. A minute's stroll to London's West End, A stone's throw away from The National Gallery and so much more. And when exploring more of the city, Charing Cross station is right next door."
london,10,270,6484754,"Shangri-La The Shard, London",https://dynamic-media-cdn.tripadvisor.com/media/photo-o/10/b6/33/d9/premier-city-view-room.jpg,https://www.tripadvisor.co.uk/Hotel_Review-g186338-d6484754-Reviews-Shangri_La_The_Shard_London-London_England.html,4.8,7897,"#26 of 1,209 hotels in London",27,3462,"31 St Thomas Street, London SE1 9QU England",+44 20 7234 8000,51.504257,-0.086855,London,$903,$903,749,1255,Hotel,,Pool|Restaurant|Bar/Lounge|Fitness centre,Breakfast included,是,2026 Travelers' Choice,"Luxury hotel with floor-to-ceiling windows showcasing iconic London landmarks. Highlights include an infinity pool on the 52nd floor, spacious rooms with modern amenities, and Ting restaurant’s afternoon tea and dining experiences. Convenient location near Tower Bridge. Stunning city views.",,,"Feel an unparalleled connection at Shangri-La The Shard, London. Stay in the capital’s highest hotel, in one of the world’s most iconic buildings, whilst enjoying panoramic skyline views that connect you to the whole city. This is the only five-star luxury hotel in London Bridge, contrasting sleek modern style with the area’s rich historic character. Connect with the real London in our vibrant neighbourhood, balancing old and new, raw and refined, traditional and visionary. Explore nearby food destinations such as Borough Market and Bermondsey Street, and enrich your stay with our array of authentic London experiences. Staying in London Bridge lets you benefit from the most convenient transportation access, whether by foot, car, boat or rail. For leisure visits, we easily connect to all of London’s most famous landmarks, from Big Ben to St. Paul’s Cathedral and the Tower of London. For business, it’s a quick trip to the City and Canary Wharf."
london,2,30,192036,The Montague on the Gardens,https://dynamic-media-cdn.tripadvisor.com/media/photo-o/2b/fd/18/e7/caption.jpg,https://www.tripadvisor.co.uk/Hotel_Review-g186338-d192036-Reviews-The_Montague_on_the_Gardens-London_England.html,4.8,6120,"#19 of 1,209 hotels in London",19,3462,"15 Montague Street, London WC1B 5BJ England",+44 20 7637 1001,51.52016,-0.125686,London,$320,$320,299,1011,Hotel,,Restaurant|Bar/Lounge|Fitness centre|Air conditioning,Breakfast included,是,2026 Travelers' Choice,"Conveniently located near the British Museum, this hotel offers exceptional service, unique dining options, a beach-themed bar, a cozy bistro, and a terrace for afternoon tea. Ideal for exploring London.",,,"A Georgian townhouse full of English charm, The Montague on the Gardens excels in traditional service and warm, generous hospitality. Located in literary Bloomsbury, just steps from the British Museum, we are famous for al-fresco dining and wonderfully fun pop-ups, including an alpine themed Ski Lodge in winter and a Hawaiian Beach Bar in the summer. Our chic Leopard Bar offers live jazz, whilst the conservatory is the perfect place to enjoy a traditional Afternoon Tea overlooking peaceful gardens."
london,1,0,192064,The Chesterfield Mayfair,https://dynamic-media-cdn.tripadvisor.com/media/photo-o/2b/fd/01/5c/caption.jpg,https://www.tripadvisor.co.uk/Hotel_Review-g186338-d192064-Reviews-The_Chesterfield_Mayfair-London_England.html,4.8,5966,"#9 of 1,209 hotels in London",9,3462,"35 Charles Street, London W1J 5EB England",+44 20 7491 2622,51.507694,-0.147136,London,$357,$357,376,956,Hotel,,Restaurant|Bar/Lounge|Air conditioning|Airport transportation,,是,2026 Travelers' Choice,"Charming hotel with vintage British ambiance, exceptional service, and a standout afternoon tea featuring refillable treats and a sweetshop finale. Highlights include a cozy terrace bar, a rooftop gem, and a renowned restaurant. Perfectly located near top dining and attractions.",,,"The Chesterfield, located in the heart of Mayfair, is quintessentially British and exudes classic charm and unique personality. An ideal location minutes from Bond Street, Piccadilly and the Royal Parks, The Chesterfield Mayfair is renowned for the best Dover sole in London, themed afternoon teas, molecular cocktails and gin tasting experiences. A passionate team consistently exceeds guest expectations with faultless service."
london,1,0,248802,"St. Ermin's Hotel, Autograph Collection",https://dynamic-media-cdn.tripadvisor.com/media/photo-o/29/7d/54/0a/st-ermin-s-hotel-exterior.jpg,https://www.tripadvisor.co.uk/Hotel_Review-g186338-d248802-Reviews-St_Ermin_s_Hotel_Autograph_Collection-London_England.html,4.7,8977,"#13 of 1,209 hotels in London",13,3462,"2 Caxton Street, London SW1H 0QW England",+44 20 7222 7888,51.49875,-0.134264,London,$389,$389,376,647,Hotel,,Restaurant|Bar/Lounge|Fitness centre|Air conditioning,,是,2026 Travelers' Choice,"Elegant hotel near St. James's Park tube station and iconic landmarks like Buckingham Palace and Westminster Abbey. Rich history, charming ambiance, and unique amenities. Features a lively bar, renowned restaurant, and proximity to shops, eateries, and top attractions.",,,"St. Ermin’s Hotel, part of Marriott’s Autograph Collection nestled in the heart of St James in London. This distinctive deluxe hotel is a relaxed haven from London's bustling streets. From the lush tree-lined courtyard to historic interiors, this luxury hotel provides guests with beautiful and innovative facilities."
london,6,150,2309633,Conrad London St James,https://dynamic-media-cdn.tripadvisor.com/media/photo-o/33/99/10/7d/exterior.jpg,https://www.tripadvisor.co.uk/Hotel_Review-g186338-d2309633-Reviews-Conrad_London_St_James-London_England.html,4.7,6566,"#71 of 1,209 hotels in London",84,3462,"22-28 Broadway, London SW1H 0BH England",+44 20 3301 8080,51.499462,-0.132924,London,,,375,1251,Hotel,,Restaurant|Bar/Lounge|Fitness centre|Family Friendly,,是,2026 Travelers' Choice,"Centrally located hotel steps from St James Park and the Tube, with easy access to top London landmarks like Westminster Abbey and Buckingham Palace. Features spacious rooms, excellent service, a standout Executive Lounge, and the popular Blue Boar Pub offering great food, drinks, and ambience.",,,"Set in the heart of the British capital, the 5-star luxury Conrad London St. James is a five-minute walk from iconic landmarks such as Westminster Abbey, Buckingham Palace, and Big Ben. Light and stylish bedrooms with bespoke luxury bedding are complemented by marble bathrooms. While Nespresso coffee machines and extensive free Wi-Fi throughout the hotel are essential additions for the modern traveller. Indulge in free-flowing Afternoon Tea with Champagne Bollinger. Dine at The Pem, the hotel’s destination restaurant where locally sourced product meets a modern take on English 'comfort food', or enjoy your evening in Blue Boar Pub, with local craft beers and classic British pub food. A 24-hour fitness centre allows you to exercise at your convenience or enjoy the scenic jogging routes. The new family package includes a personalised storybook and, for an elevated experience, a unique fairy-tale forest themed Children's room. As a pet-friendly hotel, furry friends are warmly welcome."
london,1,0,193617,The Marylebone,https://dynamic-media-cdn.tripadvisor.com/media/photo-o/2c/20/0a/85/the-cocktail-bar.jpg,https://www.tripadvisor.co.uk/Hotel_Review-g186338-d193617-Reviews-The_Marylebone-London_England.html,4.7,6192,"#62 of 1,209 hotels in London",73,3462,"47 Welbeck Street, London W1G 8DN England",+44 20 7486 6600,51.517975,-0.149927,London,$431,$431,327,770,Hotel,,Pool|Spa|Restaurant|Bar/Lounge,,是,2026 Travelers' Choice,"Centrally located hotel on a quiet Marylebone street, steps from Oxford and Regent Streets. Surrounded by shops, restaurants, and pubs. Features a vibrant cocktail bar, intimate atmosphere, and a delicious adjoining restaurant. Exceptional service and luxurious accommodations.",,,"The vibrant, bijou feel of Marylebone village is mirrored in the chic, stylish hotel that shares its name. Discover the charm and buzz of 108 Brasserie; a bright new raft of event spaces – indoor and out; and expansive, rooftop terrace suites that rival any in London for the wow factor. The Marylebone is a short walk to the excitement of Oxford Street, the world-famous stores of Bond Street and Mayfair, Harley Street and the elegant green spaces of Regents Park and Hyde Park. Characterised by its striking design and décor – in places inspired by the great David Hicks, The Marylebone epitomises the vibrant charm of its special London location. Embracing art, design and culture, its guest rooms, suites and public spaces are a celebration of contemporary and antique art and furnishings. Rare in central London is the on-site Third Space gym and spa, equipped with 18m indoor pool, state-of-the-art gym equipment and a range of complimentary fitness classes for guests of the hotel."
london,6,150,209229,The Bloomsbury Hotel,https://dynamic-media-cdn.tripadvisor.com/media/photo-o/31/f4/43/68/the-bloomsbury-heritage.jpg,https://www.tripadvisor.co.uk/Hotel_Review-g186338-d209229-Reviews-The_Bloomsbury_Hotel-London_England.html,4.7,5821,"#32 of 1,209 hotels in London",34,3462,"16-22 Great Russell Street, London WC1B 3NN England",+44 20 7347 1000,51.517254,-0.128954,London,$396,$396,339,708,Hotel,,Restaurant|Bar/Lounge|Fitness centre|Air conditioning,Breakfast included,是,2026 Travelers' Choice,"Elegant boutique hotel near Tottenham Court Road, perfect for exploring London. Central location near theaters, Oxford Street, and the British Museum. Features stylish rooms, exceptional service, the lively Coral Bar, and the Dalloway Terrace restaurant with a pre-theatre menu.",,,"In the beating heart of London, close to Theatreland, The British Museum and Covent Garden, The Bloomsbury, a magnificent Edwin Lutyens’ Grade II-listed, neo-Georgian building sits amid the historic 18th century neighbourhood of the same name; a literary heartland filled with galleries, bookshops and a wealth of cultural heritage. Following a multimillion pound refurbishment, the final chapter in The Bloomsbury’s redevelopment includes beautifully designed Luxury Studio Suites, Sitting Room and grand salon bar - The Coral Room. The Coral Room, designed in collaboration with internationally-acclaimed, Martin Brudnizki Design Studio, features 36 original pieces of art commissioned with illustrator Luke Edward Hall and inspired by the surrounding Bloomsbury area. The restoration of The Bloomsbury also includes Dalloway Terrace, a charming indoor and outdoor restaurant and The Bloomsbury Club Bar which takes inspiration from the Bloomsbury Set, evoking the glamour of a bygone era."
london,1,0,8147345,InterContinental London - The O2 By IHG,https://dynamic-media-cdn.tripadvisor.com/media/photo-o/0a/96/eb/81/hotel-exterior-evening.jpg,https://www.tripadvisor.co.uk/Hotel_Review-g186338-d8147345-Reviews-InterContinental_London_The_O2_By_IHG-London_England.html,4.6,9591,"#177 of 1,209 hotels in London",205,3462,"1 Waterview Drive Greenwich Peninsula, London SE10 0TW England",+44 20 8463 6868,51.503025,-0.00019,London,$393,$393,278,710,Hotel,,Pool|Spa|Restaurant|Bar/Lounge,Sponsored,是,2026 Travelers' Choice,"Modern hotel with stunning river and skyline views, large rooms, and excellent service. Features a top-tier spa, gym, pool, and sauna. Convenient location near The O2 and Jubilee Line. Notable for its diverse restaurants, Sky Bar, afternoon tea, and Club Lounge with evening canapés.",,,"Welcome to InterContinental London - The O2, a luxurious hotel on the Greenwich Peninsula. Indulge in spacious rooms with floor-to-ceiling windows, offering panoramic views of the River Thames and Canary Wharf. Unwind at our award-winning spa, which features an indoor pool, jacuzzi, sauna, and Fitness Centre. Savour a culinary journey at Kinaara, enjoy Indian Afternoon Tea, or elevate your evening at Eighteen Sky Bar. Located steps from The O2, our hotel is perfect for business or leisure stays."
london,5,120,6161763,Sea Containers London,https://dynamic-media-cdn.tripadvisor.com/media/photo-o/06/a5/4d/c3/mondrian-london.jpg,https://www.tripadvisor.co.uk/Hotel_Review-g186338-d6161763-Reviews-Sea_Containers_London-London_England.html,4.6,7485,"#139 of 1,209 hotels in London",161,3462,"20 Upper Ground, London SE1 9PD England",+44 20 3747 1000,51.50821,-0.106864,London,$310,$310,297,662,Hotel,,Spa|Restaurant|Bar/Lounge|Fitness centre,Breakfast included,是,2026 Travelers' Choice,"Stylish riverside hotel on the South Bank with stunning Thames views, a rooftop bar, and unique touches like a cinema and cocktail bar. Prime location near galleries, dining, and transport. Spacious rooms, excellent service, and a modern atmosphere for a memorable stay.",,,"Sea Containers London, formerly Mondrian. Experience sophisticated design, unique boutique hotel, luxury dining and award-winning bars. Book Direct & Save!"
london,52,1530,193084,"The Marble Arch Hotel, By Thistle",https://dynamic-media-cdn.tripadvisor.com/media/photo-o/32/bc/95/c8/hotel-entrance.jpg,https://www.tripadvisor.co.uk/Hotel_Review-g186338-d193084-Reviews-The_Marble_Arch_Hotel_By_Thistle-London_England.html,4.6,6892,"#156 of 1,209 hotels in London",179,3462,"Bryanston Street, London W1H 7EH England",+44 20 7523 5060,51.514175,-0.156651,London,,,247,573,Hotel,,Restaurant|Bar/Lounge|Fitness centre|Air conditioning,,否,,"Centrally located hotel near Hyde Park and Oxford Street, ideal for shopping and exploring. Features spacious, clean rooms, an executive lounge with excellent breakfast, and a well-stocked mini bar. On-site dining includes a restaurant, bar, and café serving Starbucks coffee.",,,"Moments from Oxford Street, the heart of London's shopping mecca, The Marble Arch hotel is a place you can call home with all the comforts and conveniences you need for a memorable stay. With Regents Street, Hyde Park, Marylebone and dozens of other landmarks nearby, location really is everything. Nearly 700 bright, modern and spacious bedrooms fill this vibrant hotel. Archy's Bar & Lounge is the perfect way to recharge after a day of shopping, sightseeing, or meetings. We offer 12 fully-equipped meeting rooms and a beautiful ballroom for your events. You'll conveniently also enjoy fast, free and unlimited Wi-Fi throughout the hotel."
london,7,180,199868,The Rubens At The Palace,https://dynamic-media-cdn.tripadvisor.com/media/photo-o/34/24/a9/99/the-rubens-at-the-palace.jpg,https://www.tripadvisor.co.uk/Hotel_Review-g186338-d199868-Reviews-The_Rubens_At_The_Palace-London_England.html,4.6,6477,"#35 of 1,209 hotels in London",38,3462,"39 Buckingham Palace Road, London SW1W 0PS England",+44 20 7834 6600,51.498276,-0.143553,London,,,273,679,Hotel,,Restaurant|Bar/Lounge|Air conditioning|Pets Allowed,,是,2026 Travelers' Choice,"Historic hotel with a cozy atmosphere and prime location near Buckingham Palace and Victoria Station. Renowned for exceptional service, beautifully decorated rooms, and superb dining, including a standout full English breakfast, afternoon tea, and a highly praised curry restaurant.",,,"Our beautifully restored historic hotel is cared for by a team who take genuine pride in delivering impeccable service and exceeding expectations at every turn. Overlooking The Royal Mews of Buckingham Palace - the entrance used by the Royal family - The Rubens showcases exceptional dining journeys, and enriching and rewarding experiences, from the very first moment guests are greeted by our red-uniformed doormen..."
london,11,300,614236,Hilton London Tower Bridge,https://dynamic-media-cdn.tripadvisor.com/media/photo-o/32/ba/66/08/exterior.jpg,https://www.tripadvisor.co.uk/Hotel_Review-g186338-d614236-Reviews-Hilton_London_Tower_Bridge-London_England.html,4.5,6713,"#246 of 1,209 hotels in London",292,3462,"Tooley Street 5 More London Place, London SE1 2BY England",+44 20 3002 4300,51.504623,-0.082584,London,,,225,630,Hotel,,Restaurant|Bar/Lounge|Fitness centre|Air conditioning,,是,2026 Travelers' Choice,"Conveniently located near London Bridge station, this hotel offers stunning views of Tower Bridge and the Thames. Close to Borough Market, the Shard, and top dining options. Guests praise the executive lounge for its luxurious amenities, outdoor space, and excellent food selection.",,,"One block from the Thames, our hotel has views of The Shard from our Executive Lounge City Terrace. The London Bridge train station is a two-minute walk away for easy city access. We are within a ten-minute walk to the Tower Bridge, Hay’s Galleria, HMS Belfast, Borough Market, and more. Enjoy our on-site dining, bar, and fitness center. Choices of elegant rooms await your arrival at Hilton London Tower Bridge. Upgrade to an Executive room to benefit with exclusive access from complimentary breakfast each morning, refreshments throughout the day, and canapes with alcoholic beverages in the evening while enjoying spectacular London views from the City terrace."
london,4,90,621785,"The Hoxton, Shoreditch",https://dynamic-media-cdn.tripadvisor.com/media/photo-o/32/85/d0/10/cosy-up.jpg,https://www.tripadvisor.co.uk/Hotel_Review-g186338-d621785-Reviews-The_Hoxton_Shoreditch-London_England.html,4.5,6594,"#345 of 1,209 hotels in London",406,3462,"81 Great Eastern St Hackney, London EC2A 3HU England",+44 20 7550 1000,51.525608,-0.082888,London,$303,$303,227,565,Hotel,,Restaurant|Bar/Lounge|Air conditioning|Pets Allowed,,是,2026 Travelers' Choice,"Modern hotel in Shoreditch's vibrant, hip area near restaurants, bars, and attractions like Brick Lane and Spitalfields Market. Stylish rooms, helpful staff, restaurant options, and great transport links.",,,"Surrounded by hip restaurants and bars in the trendy Shoreditch neighbourhood, this chic hotel is a 6-minute walk from the Old Street tube station, 12 minutes' walks from the lively curry houses of Brick Lane, and 2 miles from the Tower of London. Hip, individually decorated rooms with contemporary and/or mid-century modern decor feature free Wi-Fi and flat-screen TVs, plus rainfall showerheads, minifridges, and tea and coffeemaking facilities. In-room breakfast bags are provided. Room service is available. There's a fashionable grill restaurant with exposed brick walls, and a funky lobby bar, plus a library, and meeting and evening space."
london,1,0,192068,Pullman London St Pancras,https://dynamic-media-cdn.tripadvisor.com/media/photo-o/30/0c/1e/3b/caption.jpg,https://www.tripadvisor.co.uk/Hotel_Review-g186338-d192068-Reviews-Pullman_London_St_Pancras-London_England.html,4.5,6223,"#359 of 1,209 hotels in London",421,3462,"100 - 110 Euston Road, London NW1 2AJ England",+44 20 7666 9000,51.5286,-0.128333,London,$250,$250,233,510,Hotel,,Spa|Restaurant|Bar/Lounge|Fitness centre,,是,2026 Travelers' Choice,"Modern hotel near King’s Cross, St Pancras, and Euston stations. Trendy decor, spacious rooms, excellent breakfast, elegant dining, and great views. Convenient for public transport, restaurants, and attractions.",,,"Rest assured that we are still here to welcome you and allow you to stay on top of your game ! Pullman London St Pancras has everything you need to unlock your potential. There’s space for you to work, create and connect in the 312 modern rooms and suites, 17 meeting rooms, not to mention the vibrant lobby. Always looking to up our game, we redefine what it means to travel. Our holistic well-being program is fresh; as is the cuisine we serve – all designed to fuel performance while expertly balancing indulgence and health. Everywhere you turn, art surrounds and inspires you. And, there’s the opportunity to play around every corner. Located in King’s Cross, the contemporary, stylish and cosmopolitan Pullman London St Pancras opens up new travel possibilities, with London on your doorstep and Saint Pancras International Station and Eurostar trains just 5 minutes away by foot. Your health & safety is our priority - visit our website for all the latest updates."
london,11,300,798951,Andaz London Liverpool Street By Hyatt,https://dynamic-media-cdn.tripadvisor.com/media/photo-o/26/d1/0e/c0/andaz-london.jpg,https://www.tripadvisor.co.uk/Hotel_Review-g186338-d798951-Reviews-Andaz_London_Liverpool_Street_By_Hyatt-London_England.html,4.5,5481,"#196 of 1,209 hotels in London",227,3462,"40 Liverpool Street, London EC2M 7QN England",+44 20 7961 1234,51.51738,-0.081596,London,,,329,927,Hotel,,Restaurant|Bar/Lounge|Fitness centre|Airport transportation,,是,2026 Travelers' Choice,"Quirky hotel blending historic charm and modern design near Liverpool Street Station. Stylish rooms, free minibar, multiple dining options, and Masonic temple tours. Surrounded by restaurants, pubs, and markets.",,,"Right in the heart of the city, this 5-star hotel is your go-to for work hustle or just kicking back on a chill weekend break. Back in the day, it was known as the Great Eastern, a London railway hotel with its iconic redbrick Victorian charm dating back to 1884. When you step inside, it's like time-travelling into the 21st century, with 267 designer guest rooms. ​ At Andaz London by Hyatt experience the city as a local and explore London's gems right at our doorstep. The iconic Tower of London and Tower Bridge are just steps away, for a burst of floral charm, Columbia Road Flower Market awaits, while the legendary Brick Lane and vibrant Spitalfields offer the ultimate cool and quirky experiences. ​ Our five-star lifestyle hotel is also the perfect place for a dinner, a bottomless brunch or a few cocktails. You will also find a modern gym and in-room treatments are available to enhance your stay in East London."
london,4,90,210361,Premier Inn London County Hall Hotel,https://dynamic-media-cdn.tripadvisor.com/media/photo-o/18/fb/38/07/premier-inn-london-county.jpg,https://www.tripadvisor.co.uk/Hotel_Review-g186338-d210361-Reviews-Premier_Inn_London_County_Hall_Hotel-London_England.html,4.4,11997,"#410 of 1,209 hotels in London",482,3462,"County Hall Belvedere Road, London SE1 7PB England",+44 333 321 1246,51.5025,-0.118072,London,$173,$173,158,328,Hotel,,Restaurant|Bar/Lounge|Family Friendly,,是,2026 Travelers' Choice,"Centrally located hotel on the South Bank near the London Eye, Westminster, and Big Ben. Ideal for sightseeing with easy access to Waterloo station, restaurants, and shops. Features spacious, clean rooms in a historic building. Great base for exploring London at a reasonable price.",,,"Enjoy London city breaks in style at our Premier Inn London County Hall hotel. Set inside the city's historic County Hall - an iconic Grade II listed building - we're just a short walk away from some of the city's main tourist attractions like the London Eye, The London Dungeon and Jubilee Gardens. Kids will love visiting the popular London Aquarium, while other London South Bank attractions like the Tate Modern and Shakespeare's Globe Theatre are unmissable for culture lovers. Big Ben isn't far away either and, as you'll be close to Westminster Bridge, neither is Westminster Abbey. If you want to visit other London boroughs, you can head straight for Waterloo Station, which is only about an eight-minute walk away. Leave some extra time to wander through Waterloo Graffiti Tunnel on your way!"
london,7,180,193079,The Royal Horseguards,https://dynamic-media-cdn.tripadvisor.com/media/photo-o/1a/ba/cc/64/the-royal-horseguards.jpg,https://www.tripadvisor.co.uk/Hotel_Review-g186338-d193079-Reviews-The_Royal_Horseguards-London_England.html,4.4,8943,"#226 of 1,209 hotels in London",269,3462,"2 Whitehall Court, London SW1A 2EJ England",+44 20 7523 5062,51.50605,-0.124196,London,,,295,597,Hotel,,Restaurant|Bar/Lounge|Fitness centre|Air conditioning,,是,2026 Travelers' Choice,"Historic hotel near Trafalgar Square and the Thames, ideal for exploring London’s landmarks. Highlights include luxurious rooms, some with stunning river views, top-quality service, and the Equus Bar’s cocktails. Convenient location near transport, offering charm and hospitality.",,,"Located on the River Thames in historic Whitehall, this iconic Victorian hotel provides a unique stay in the heart of central London. Blending heritage charm with modern comfort, just a 5-minute walk from the National Gallery, Trafalgar Square, and within easy reach of Covent Garden and the West End. Experience warm service, elegant interiors, free Wi-Fi, garden terrace dining, traditional afternoon tea, and rooms with sweeping views across London's skyline and the River Thames."
london,1,0,3411810,Premier Inn London Blackfriars (Fleet Street) hotel,https://dynamic-media-cdn.tripadvisor.com/media/photo-o/17/f4/5b/d8/premier-inn-london-blackfriars.jpg,https://www.tripadvisor.co.uk/Hotel_Review-g186338-d3411810-Reviews-Premier_Inn_London_Blackfriars_Fleet_Street_hotel-London_England.html,4.4,6937,"#250 of 1,209 hotels in London",297,3462,"1-2 Dorset Rise, London EC4Y 8EN England",+44 333 321 9269,51.51298,-0.105115,London,$139,$139,124,322,Hotel,,Restaurant|Bar/Lounge|Air conditioning|Family Friendly,,是,2026 Travelers' Choice,"Conveniently located near a tube and train station, this hotel offers easy access to London attractions like St. Paul’s and Tate Modern. Features modern rooms, family-friendly options, bar, and restaurant.",,,"With St Paul's Cathedral to one side, Tate Modern to the other, and the City on your doorstep, it's hard to get more central than Premier Inn London Blackfriars. In fact, for a short break, we're perfectly placed. Wander to the West End and Covent Garden. Stroll along the Thames to Big Ben and the London Eye. Or catch a show at the world- famous Mermaid Theatre, just next door. And, with many of the world's biggest companies just minutes away, we're ideal for business trips too. Whether it's been work or play, you'll return to a friendly team, extra-comfy beds and an excellent breakfast."
london,5,120,10410272,citizenM Tower of London,https://dynamic-media-cdn.tripadvisor.com/media/photo-o/32/0c/17/08/lobby.jpg,https://www.tripadvisor.co.uk/Hotel_Review-g186338-d10410272-Reviews-CitizenM_Tower_of_London-London_England.html,4.4,5285,"#445 of 1,209 hotels in London",527,3462,"40 Trinity Square, London EC3N 4DJ England",+44 20 3519 4830,51.510136,-0.076751,London,$177,$177,149,440,Hotel,,Restaurant|Bar/Lounge|Air conditioning|Free Wifi,,是,2026 Travelers' Choice,"Modern, stylish hotel with stunning views of the Tower of London and Tower Bridge. Features chic design, comfortable beds, and a rooftop bar with panoramic city views. Convenient location near shops and transit. Unique self-service concept with tech-savvy amenities like iPad controls.",,,"Say 'good day' to citizenM Tower of London, where affordable luxury meets smart tech in the historic heart of London. You’ll find us a 10 minute stroll from the financial district, with Tower Bridge five minutes away - and the Tower Hill tube station right below us. All bedrooms have wall-to-wall windows and beds (add a spectacular Tower view for a tiny extra fee). Also in your room - power shower, smart TV with a free movie library, superfast free Wi-Fi (sorry, no kettles). After every stay, every room gets a deep-clean worthy of a BRIT Award. Go completely hands-free with room controls by using our free app or the bedside MoodPad tablet - they cover everything from blinds to temperature and TV channels. Downstairs, an enormous living room and 24/7 kitchen are yours to enjoy - food, drinks, cocktails, art, books and ultra-comfortable Vitra furniture. Upstairs on the 7th floor, you'll find our cloudM rooftop bar - the views alone are to die for, and the cocktails are even better."
london,34,990,1657415,Park Plaza Westminster Bridge,https://dynamic-media-cdn.tripadvisor.com/media/photo-o/31/dc/ae/a4/exterior.jpg,https://www.tripadvisor.co.uk/Hotel_Review-g186338-d1657415-Reviews-Park_Plaza_Westminster_Bridge-London_England.html,4.3,26744,"#427 of 1,209 hotels in London",508,3462,"200 Westminster Bridge Rd, London SE1 7UT England",+44 333 400 6112,51.50099,-0.116794,London,,,266,536,Hotel,,Pool|Spa|Restaurant|Bar/Lounge,,否,,"Modern hotel on the South Bank with spacious rooms, many offering stunning Big Ben views. Prime location near landmarks like the London Eye and Waterloo station. Features a pool, spa, and studio rooms with kitchenettes. Guests praise the helpful staff and the vibrant Primo bar.",,,"Conveniently situated on the South Bank of the Thames, Park Plaza London Westminster Bridge features contemporary design throughout its 1,019 rooms and suites. From its iconic position opposite Big Ben and the Houses of Parliament, the hotel places London's finest landmarks at your fingertips. The London Eye, Big Ben, the London Dungeons, the London Aquarium and the city's finest theatres, restaurants and bars are just a few steps away. A choice of tastefully conceived and breathtakingly executed guestrooms and suites includes large Studio Rooms with a bedroom, bathroom and living space with pull-out sofa bed, which is perfect for family stays. On the hotel's highest floors, enhanced amenities and extra space are on offer in the chic Penthouses and Suites, some of which have split-level duplex accommodation, balconies and panoramic city views. Brasserie Joël presents delicious French cuisine with seasonal specialities, while Ichi Sushi & Sashimi offers a true taste of Tokyo."
london,2,30,1946018,Doubletree By Hilton London Tower Of London,https://dynamic-media-cdn.tripadvisor.com/media/photo-o/2b/a8/be/59/view.jpg,https://www.tripadvisor.co.uk/Hotel_Review-g186338-d1946018-Reviews-Doubletree_By_Hilton_London_Tower_Of_London-London_England.html,4.3,9511,"#105 of 1,209 hotels in London",125,3462,"7 Pepys Street, London EC3N 4AF England",+44 20 7709 1000,51.510883,-0.078078,London,$153,$153,172,505,Hotel,,Restaurant|Bar/Lounge|Fitness centre|Air conditioning,,是,2026 Travelers' Choice,"Modern hotel with a stunning rooftop bar offering breathtaking views of London landmarks. Features an executive lounge with excellent service, comfortable rooms, and a warm welcome with signature cookies. Ideal for business or tourism with great dining options and a convenient location.",,,"DoubleTree by Hilton London – Tower of London offers a stylish urban escape in the heart of the capital’s historic district. Located just steps from Tower Hill Tube Station and Fenchurch Street Station, the hotel is a short walk from the Tower of London, and Borough Market. With easy access to the financial district and Central London, it’s ideal for both business and leisure travelers. Contemporary rooms feature a contemporary bathroom, complimentary WiFi, and digital key access. Guests are welcomed with the signature DoubleTree cookie and can enjoy breakfast at City Café, unwind at Vertical Bar, or sip London-inspired cocktails at Savage Garden—a rooftop bar with views of Tower Bridge. The hotel also offers a fitness center, executive lounge, concierge service, and pet-friendly rooms. Family amenities and bespoke experiences are available for guests with children."
london,2,30,577593,Park Plaza London Riverbank,https://dynamic-media-cdn.tripadvisor.com/media/photo-o/0e/c3/77/0b/executive-lounge.jpg,https://www.tripadvisor.co.uk/Hotel_Review-g186338-d577593-Reviews-Park_Plaza_London_Riverbank-London_England.html,4.3,7708,"#336 of 1,209 hotels in London",396,3462,"18 Albert Embankment Vauxhall, London SE1 7TJ England",+44 333 400 6122,51.49162,-0.12185,London,$233,$233,201,449,Hotel,,Pool|Spa|Restaurant|Bar/Lounge,,是,2026 Travelers' Choice,"Riverside hotel with stunning Thames views, modern spacious rooms, and smart controls for lights and curtains. Close to London Eye and Big Ben, with easy access to public transport. Features an acclaimed restaurant offering diverse cuisine, river views, and live music.",,,"Culture vulture. Shopaholic. Sightseer. However you spend your free time, Park Plaza London Riverbank is your perfect launching pad to the very best London has to offer. Landmarks such as Big Ben, the London Eye, Westminster Abbey and Tate Modern are a stone's throw away, while Theatreland, chic boutiques and world-famous museums and galleries can be reached within minutes. Effortlessly stylish, Park Plaza London Riverbank boasts 645 guestrooms including Executive Rooms and Suites with Bose CD/DVD player, plasma TV with surround sound and a pull-out sofa bed for the children. Many guestrooms and suites have stunning views of the River Thames and Westminster. The Family Getaway package includes accommodation, a children's gift bag, special menus, food and drink vouchers, and complimentary breakfast for the children."
london,46,1350,265539,"St. James’ Court, A Taj Hotel",https://dynamic-media-cdn.tripadvisor.com/media/photo-o/1b/23/94/aa/st-james-court-a-taj.jpg,https://www.tripadvisor.co.uk/Hotel_Review-g186338-d265539-Reviews-St_James_Court_A_Taj_Hotel-London_England.html,4.3,6973,"#412 of 1,209 hotels in London",484,3462,"54 Buckingham Gate, London SW1E 6AF England",+44 20 7834 6655,51.498703,-0.137004,London,,,303,639,Hotel,,Spa|Restaurant|Bar/Lounge|Fitness centre,,否,,"Luxury 5-star hotel in a heritage building with elegant rooms, a stunning lobby, unique Indian-inspired atmosphere, and exceptional dining. Ideally located near iconic London landmarks like Buckingham Palace and Big Ben, with excellent transport links and attentive service.",,,"A Grand Classic, Reimagined Please note: The hotel’s lobby and select event spaces are under renovation through February 2026. The hotel remains fully operational, with redirected guest entry and all services (including restaurants and spa) open as usual. Check-in, concierge, and guest seating have been thoughtfully relocated to maintain comfort and service. Events for larger groups are supported at partner venues nearby. In a country that values understatement, St. James' Court is an English classic typifying the concealed charm of one of Britain's finest hotels. The custom of St. James’ Court, A Taj Hotel is the distinctive choice for more than service with a smile. With a distinguished pedigree shaped over more than a century, this discreet Victorian masterpiece with its famous Shakespearean Courtyard is perfectly placed between Buckingham Palace and the Houses of Parliament in a historic enclave marking the centre of power."
london,3,60,571109,Premier Inn London King's Cross Hotel,https://dynamic-media-cdn.tripadvisor.com/media/photo-o/17/fe/6f/c3/premier-inn-bedroom.jpg,https://www.tripadvisor.co.uk/Hotel_Review-g186338-d571109-Reviews-Premier_Inn_London_King_s_Cross_Hotel-London_England.html,4.2,7316,"#557 of 1,209 hotels in London",664,3462,"26-30 York Way Kings Cross, London N1 9AA England",+44 333 321 1272,51.531933,-0.122215,London,,,180,367,Hotel,,Restaurant|Bar/Lounge|Air conditioning|Family Friendly,,是,2026 Travelers' Choice,"Conveniently located near King’s Cross and St Pancras stations, this hotel offers clean, comfortable rooms, spacious family options, and an elegant foyer. On-site restaurant, bar, and Costa Coffee. Surrounded by dining options and excellent transport links, ideal for London visits.",,,"Stay in the cultural heart of the capital just a short walk away from St Pancras International at our Premier Inn London Kings Cross hotel. You'll love our location - with King's Cross station and Eurostar terminals less than a five-minute walk away, getting around London throughout your stay couldn't be easier. One of the most popular places to visit near King's Cross, The British Library, is just a 10-minute walk away from our hotel, as is Platform 9¾ - a must-see for Harry Potter fans! Plus, with other top London attractions like The British Museum and Granary Square within easy reach, you'll be spoilt for choice. End your days out in London with mouth-watering meals back at our Bar + Block King's Cross Steakhouse and a great night's sleep on a super-comfy bed. Whatever the occasion, our King's Cross Premier Inn has everything you want and more when you're looking for hotels in central London."
london,83,2460,286746,Premier Inn London Kensington (Earl's Court) hotel,https://dynamic-media-cdn.tripadvisor.com/media/photo-o/1c/81/32/80/premier-inn-london-kensington.jpg,https://www.tripadvisor.co.uk/Hotel_Review-g186338-d286746-Reviews-Premier_Inn_London_Kensington_Earl_s_Court_hotel-London_England.html,4.2,5782,"#545 of 1,209 hotels in London",651,3462,"11 Knaresborough Place, London SW5 0TJ England",+44 333 321 1268,51.493614,-0.190753,London,,,124,285,Hotel,,Restaurant|Bar/Lounge|Air conditioning|Family Friendly,,否,,"Conveniently located near a tube station and top attractions like museums and the Royal Albert Hall. Surrounded by dining and shopping options. Features clean, functional rooms and an on-site restaurant.",,,"Premier Inn Kensington (Earl's Court) is practically made for mini-breaks, with almost every major attraction within easy reach. From dinosaurs to designer names, football stars to incredible shows, there's something to keep everyone happy. Be inspired at the Natural History, Science and Victoria & Albert Museums or Buckingham Palace. See the Blues in full flow at Chelsea's Stamford Bridge Stadium. Or catch a show at the Royal Albert Hall or the West End. Our friendly team will help you get the most from your stay and provide everything you need to recharge the batteries: tasty food and extra-comfy beds."
london,3,60,195224,London Hilton on Park Lane,https://dynamic-media-cdn.tripadvisor.com/media/photo-o/34/37/62/bd/exterior.jpg,https://www.tripadvisor.co.uk/Hotel_Review-g186338-d195224-Reviews-London_Hilton_on_Park_Lane-London_England.html,4.2,5105,"#116 of 1,209 hotels in London",136,3462,"22 Park Lane, London W1K 1BE England",+44 20 7493 8000,51.50551,-0.150387,London,,,401,959,Hotel,,Spa|Restaurant|Bar/Lounge|Fitness centre,,是,2026 Travelers' Choice,"Iconic hotel with stunning views of Hyde Park and the city. Offers impeccable service, a spacious executive lounge, and highly praised afternoon tea experiences. Prime location near transportation and central attractions. Features a traditional charm, Mayfair Suite, and Trader Vic's restaurant.",,,"Located in the heart of Mayfair, London Hilton on Park Lane was the first Hilton to open within the UK and is close to all that London has to offer, including theatres, Royal Parks and world-famous landmarks. The hotel is beside Hyde Park and just half a mile from Green Park and Buckingham Palace and one tube stop away from Big Ben and the London Eye. Soaring high above Park Lane, the hotel is famed for its unparalleled five-star luxury. We offer a variety of accommodations, including 453 spacious guest rooms, 56 exquisite suites, and a Presidential Suite. No matter your preference, there's something here to make your stay unforgettable."
london,32,930,1866705,"St. Pancras London, Autograph Collection",https://dynamic-media-cdn.tripadvisor.com/media/photo-o/30/38/92/bf/caption.jpg,https://www.tripadvisor.co.uk/Hotel_Review-g186338-d1866705-Reviews-St_Pancras_London_Autograph_Collection-London_England.html,4.2,4859,"#643 of 1,209 hotels in London",784,3462,"Euston Road, London NW1 2AR England",+44 20 7841 3540,51.529804,-0.125757,London,$385,$385,351,751,Hotel,,Pool|Spa|Restaurant|Bar/Lounge,Sponsored,否,,"Historic hotel in a restored Victorian building with unique architecture and a central location near shops, dining, and a train station. Features elegant bars, dining options, and high-ceilinged rooms.",,,"For over 152 years, St. Pancras London has stood as a stunning testament to Victorian Gothic revival architecture—a beacon of pioneering design and elegance. Originally unveiled as the Midland Grand Hotel in 1873, it was designed not only as a place of luxury but also as a bold symbol of innovation. From the introduction of hydraulic lifts to the first revolving door in the UK, the building was ahead of its time. Its soaring vaulted ceilings, majestic Grand Staircase and the iconic clock that towers above the city continue to shape the London skyline and captivate all who pass by. Nestled above the city's most connected transport hub, St. Pancras London stands at the crossroads of local and international journeys. The hotel's 245 rooms and suites seamlessly blend preserved historical features with contemporary comforts, creating a space where the past is cherished and the present is celebrated."
london,9,240,188029,"Radisson Blu Hotel, London Bloomsbury",https://dynamic-media-cdn.tripadvisor.com/media/photo-o/19/19/bc/fb/radisson-blu-edwardian.jpg,https://www.tripadvisor.co.uk/Hotel_Review-g186338-d188029-Reviews-Radisson_Blu_Hotel_London_Bloomsbury-London_England.html,4.2,4455,"#447 of 1,209 hotels in London",529,3462,"9-13 Bloomsbury St, London WC1B 3QD England",+44 20 7636 5601,51.51748,-0.127616,London,,,264,611,Hotel,,Restaurant|Bar/Lounge|Fitness centre|Air conditioning,,是,2026 Travelers' Choice,"Centrally located hotel in London’s West End near Covent Garden, Oxford Street, and the British Museum. Clean rooms, friendly staff, and easy access to public transport, restaurants, and attractions.",,,"Blending neighbourhood charm with modern design, Radisson Blu Hotel, London Bloomsbury offers a refined retreat in the heart of the city. Just moments from Tottenham Court Road, Covent Garden, and the British Museum, the hotel is perfectly placed for both work and leisure, with inviting contemporary spaces to meet, unwind, or focus. Our newly refurbished rooms and suites provide a calm, thoughtfully designed escape from the city, combining fresh interiors with premium bedding and Urban Apothecary toiletries. Each space has been carefully reimagined to support both relaxation and productivity, creating a comfortable stay whether you're visiting for business or leisure. Guests can also make use of our stylish lounge areas, ideal for informal meetings or quiet moments throughout the day. Experience bold Mediterranean and Japanese small plates at the acclaimed Bloomsbury Street Kitchen, or enjoy cocktails on the intimate terrace."
london,11,300,3240599,Point A London Kings Cross,https://dynamic-media-cdn.tripadvisor.com/media/photo-o/29/fe/be/6c/twin-room-with-window.jpg,https://www.tripadvisor.co.uk/Hotel_Review-g186338-d3240599-Reviews-Point_A_London_Kings_Cross-London_England.html,4.1,7830,"#523 of 1,209 hotels in London",627,3462,"324 Grays Inn Road, London WC1X 8BU England",+44 20 7713 0428,51.528847,-0.119393,London,,,115,275,Hotel,,Air conditioning|Free Wifi,Breakfast included,是,2026 Travelers' Choice,"Modern budget hotel in London near St. Pancras. Compact, clean rooms, some without windows. Convenient for Eurostar travelers, early departures, and short stays. Surrounded by pubs, restaurants, and lively streets.",,,"Heartfelt stays in the heart of King’s Cross Just a 5-minute walk from King’s Cross and St Pancras International stations, Point A Hotel London Kings Cross – St Pancras puts you in easy reach of the Eurostar, six tube lines, and London’s best bits — from Granary Square and the British Library to Soho and the West End. Our compact, modern rooms feature five-star beds, mood lighting, TVs with Chromecast, air conditioning, a hair dryer, safe, toiletries and plush towels. Rooms are available with and without windows for the quietest stay. Whether you're travelling for work or leisure, enjoy brilliant basics and affordable comfort while exploring the local charm."
london,8,210,187735,The May Fair Hotel,https://dynamic-media-cdn.tripadvisor.com/media/photo-o/2f/d9/88/51/exterior.jpg,https://www.tripadvisor.co.uk/Hotel_Review-g186338-d187735-Reviews-The_May_Fair_Hotel-London_England.html,4.1,7205,"#358 of 1,209 hotels in London",420,3462,"Stratton St, London W1J 8LT England",+44 20 7769 3066,51.508137,-0.143857,London,,,423,871,Hotel,,Spa|Restaurant|Bar/Lounge|Fitness centre,,是,2026 Travelers' Choice,"Located in the heart of London near Green Park Tube Station, this 5-star hotel offers luxury, impeccable service, and great value. Highlights include a trendy bar, acclaimed restaurant, spa, and deluxe rooms. Perfectly situated for shopping, dining, and exploring Buckingham Palace and the West End.",,,"The May Fair, A Radisson Collection Hotel, Mayfair London is set in the heart of one of the most sought-after addresses in the world. Opened in 1927, The May Fair, A Radisson Collection Hotel, Mayfair London was the first new hotel to open in the British capital in over 20 years. Inaugurated by King George V and Queen Mary, the hotel quickly became a playground for London's high society. Today, while eminent spaces and glimmering Baccarat chandeliers remain, the hotel has transformed into a contemporary boutique getaway, known for its timeless elegance and charm. Proud to be the Official Hotel to London Fashion Week, The May Fair enjoys some of the largest bedrooms in London, including an iconic collection of suites, world-class food and drink at the award-winning restaurant, May Fair Kitchen, a vibrant bar, secluded terrace, stunning event spaces and tranquil spa."
london,33,960,215522,Premier Inn London Euston hotel,https://dynamic-media-cdn.tripadvisor.com/media/photo-o/19/1e/6e/8f/premier-inn-london-euston.jpg,https://www.tripadvisor.co.uk/Hotel_Review-g186338-d215522-Reviews-Premier_Inn_London_Euston_hotel-London_England.html,4.1,6770,"#838 of 1,209 hotels in London",1238,3462,"1 Dukes Road, London WC1H 9PJ England",+44 333 321 1262,51.52762,-0.129203,London,,,151,324,Hotel,,Restaurant|Bar/Lounge|Family Friendly,,否,,"Conveniently located near major transport hubs and popular attractions, this hotel offers spacious, comfortable rooms, especially for families. Highlights include a good value meal deal, an on-site Costa Coffee, and quiet rooms despite the busy surroundings. Ideal for city exploration.",,,"With more connections than the London Underground tube map, Premier Inn London Euston puts the best of the capital - and Europe - on your doorstep. From here, you're just minutes from Euston and King's Cross stations and Eurostar at St Pancras, as well as London's must-see sights. Meet the stars at Madame Tussauds. Delve into the world's treasure-trove at the British Museum. Or hit the big brands of Oxford Street and the off-the-beaten-track stores in cool Camden. After a busy day, put your feet up and recharge in our recently refurbished rooms, tasty restaurant, and extra-comfy beds."
london,82,2430,195280,Holiday Inn London - Kensington High St. by IHG,https://dynamic-media-cdn.tripadvisor.com/media/photo-o/26/0c/d0/aa/holiday-inn-london-kensington.jpg,https://www.tripadvisor.co.uk/Hotel_Review-g186338-d195280-Reviews-Holiday_Inn_London_Kensington_High_St_by_IHG-London_England.html,4.1,4946,"#217 of 1,209 hotels in London",255,3462,"Wrights Lane Kensington, London W8 5SP England",+44 20 7368 4023,51.498817,-0.191969,London,$208,$208,144,340,Hotel,,Pool|Spa|Restaurant|Bar/Lounge,Sponsored,否,,"Well-located hotel near Kensington Palace, Hyde Park, and High Street Kensington tube station. Surrounded by shops, restaurants, and attractions. Rooms are small but clean and comfortable, ideal for short stays or solo travelers. Convenient for exploring and accessing transport links.",,,"The stylish Holiday Inn London Kensington High Street is located in a quiet spot close to the shops of Kensington High Street just a few minutes walk from the nearest tube underground station. Following an extensive multi million pound refurbishment, the hotel offers 706 modern guest rooms all equipped with high speed WiFi Internet connection along with a host of other modern amenities and features stylishly and thoughtfully designed. Located in the back of the hotel a stunning private garden awaits you. Or enjoy our Health Club which has a full length swimming pool sauna treatment rooms and a fully equipped gym. Kensington Health Club and Spa provides a great contrast from the hustle and bustle of the city by providing our guests with a luxurious tranquil retreat. We can provide you with an escape from the stress of everyday life and give you your own space where you can listen to your body and indulge accordingly in the great facilities it has to offer."
london,6,150,2458180,Point A Hotel London - Liverpool Street,https://dynamic-media-cdn.tripadvisor.com/media/photo-o/17/56/26/e3/double-bedroom-with-window.jpg,https://www.tripadvisor.co.uk/Hotel_Review-g186338-d2458180-Reviews-Point_A_Hotel_London_Liverpool_Street-London_England.html,4.1,4856,"#521 of 1,209 hotels in London",624,3462,"13-15 Folgate Street, London E1 6BX England",+44 20 7456 0400,51.521034,-0.077655,London,,,102,271,Hotel,,Air conditioning|Free Wifi,,是,2026 Travelers' Choice,"Modern hotel with compact, clean rooms, some without windows. Conveniently located near public transportation, markets, cafes, and bars. Ideal for short stays and exploring central London.",,,"Stay in the heart of the City of London, just moments from Liverpool Street Station and the creative buzz of Shoreditch. Perfect for both business and leisure, our hotel puts Spitalfields Market, Brick Lane, and the Square Mile right on your doorstep. Our compact, modern rooms feature plush hypnos beds, mood lighting, TVs with Chromecast, air conditioning, a hair dryer, safe, toiletries and plush towels. Rooms are available with and without windows for the quietest stay. Whether you're travelling for work or leisure, enjoy brilliant basics and affordable comfort while exploring the local charm. Relax in our welcoming lounge with cosy corners for reading or working, and enjoy a free breakfast when you book direct. On sunny mornings, head to our hidden gem - a secret garden made for peaceful starts to the day. Step outside and discover some of London’s must-see sights: Spitalfields Market Brick Lane Whitechapel Gallery"
london,7,180,195204,Doubletree By Hilton London - Victoria,https://dynamic-media-cdn.tripadvisor.com/media/photo-o/04/1b/4b/34/doubletree-by-hilton.jpg,https://www.tripadvisor.co.uk/Hotel_Review-g186338-d195204-Reviews-Doubletree_By_Hilton_London_Victoria-London_England.html,4.1,3736,"#146 of 1,209 hotels in London",169,3462,"2 Bridge Place, London SW1V 1QA England",+44 20 7834 8123,51.494003,-0.143281,London,,,227,551,Hotel,,Restaurant|Bar/Lounge|Fitness centre|Air conditioning,,是,2026 Travelers' Choice,"Centrally located near Victoria Station, this hotel offers easy access to Buckingham Palace, restaurants, and sightseeing spots. Guests praise the welcoming atmosphere, outstanding service, and delightful warm cookies at check-in. Clean, convenient, and perfect for exploring London.",,,"Located in the heart of London, right next to Victoria Station, our hotel offers seamless connectivity with the Gatwick Express and London Underground, making it easy to explore the city. Iconic landmarks like Westminster Abbey, the Houses of Parliament, Buckingham Palace, Soho, and Trafalgar Square are all just a short walk away. From the moment you arrive, enjoy our signature warm DoubleTree Chocolate Chip Cookie at check-in. We have a large number of family friendly rooms and offer a childrens themed afternoon tea for the whole family to enjoy . Indulge in a world of flavours at our newly refurbished Terminus Kitchen & Bar, where our globally inspired small plates—featuring tacos, cod fritters, and vegetable tempura—are perfect for sharing with friends and colleagues. Sustainability is at the heart of our operations, and we are proud to hold the prestigious Green Key Certification, recognizing our commitment to environmentally responsible hospitality."
london,3,60,289375,The Clarendon,https://dynamic-media-cdn.tripadvisor.com/media/photo-o/30/3a/22/b0/clarendon-hotel.jpg,https://www.tripadvisor.co.uk/Hotel_Review-g186338-d289375-Reviews-The_Clarendon-London_England.html,4.1,3528,"#369 of 1,209 hotels in London",433,3462,"8-16 Montpelier Row Blackheath Village, London SE3 0RW England",+44 20 8318 4321,51.46855,0.009758,London,,,144,243,Hotel,,Restaurant|Family Friendly|Free Wifi,Breakfast included,是,2026 Travelers' Choice,"Charming hotel with English ambiance near Blackheath Village and Greenwich Park. Conveniently located by restaurants, shops, and train station. Highlights include spacious suites, excellent dining, and attentive staff.",,,"The Clarendon Hotel overlooks historic Blackheath. This area of London is very special with Greenwich Park, the River Thames and many fine attractions to visit. Situated in Blackheath Village with its many special shops, cafes and bars to enjoy, the Clarendon offers a village atmosphere close to the O2 Arena (10 mins), Central London and Excel in Docklands. All rooms are en-suite with facilities such as the Meridian Restaurant, Nautical Chart Bar. Parking - the hotel has a front and rear car park, however these do get filled. For alternative parking, there is street parking or the Blackheath Village train station car park, which has CCTV. With Blackheath in front of the hotel, we are of course dog friendly."
london,69,2040,193049,London Marriott Hotel Regents Park,https://dynamic-media-cdn.tripadvisor.com/media/photo-o/2e/d4/be/df/lobby-seating-area.jpg,https://www.tripadvisor.co.uk/Hotel_Review-g186338-d193049-Reviews-London_Marriott_Hotel_Regents_Park-London_England.html,4.1,3122,"#562 of 1,209 hotels in London",675,3462,"128 King Henry's Road, London NW3 3ST England",+44 20 7722 7711,51.542248,-0.170098,London,,,221,483,Hotel,,Pool|Restaurant|Bar/Lounge|Fitness centre,,否,,"Centrally located near tube stations, shops, and Primrose Hill, this hotel offers comfortable rooms, an executive lounge, a restaurant, and amenities like a pool, gym, and spa. Quiet yet convenient.",,,"Discover London Marriott Hotel Regents Park, ideally situated amongst London's popular attractions, such as Camden Market, London Zoo, and the tranquil greenery of Regents Park and Primrose Hill. Each room and suite showcases a contemporary design that draws inspiration from the nearby parks, seamlessly integrating nature into the living spaces. With its abundance of family rooms and adaptable meeting rooms accommodating up to 350 attendees, the hotel caters to both families and business guests. Conveniently located outside the congestion zone, it offers easy access and over 60 parking spaces. Relax and recharge in our 15-meter indoor swimming pool, and enjoy our exclusive M Club, reserved for our premium room and suite guests and Marriott Bonvoy members. Enjoy an Italian dining experience at the hotel, where authentic ingredients and expert culinary skills craft a diverse menu designed to satisfy every palate, offering a truly genuine taste of Italy."
london,2,30,193097,"The Tower Hotel, By Thistle",https://dynamic-media-cdn.tripadvisor.com/media/photo-o/33/53/11/b4/vicinity-firepit.jpg,https://www.tripadvisor.co.uk/Hotel_Review-g186338-d193097-Reviews-The_Tower_Hotel-London_England.html,4,15144,"#542 of 1,209 hotels in London",648,3462,"St Katharine's Way, London E1W 1LD England",+44 20 7523 5063,51.506786,-0.073963,London,$159,$159,153,357,Hotel,,Restaurant|Bar/Lounge|Fitness centre|Free Wifi,,是,2026 Travelers' Choice,"Stylish hotel with spacious rooms and stunning views of Tower Bridge and the river. Prime location near The Shard, Borough Market, and St. Katherine's Dock, offering easy access to dining, bars, and iconic landmarks. Picturesque setting with charming public areas.",,,"The Tower Hotel, by Thistle is nestled between the River Thames, St Katharine Docks and alongside the World Heritage Site, the Tower of London, boasting unparalleled views of the iconic Tower Bridge. Our location and excellent choice of transport connections put you at the centre of this vibrant city, making it quick, convenient and most importantly, easy to experience the very best of what London has to offer."
london,6,150,193045,"The Waldorf Hilton, London",https://dynamic-media-cdn.tripadvisor.com/media/photo-o/1c/ef/6f/8d/the-newly-renovated-facade.jpg,https://www.tripadvisor.co.uk/Hotel_Review-g186338-d193045-Reviews-The_Waldorf_Hilton_London-London_England.html,4,7059,"#205 of 1,209 hotels in London",238,3462,"Aldwych, London WC2B 4DD England",+44 20 7836 2400,51.512554,-0.118972,London,,,343,729,Hotel,,Restaurant|Bar/Lounge|Fitness centre|Air conditioning,,是,2026 Travelers' Choice,"Elegant hotel in the heart of London’s theater district, steps from Covent Garden, dining, and attractions. Highlights include a historical charm, luxurious afternoon tea, superb dining at Homage, and a tranquil executive lounge with exceptional service. Perfect for theatergoers and tourists.",,,"The Waldorf Hilton London is iconic. Built in 1908, it's one of the longest standing venues on Aldwych, and often referred to as 'The grand dame of Aldwych.' The hotel blends Edwardian grandeur with modern comfort and is situated in the heart of London’s famous theatre district just moments from the Royal Opera House and Covent Garden. The British Museum and Trafalgar Square are just a mile away. The Waldorf is home to a Signature Bar (Good Godfrey’s), an exciting South African pop-up restaurant - The Pot Luck Club (re-opening in September 2026), The Wild Monkey bar and The T Room. The hotel also offers a unique Theatreland themed Afternoon Tea and is equipped with seven lavish meeting and events spaces including the historic Palm Court. With 298 bedrooms, including Executive rooms and Suites which provide access to our exclusive Executive Lounge. Keep fit in the spacious gym complete with Peloton bikes, treadmills, Converging Chest Press and more!"
london,75,2220,218403,Grand Royale Hyde Park,https://dynamic-media-cdn.tripadvisor.com/media/photo-o/31/a6/1b/d1/entrance.jpg,https://www.tripadvisor.co.uk/Hotel_Review-g186338-d218403-Reviews-Grand_Royale_Hyde_Park-London_England.html,4,6406,"#594 of 1,209 hotels in London",711,3462,"1-9 Inverness Terrace, London W2 3JP England",+44 20 7313 7900,51.511063,-0.186322,London,$159,$159,109,345,Hotel,,Restaurant|Bar/Lounge|Air conditioning|Family Friendly,Sponsored,否,,"Historic hotel with a grand facade and vintage charm. Conveniently located near Kensington Gardens, tube stations, shops, and restaurants. Features a unique bar in a former theatre and helpful staff.",,,"Discover timeless elegance at Grand Royale London Hyde Park Hotel, where luxury meets comfort in the heart of London. Immerse yourself in Victorian charm within our meticulously restored historic building. Indulge in opulent rooms and suites, adorned with plush furnishings and modern amenities. Conveniently located near major attractions, our hotel is an ideal haven for both leisure and business travellers. Experience impeccable service and a seamless blend of classic and contemporary design. Elevate your London stay at Grand Royale, where every moment is a regal experience."
london,77,2280,192118,"Radisson Blu Hotel, London South Kensington",https://dynamic-media-cdn.tripadvisor.com/media/photo-o/34/37/8e/d6/exterior.jpg,https://www.tripadvisor.co.uk/Hotel_Review-g186338-d192118-Reviews-Radisson_Blu_Hotel_London_South_Kensington-London_England.html,4,5678,"#493 of 1,209 hotels in London",591,3462,"68-86 Cromwell Rd, London SW7 5BT England",+44 20 7761 9000,51.495384,-0.181899,London,,,178,417,Hotel,,Restaurant|Bar/Lounge|Fitness centre|Air conditioning,,否,,"Elegant hotel in a historic building near Hyde Park, museums, and the Royal Albert Hall. Prime location with easy access to Gloucester Road Tube Station, restaurants, and landmarks. Features charming architecture, a restaurant, bar, and benefits from a rewards program.",,,"Welcome to Radisson Blu Hotel, London South Kensington, a historic and beautifully restored hotel in London's royal borough of Kensington. Renowned for its arts, culture and fashion scene, the neighbourhood features iconic landmarks including Natural History Museum, Victoria & Albert Museum, Royal Albert Hall, and the famous boutiques around Knightsbridge-all within walking distance. Set in a Grade II-listed 19th century building, the hotel comprises of ten restored townhouses blending classic and modern designs with reimagined frescoes and stained-glass windows. Enjoy a collection of European dishes at our Scoff & Banter restaurant, as well as a traditional afternoon tea. Private dining can also be arranged for up to 30 people in The Snug, whilst twelve meeting rooms can host events for up to 140 people."
london,23,660,193102,DoubleTree by Hilton London - West End,https://dynamic-media-cdn.tripadvisor.com/media/photo-o/33/0c/a4/ba/exterior.jpg,https://www.tripadvisor.co.uk/Hotel_Review-g186338-d193102-Reviews-DoubleTree_by_Hilton_London_West_End-London_England.html,4,5640,"#141 of 1,209 hotels in London",163,3462,"92 Southampton Row, London WC1B 4BH England",+44 20 7242 2828,51.520123,-0.122203,London,$206,$206,210,494,Hotel,,Restaurant|Bar/Lounge|Fitness centre|Air conditioning,Sponsored,否,,"Centrally located hotel near the British Museum, theaters, and Holborn Tube Station, offering easy access to attractions, shops, and restaurants. Highlights include cozy accommodations, a wide variety of breakfast options, helpful staff, and the welcoming touch of complimentary warm cookies.",,,"The DoubleTree by Hilton Hotel London - West End (WC1), is a four-star hotel in Bloomsbury near Russell Square. The hotel is a stone's throw from the British Museum and walking distance to top attractions such as Covent Garden, the West End and the shops on Oxford Street. The hotel features 275 fresh and modern guest rooms, recently refurbished to a superior four-star standard (including Standard, Superior, Premium rooms and Suites). Wireless high-speed Internet access is available at the hotel."
london,46,1350,199846,"Radisson Blu Hotel, London Bond Street",https://dynamic-media-cdn.tripadvisor.com/media/photo-o/16/dd/a5/63/photo3jpg.jpg,https://www.tripadvisor.co.uk/Hotel_Review-g186338-d199846-Reviews-Radisson_Blu_Hotel_London_Bond_Street-London_England.html,4,2849,"#646 of 1,209 hotels in London",788,3462,"350 Oxford St, London W1C 1BY England",+44 20 7629 7474,51.51475,-0.148467,London,$366,$366,327,607,Hotel,,Restaurant|Bar/Lounge|Air conditioning|Family Friendly,Sponsored,否,,"Centrally located hotel near Oxford Street and Bond Street station, ideal for shopping, dining, and sightseeing. Features a bar area with excellent service and comfortable beds for a relaxing stay.",,,"Welcome to Radisson Blu Hotel, London Bond Street, where Marylebone charm meets Mayfair style and Soho energy. Step outside to explore iconic London destinations such as Selfridges, Liberty, and Hamleys, wander through nearby Hyde Park, or admire the art and architecture of the Royal Academy of Arts, Spencer House, and Wellington Arch. With Bond Street station directly opposite, the Elizabeth Line offers effortless connections to Canary Wharf, Heathrow Airport, and beyond. Discover our newly refurbished bedrooms and suites, designed as calm, contemporary retreats in the heart of the West End. Each space features handcrafted Vispring beds, soft neutral palettes, and thoughtful details that bring together comfort, style, and a sense of ease. On the ground floor, Bond St. Lounge offers a relaxed space to unwind, serving a modern menu inspired by British flavours and crafted with seasonal, locally sourced ingredients."
london,156,4650,3572397,Travelodge London Bethnal Green,https://dynamic-media-cdn.tripadvisor.com/media/photo-o/2d/f8/48/91/exterior.jpg,https://www.tripadvisor.co.uk/Hotel_Review-g186338-d3572397-Reviews-Travelodge_London_Bethnal_Green-London_England.html,4,2797,"#291 of 1,209 hotels in London",346,3462,"231- 237 Cambridge Heath Road, London E2 0EL England",+44 871 984 6461,51.525436,-0.055681,London,,,81,278,Motel,,Restaurant|Bar/Lounge,,否,,"Well-located hotel near multiple tube stations, offering easy access to central London and attractions. Surrounded by restaurants and pubs, it’s a great base for exploring the city. Clean, well-maintained rooms with refurbished bathrooms and excellent value for money.",,,"Travelodge London Bethnal Green is an excellent choice for travellers visiting London, offering a budget friendly environment alongside many helpful amenities designed to enhance your stay.
For those interested in checking out popular landmarks while visiting London, Travelodge London Bethnal Green is located a short distance from Tower of London (1.5 mi) and Sky Garden (1.6 mi).
Rooms at Travelodge London Bethnal Green provide a flat screen TV, and getting online is easy, with wifi available.
In addition, Travelodge London Bethnal Green offers a lounge, which will help make your London trip additionally gratifying.
While visiting London, you may want to try some oyster at one of the nearby restaurants, such as Rules Restaurant, Paternoster Chop House, or Simpson's in The Strand.
If you’re looking for things to do, you can check out Brick Lane (0.8 mi), which is a popular attraction amongst tourists, and it is within walking distance.
Enjoy your stay in London!"
london,5,120,192095,Blakemore Hyde Park Hotel,https://dynamic-media-cdn.tripadvisor.com/media/photo-o/2c/09/b7/84/exterior.jpg,https://www.tripadvisor.co.uk/Hotel_Review-g186338-d192095-Reviews-Blakemore_Hyde_Park_Hotel-London_England.html,4,2494,"#405 of 1,209 hotels in London",475,3462,"30 Leinster Gardens, London W2 3AN England",+44 20 7262 4591,51.512936,-0.183704,London,,,159,375,Hotel,,Restaurant|Bar/Lounge|Fitness centre|Air conditioning,,是,2026 Travelers' Choice,"Elegant hotel near Hyde Park and Kensington Gardens, close to restaurants, shops, and multiple tube stations. Clean, comfortable rooms, friendly service, continental breakfast, and on-site dining.",,,"The hotel is situated in elegant Bayswater, with Hyde Park on its doorstep. The nearest underground tube stations are Queensway and Bayswater. Notting Hill is also a short walk away. This 4 star property has all the 5 star trimmings. The check-in process is made easy as you are welcomed in and then shown to our seated check-in desk where porters are on hand to assist with luggage. The Terrace Restaurant houses a sophisticated conservatory style dining area with floor to ceiling windows serving international cuisine and afternoon tea. There is also a creative bar and a beautiful outdoor terrace for you to enjoy some outdoor dining in the warmer months."
london,26,750,193057,Travelodge London Covent Garden,https://dynamic-media-cdn.tripadvisor.com/media/photo-o/30/53/c5/12/exterior.jpg,https://www.tripadvisor.co.uk/Hotel_Review-g186338-d193057-Reviews-Travelodge_London_Covent_Garden-London_England.html,3.9,16387,"#484 of 1,209 hotels in London",581,3462,"10 Drury Lane, London WC2B 5RE England",+44 871 984 6245,51.515694,-0.12417,London,,,89,251,Hotel,,Restaurant,,否,,"Centrally located hotel on Drury Lane, ideal for theatre lovers and sightseeing. Steps from top attractions, shops, and restaurants. Offers both standard and upgraded ""super rooms"" with extra amenities like Lavazza coffee machines. Great value, comfortable beds, and friendly service.",,,An amazing hotel with multilingual staff located in the heart of the theatre land in the west end of London.
london,23,660,1061544,Travelodge London Central Southwark,https://dynamic-media-cdn.tripadvisor.com/media/photo-o/30/80/67/93/exterior.jpg,https://www.tripadvisor.co.uk/Hotel_Review-g186338-d1061544-Reviews-Travelodge_London_Central_Southwark-London_England.html,3.9,5978,"#414 of 1,209 hotels in London",488,3462,"202 - 206 Union Street, London SE1 0LX England",+44 871 984 6352,51.503757,-0.102533,London,,,81,304,Hotel,,Restaurant|Bar/Lounge|Air conditioning,Breakfast included,否,,"Centrally located hotel near South Bank, within walking distance of Borough Market, the Shard, and Tate Modern. Surrounded by bars, restaurants, and shops. Clean, quiet, and great value for the area. Convenient access to public transport, including nearby Underground station.",,,"Everyone needs a place to lay their weary head. For travellers visiting London, Travelodge London Central Southwark is an excellent choice for rest and rejuvenation. Well-known for its budget friendly environment and proximity to great restaurants and attractions, Travelodge London Central Southwark makes it easy to enjoy the best of London.
The rooms offer a flat screen TV, air conditioning, and a desk, and getting online is possible, as wifi is available, allowing you to rest and refresh with ease.
Travelodge London Central Southwark features 24 hour front desk and 24 hour check-in. In addition, as a valued Travelodge London Central Southwark guest, you can enjoy breakfast that is available on-site.
For those interested in checking out popular landmarks while visiting London, Travelodge London Central Southwark is located a short distance from Buckingham Palace (1.7 mi) and Harrods (2.6 mi).
Travellers looking to enjoy some ribs can head to SUSHISAMBA Liverpool Street, The Ivy, or Sexy Fish. Otherwise, you may want to check out an Italian restaurant such as Coppa Club - Tower Bridge, Padella, or Locanda Locatelli.
Looking to explore? Then look no further than Tower of London (1.2 mi), Sky Garden (1.0 mi), and Coca-Cola London Eye (0.7 mi), which are some popular London attractions – all conveniently located within walking distance of the hotel.
Whether you’re travelling for business, pleasure or both, Travelodge London Central Southwark is sure to make your visit to London one worth remembering."
london,24,690,1229221,Travelodge London Central Tower Bridge,https://dynamic-media-cdn.tripadvisor.com/media/photo-o/07/fc/ad/be/travelodge-london-tower.jpg,https://www.tripadvisor.co.uk/Hotel_Review-g186338-d1229221-Reviews-Travelodge_London_Central_Tower_Bridge-London_England.html,3.9,5564,"#371 of 1,209 hotels in London",437,3462,"1 Goodmans Yard Lloyds Court Business Centre, London E1 8AT England",+44 871 984 6388,51.511074,-0.074057,London,,,89,874,Hotel,,Restaurant|Bar/Lounge,,否,,"Conveniently located near major attractions like Tower Bridge and the Tower of London, with excellent transport links. Clean, comfortable, and budget-friendly with added perks like an on-site bar and restaurant. A top choice for value, location, and memorable stays in central London.",,,"Travelodge London Central Tower Bridge is an excellent choice for travellers visiting London, offering a quiet environment alongside many helpful amenities designed to enhance your stay.
Rooms at Travelodge London Tower Bridge Hotel provide a flat screen TV, and guests can stay connected with paid internet access.
You can also enjoy breakfast while staying at Travelodge London.
While staying at Travelodge London, visitors can check out Coca-Cola London Eye (2.1 mi) and Covent Garden (2.1 mi), some of London's top attractions.
While in London, you may want to check out some of the restaurants that are a short walk away from Travelodge London, including Coppa Club - Tower Bridge (0.3 mi), Duck and Waffle (0.5 mi), and Aqua Shard (0.7 mi).
If you are interested in exploring London, check out one of the ancient ruins, such as London's Roman Amphitheatre, Billingsgate Roman Bath House, and London Wall.
Enjoy your stay in London!"
london,20,570,195200,Crowne Plaza London - Kings Cross by IHG,https://dynamic-media-cdn.tripadvisor.com/media/photo-o/31/dc/f2/22/an-upscale-london-hotel.jpg,https://www.tripadvisor.co.uk/Hotel_Review-g186338-d195200-Reviews-Crowne_Plaza_London_Kings_Cross_by_IHG-London_England.html,3.9,5522,"#318 of 1,209 hotels in London",375,3462,"1 Kings Cross Road, London WC1X 9HX England",+44 20 7833 3900,51.52639,-0.113548,London,$202,$202,193,419,Hotel,,Restaurant|Bar/Lounge|Fitness centre|Air conditioning,Sponsored,否,,"Well-located hotel near St Pancras and Kings Cross stations, close to the British Museum, theaters, and Exmouth Market. Spacious family rooms with two double beds, clean and comfortable. Features a popular restaurant, helpful staff, and easy access to Central London attractions.",,,"Experience an upscale London hotel designed to flow between local experiences and business. Located near St Pancras International Station, and Farringdon Station, Crowne Plaza® London - Kings Cross is a short walk to the Eurostar trains, Elizabeth Line at Farringdon Station with direct links to Gatwick and Luton Airports and a 13 min journey time to Excel Exhibition Centre, London Underground at Russell Square and King's Cross St. Pancras to Heathrow Airport (LHR). Walk out to discover our trendy King's Cross neighborhood with restaurants, shops, entertainment, and attractions such as the British Museum, and Covent Garden. Plan a meeting or gathering in our flexible events space. Catch up over cocktails and conversation at the Bloom Bar and Lounge. Get a great night's sleep in sophisticated guest rooms with contemporary décor. Connect, unplug, or explore your way."
london,16,450,734603,Travelodge London Central City Road,https://dynamic-media-cdn.tripadvisor.com/media/photo-o/2f/dc/27/37/exterior.jpg,https://www.tripadvisor.co.uk/Hotel_Review-g186338-d734603-Reviews-Travelodge_London_Central_City_Road-London_England.html,3.9,4511,"#451 of 1,209 hotels in London",533,3462,"1-23 City Road, London EC1Y 1AG England",+44 871 984 6333,51.522556,-0.086995,London,,,83,274,Hotel,,Restaurant,,否,,"Budget-friendly hotel with a central location, ideal for business travelers and city explorers. Offers clean, functional rooms and a ""Super Room"" option with spaciousness and great views. Friendly reception staff, early check-in option, and family-friendly amenities make it a solid choice.",,,"Finding an ideal family-friendly hotel in London does not have to be difficult. Welcome to Travelodge London Central City Road, a nice option for travellers like you.
Travelodge London Central City Road is a family-friendly hotel offering a flat screen TV and a desk in the rooms, and it is easy to stay connected during your stay as public wifi is offered to guests.
The hotel features 24 hour front desk and 24 hour check-in. Plus, guests can enjoy breakfast, which has made this a popular choice among travellers visiting London.
Close to some of London's most popular landmarks, such as The View from The Shard (1.3 mi) and Tower Bridge (1.3 mi), Travelodge London Central City Road is a great destination for tourists.
If you like Chinese restaurants, Travelodge London Central City Road is conveniently located near Novikov Restaurant & Bar, Hutong, and Hakkasan Hanway Place Restaurant.
Plus, during your trip, don’t forget to check out some of the popular castles, such as Buckingham Palace, Kensington Palace, and Severndroog Castle.
Travelodge London Central City Road puts the best of London at your fingertips, making your stay both relaxing and enjoyable."
london,30,870,192037,"Radisson Blu Hotel, London Tottenham Court Road",https://dynamic-media-cdn.tripadvisor.com/media/photo-o/32/d7/42/30/caption.jpg,https://www.tripadvisor.co.uk/Hotel_Review-g186338-d192037-Reviews-Radisson_Blu_Hotel_London_Tottenham_Court_Road-London_England.html,3.9,4366,"#622 of 1,209 hotels in London",754,3462,"97 Great Russell St, London WC1B 3LB England",+44 20 7637 3477,51.517773,-0.128039,London,,,195,514,Hotel,,Restaurant|Bar/Lounge|Fitness centre|Air conditioning,,否,,"Central London hotel near Leicester Square, Covent Garden, and the British Museum. Close to theaters, shopping, and public transport. Clean, modern rooms with twin bed options. Peaceful city retreat.",,,"Radisson Blu Hotel, London Tottenham Court Road features a stunning facade and a plant-lined entrance, welcoming guests to a quiet hideaway with central London on its doorstep. The hotel is located near some of the citys most visited landmarks, with The British Museum, Oxford Street, Covent Garden and the West End within walking distance. Bedrooms and suites are characterised by well-appointed furnishings and décor, combined with supremely comfortable Vispring mattresses and 350 thread count Egyptian cotton bedding, as well as complimentary high-speed Wi-Fi up to 150Mbps. London's world-famous dining scene is just outside, but guests can get a taste of contemporary Britain in the hotels restaurant Bloomsbury St. Lounge, where seasonal dishes are prepared using the freshest ingredients. The hotels eight meeting rooms can host up to 100 people - perfect for both small and large scale business meetings and events."
london,52,1530,4191654,Travelodge London Vauxhall Hotel,https://dynamic-media-cdn.tripadvisor.com/media/photo-o/33/83/a7/9f/exterior.jpg,https://www.tripadvisor.co.uk/Hotel_Review-g186338-d4191654-Reviews-Travelodge_London_Vauxhall_Hotel-London_England.html,3.9,3495,"#670 of 1,209 hotels in London",833,3462,"3 Bondway, London SW8 1SJ England",+44 871 559 1860,51.485542,-0.123797,London,,,85,294,Hotel,,Restaurant|Bar/Lounge|Air conditioning,,否,,"Conveniently located near the US Embassy and major attractions, this budget-friendly hotel offers easy access to the tube and bus stations. Features include comfortable beds, functional air conditioning, and upgraded ""super rooms"" with added amenities like coffee machines and ironing boards.",,,"Everyone needs a place to lay their weary head. For travellers visiting London, Travelodge London Vauxhall Hotel is an excellent choice for rest and rejuvenation. Well-known for its quiet environment and proximity to great restaurants and attractions, Travelodge London Vauxhall Hotel makes it easy to enjoy the best of London.
Travelodge London Vauxhall Hotel is a quiet hotel offering a flat screen TV and air conditioning in the rooms, and it is easy to stay connected during your stay as paid wifi is offered to guests.
Plus, guests can enjoy an on-site restaurant, which has made this a popular choice among travellers visiting London.
Close to some of London's most popular landmarks, such as Coca-Cola London Eye (1.2 mi) and Buckingham Palace (1.3 mi), Travelodge London Vauxhall Hotel is a great destination for tourists.
Travellers looking to enjoy some ribs can head to SUSHISAMBA Liverpool Street, The Ivy, or Sexy Fish. Otherwise, you may want to check out a seafood restaurant such as Sexy Fish, Burger & Lobster - Soho, or Hawksmoor Seven Dials.
If you’re looking for something to do, Churchill War Rooms (1.2 mi), Westminster Abbey (1.0 mi), and Big Ben (1.1 mi) are a nice way to spend some time, and they are all within walking distance of Travelodge London Vauxhall Hotel.
Whether you’re travelling for business, pleasure or both, Travelodge London Vauxhall Hotel is sure to make your visit to London one worth remembering."
london,179,5340,279521,Stamford Bridge Hotel London,https://dynamic-media-cdn.tripadvisor.com/media/photo-o/30/2a/b8/c8/family-room.jpg,https://www.tripadvisor.co.uk/Hotel_Review-g186338-d279521-Reviews-Stamford_Bridge_Hotel_London-London_England.html,3.9,3426,"#452 of 1,209 hotels in London",535,3462,"Fulham Road Stamford Bridge, London SW6 1HS England",+44 20 3479 3565,51.481014,-0.189145,London,,,134,351,Hotel,,Restaurant|Bar/Lounge|Air conditioning|Free Wifi,,否,,"Hotel near Fulham Broadway with easy access to transport, shops, and tourist sites. Ideal for football fans attending Chelsea matches. On-site restaurant with diverse menu and match day food offers.",,,"Situated at Chelsea Football Club, Stamford Bridge Hotel London offers a unique experience for football fans and beyond. Just a 5-minute walk from Fulham Broadway station, Central London attractions like the West End, Science Museum, and Oxford Street are within easy reach.

The hotel features 7 room categories, accommodating up to four guests. All rooms include high-speed Wi-Fi, private bathrooms, and 24/7 room service for a convenient stay.

Dine at the 55 Restaurant, serving British cuisine, or enjoy Frankie’s Sports Bar & Diner and the 55 Bar & Lounge with 16 screens for live football. These spaces are perfect for relaxing or catching a game.

Business travelers can access 2 fully equipped meeting rooms, with the 55 Restaurant available for private events. Additional amenities include public parking, accessible accommodations, and nearby shopping centers.

Book now to enjoy luxury, football excitement, and easy access to London’s top attractions."
london,26,750,189041,President Hotel,https://dynamic-media-cdn.tripadvisor.com/media/photo-o/2c/50/0c/ac/caption.jpg,https://www.tripadvisor.co.uk/Hotel_Review-g186338-d189041-Reviews-President_Hotel-London_England.html,3.8,6479,"#225 of 1,209 hotels in London",267,3462,"56-60 Guilford Street Russell Sq, London WC1N 1DB England",+44 20 7837 8844,51.522205,-0.124067,London,,,132,302,Hotel,,Restaurant|Bar/Lounge|Family Friendly|Free Wifi,,否,,"Centrally located near Russell Square and the British Museum, this modern hotel offers convenient access to the Piccadilly line, major train stations, shops, and restaurants. Features clean, comfortable rooms, friendly staff, and a stylish Atrium Bar with art deco decor—perfect for unwinding.",,,"President Hotel is an excellent choice for travellers visiting London, offering a quiet environment alongside many helpful amenities designed to enhance your stay.
You’ll enjoy relaxing rooms that offer a flat screen TV, and you can stay connected during your stay as President Hotel London offers guests free internet access.
The hotel features room service and a concierge. Plus, Hotel London President offers breakfast, providing a pleasant respite from your busy day.
For those interested in checking out popular landmarks while visiting London, President Hotel London is located a short distance from Coca-Cola London Eye (1.3 mi) and Big Ben (1.5 mi).
While in London, you may want to check out some of the restaurants that are a short walk away from President London, including Flat Iron Covent Garden (0.8 mi), Sketch Gallery (1.0 mi), and Flat Iron Beak Street (0.9 mi).
Should time allow, The British Museum, Covent Garden, and St. Paul's Cathedral are some popular attractions that are within walking distance.
Enjoy your stay in London!"
london,159,4740,193672,Novotel London West,https://dynamic-media-cdn.tripadvisor.com/media/photo-o/34/13/eb/13/exterior.jpg,https://www.tripadvisor.co.uk/Hotel_Review-g186338-d193672-Reviews-Novotel_London_West-London_England.html,3.8,5955,"#510 of 1,209 hotels in London",612,3462,"1 Shortlands, London W6 8DR England",+44 20 8741 1555,51.491966,-0.219974,London,,,133,394,Hotel,,Restaurant|Bar/Lounge|Fitness centre|Air conditioning,,否,,"Modern hotel near Hammersmith tube station and Eventim Apollo. Features spacious family rooms, excellent breakfast, and a stylish lobby. Surrounded by shops, restaurants, and convenient transport links.",,,"Relax and enjoy comfort and spaciousness in one of our 630 bedrooms. Choose from three superb dining options: our Mirrors bar combining creative dishes with traditional bar snacks and a host of exciting cocktails, the Aroma restaurant offering an array of cuisine buffet style or Artisan offering simple modern dishes in elegant surroundings. Just minutes from three of London's main tube line (Piccadilly, District and Hammersmith & City) and located in the heart of Hammersmith; Novotel London West is ideally located for trips to Westfield London, Harrods & Kensington High Street. Also conveniently located to Heathrow Airport with excellent road & rail links to the rest of the UK. This large & modern hotel offers extensive and flexible meeting & events facilities (up to 2,000) plus on-site parking (chargeable), fitness suite and complimentary Wi-Fi throughout."
london,67,1980,209371,Hilton London Paddington,https://dynamic-media-cdn.tripadvisor.com/media/photo-o/1b/0e/fd/fc/hilton-london-paddington.jpg,https://www.tripadvisor.co.uk/Hotel_Review-g186338-d209371-Reviews-Hilton_London_Paddington-London_England.html,3.8,5907,"#630 of 1,209 hotels in London",763,3462,"146 Praed St, London W2 1EE England",+44 20 7850 0500,51.515713,-0.175864,London,,,217,515,Hotel,,Restaurant|Bar/Lounge|Fitness centre|Air conditioning,,否,,"Elegant hotel with old-world charm and direct access to Paddington Station. Convenient for Heathrow Express and exploring London. Spacious rooms, executive lounge, dining, and shopping nearby.",,,"A landmark of the golden age of travel, Hilton London Paddington opened in 1854 as the Great Western Royal Hotel and was designed by renowned engineer Isambard Kingdom Brunel. Blending Victorian grandeur with contemporary comfort, the hotel is directly connected to Paddington Station by footbridge, with the Heathrow Express reaching Heathrow Airport in 15 minutes and easy access to five London Underground lines. The hotel offers 432 stylish guest rooms and suites, close to Hyde Park, Kensington Gardens, Oxford Street and the West End. Guests can enjoy all-day dining at Carriages Restaurant, cocktails and light bites at 146 Paddington Bar, a fitness centre, complimentary Wi-Fi for Hilton Honors members and 18 flexible meeting and event spaces. Its elegant ballrooms are licensed for weddings and civil ceremonies and can accommodate up to 350 guests."
london,58,1710,199849,DoubleTree by Hilton -  London Docklands Riverside,https://dynamic-media-cdn.tripadvisor.com/media/photo-o/08/39/fe/7c/doubletree-by-hilton.jpg,https://www.tripadvisor.co.uk/Hotel_Review-g186338-d199849-Reviews-DoubleTree_by_Hilton_London_Docklands_Riverside-London_England.html,3.8,3368,"#635 of 1,209 hotels in London",771,3462,"265A Rotherhithe Street, London SE16 5HW England",+44 20 7231 1001,51.50426,-0.034016,London,,,47,150,Hotel,,Restaurant|Bar/Lounge|Fitness centre|Air conditioning,,否,,"Riverside hotel with loft-like accommodations and stunning Thames views. Complimentary ferry to Canary Wharf offers unique convenience. Calm atmosphere, friendly staff, and easy access to parks and transit.",,,"Your memorable stay begins with a warm, chocolate chip cookie at check-in. DoubleTree by Hilton London - Docklands Riverside, located along the River Thames with stunning views of Canary Wharf - an ideal choice for travellers looking to make the most out of London from a waterside location. This former 17th-century wharf building boasts exposed brickwork and London's last dry dock for shipbuilding. The hotel's very own river ferry provides complimentary river access to the square mile of Canary Wharf as well as connecting you with Thames River Taxi Clippers that offer an unforgettable voyage on the Thames, straight into central London. Only 20 minutes away from London City Airport, the DoubleTree by Hilton London Docklands Riverside is the ideal place to stay when attending events at O2 Arena and the ExCel London conference venue or visiting museums and shopping. If we can't tempt you to take the river taxi, the nearby Underground station or Docklands Light Railway service offer alternative means of getting to the rest of the city. Secure parking for 120 cars is available at the hotel for just £14 per night."
london,58,1710,193086,London Marriott Hotel Marble Arch,https://dynamic-media-cdn.tripadvisor.com/media/photo-o/0e/d5/ee/e2/london-marriott-hotel.jpg,https://www.tripadvisor.co.uk/Hotel_Review-g186338-d193086-Reviews-London_Marriott_Hotel_Marble_Arch-London_England.html,3.8,2148,"#687 of 1,209 hotels in London",858,3462,"134 George Street, London W1H 5DN England",+44 20 7723 1277,51.516335,-0.163857,London,,,309,567,Hotel,,Restaurant|Bar/Lounge|Fitness centre|Air conditioning,,否,,"Centrally located hotel near Oxford Street, Hyde Park, and the tube. Classic feel with concierge lounge, excellent service, and abundant nearby dining options. Convenient for exploring London attractions.",,,"Explore London Marriott Hotel Marble Arch, ideally located near Oxford Street, Regent Street, and iconic attractions such as Madame Tussauds, Buckingham Palace, and Hyde Park. The upper floors boast breathtaking views of London’s skyline, while the Marylebone Suite on the 12th floor offers a refined setting for business meetings or intimate dinners. With seven versatile meeting spaces, accommodating up to 180 attendees, the hotel provides a perfect balance of productivity and comfort. Its prime location, with easy access via Paddington Station and the Heathrow Express, makes it an excellent choice for both leisure and business travelers. The Pickled Hen, a welcoming gastro-pub, serves a thoughtfully crafted menu of hearty British classics, creating a cosy atmosphere ideal for unwinding or enjoying major live sports events."
london,24,690,193611,Thistle Bloomsbury Park,https://dynamic-media-cdn.tripadvisor.com/media/photo-o/32/88/39/35/exterior-view.jpg,https://www.tripadvisor.co.uk/Hotel_Review-g186338-d193611-Reviews-Thistle_Bloomsbury_Park-London_England.html,3.8,2023,"#667 of 1,209 hotels in London",827,3462,"126 Southampton Row, London WC1B 5AD England",+44 20 7523 5051,51.52089,-0.122968,London,,,142,356,Hotel,,Restaurant|Free Wifi,,否,,"Centrally located hotel in the West End near tube stations, the British Museum, Covent Garden, and theaters. Modern rooms, friendly staff, and great value. Surrounded by shops, restaurants, and pubs.",,,"Thistle Bloomsbury Park is set right in the heart of the West End. A prime location in London, whether you want to do a spot of shopping on Oxford Street, visit cultural locations including St Paul’s Cathedral and the British Museum, or experience the vibrant atmosphere of Covent Garden and Soho. Plus, close proximity to great transport links with Euston and Holborn tube stations just a short walk away. This hotel near Bloomsbury and Russell Square boasts 95 en-suite rooms, with Standard, Family, and Junior Suites. In each room, guests will find a flat-screen TV, tea/coffee facilities, and a private bathroom with a hairdryer and complimentary toiletries. Our breakfast is filled with modern spins on that classic British cuisine we all love. Kick-start your day with some seriously tasty treats. Or visit our self-service counter in the reception area for a selection of beverages and snacks. Simply pick your favourites and pay at the reception—quick and easy!"
london,1,0,535159,Holiday Inn Express London - Greenwich By IHG,https://dynamic-media-cdn.tripadvisor.com/media/photo-o/33/bf/f7/e4/welcome-to-your-hotel.jpg,https://www.tripadvisor.co.uk/Hotel_Review-g186338-d535159-Reviews-Holiday_Inn_Express_London_Greenwich_By_IHG-London_England.html,3.8,1854,"#621 of 1,209 hotels in London",753,3462,"Bugsby Way Greenwich, London SE10 0GD England",+44 371 902 1620,51.492344,0.010005,London,$237,$237,122,371,Hotel,,Bar/Lounge|Pets Allowed|Family Friendly|Free Wifi,Sponsored|Breakfast included,是,Travelers' Choice,"Conveniently located near the O2 arena and North Greenwich tube station, this hotel offers easy access to public transport, nearby shops, and restaurants. Features included breakfast and comfortable rooms.",,,"Holiday Inn Express® London - Greenwich hotel is five miles from London City Airport (LCY), and London Euston station is a 35-minute tube ride away. Parking is available for 35 GBP per night. Ready to explore London? Hop on a bus to the Royal Observatory Greenwich, National Maritime Museum and the Cutty Sark Ship Museum. Take a cruise on a Thames Clipper river bus from North Greenwich Pier or enjoy aerial views of London with IFS Cloud Cable Car. While exploring the area, you can also take a stroll through Greenwich Park or head further into the city to visit iconic attractions such as the Tower of London, The London Dungeons, Houses of Parliament, Big Ben and Buckingham Palace. Sports and outdoor lovers can venture to Queen Elizabeth Olympic Park, and for a fun-filled day of star spotting, Madame Tussauds London is also within easy reach. Sing your heart out at gigs at the nearby O2 Arena and check out the latest exhibits at the National History Museum."
london,57,1680,253921,B+B Belgravia Studios at 82,https://dynamic-media-cdn.tripadvisor.com/media/photo-o/0d/6d/88/fa/b-b-belgravia.jpg,https://www.tripadvisor.co.uk/Hotel_Review-g186338-d253921-Reviews-B_B_Belgravia_Studios_at_82-London_England.html,3.8,1204,#61 of 737 B&Bs / Inns in London,777,3462,"64-66 Ebury Street, London SW1W 9QD England",+44 20 7259 8570,51.494396,-0.149134,London,,,150,301,Bed and Breakfast,,Free Wifi,Breakfast included,否,,"Charming B&B near Victoria Station with a quiet, central location. Close to shops, restaurants, and attractions. Spacious family rooms, friendly staff, and good breakfast. Excellent value for travelers.",,,"This award-winning B+B offers 17 en-suite rooms and apartments close to Victoria, in Belgravia. The original grade II listed building has been sympathetically maintained and the interior design offers modern, contemporary and stylish accommodation. Extras include a guest lounge with free use of the laptop, free Wi-Fi access, complimentary teas & coffees 24/7, daily newspapers and bike hire. Design, service, quality and comfort are all part of the philosophy. To quote a regular Scandinavian guest: ""Sophisticated simplicity!"""
london,75,2220,195207,La Suite West - Hyde Park,https://dynamic-media-cdn.tripadvisor.com/media/photo-o/26/e3/5f/67/la-suite-west-hyde-park.jpg,https://www.tripadvisor.co.uk/Hotel_Review-g186338-d195207-Reviews-La_Suite_West_Hyde_Park-London_England.html,3.8,1148,"#619 of 1,209 hotels in London",748,3462,"41-51 Inverness Terrace, London W2 3JN England",+44 20 7313 8484,51.512432,-0.186766,London,$206,$206,159,372,Hotel,,Restaurant|Air conditioning|Free Wifi,Sponsored,否,,"Cozy, stylish hotel near Hyde Park and Kensington Gardens. Convenient location with easy access to subway stations, restaurants, and supermarkets. Features comfortable rooms with marble bathrooms.",,,"Discover the simplicity and tranquillity of La Suite West Hotel. Here you'll find some of the most soothing and welcoming accommodation in the city. Perfectly positioned on a quiet tree lined street on the edge of London's magnificent Hyde Park and close to the West End and Paddington, this boutique hotel is a minimalist creation by famed British designer Anouska Hempel. Minimalist decor and the latest technology combine to create a vibe that's enticingly modern yet decidedly Zen. Grab an energizing workout at the well-equipped fitness centre and unwind in our tranquil private terrace. Outside crisp lines and sculptural forms that characterise the hotel are echoed in meticulously pruned plants, trees and hedges."
london,72,2130,195206,Lancaster Gate Hotel,https://dynamic-media-cdn.tripadvisor.com/media/photo-o/32/7e/7c/3f/entrance-new.jpg,https://www.tripadvisor.co.uk/Hotel_Review-g186338-d195206-Reviews-Lancaster_Gate_Hotel-London_England.html,3.7,2970,"#688 of 1,209 hotels in London",860,3462,"66 Lancaster Gate, London W2 3NA England",+44 20 7262 5090,51.5114,-0.1821,London,$175,$175,142,280,Hotel,,Restaurant|Bar/Lounge|Air conditioning|Pets Allowed,Sponsored,否,,"Convenient hotel near Queensway, Hyde Park, and multiple tube stations. Close to restaurants and attractions like Oxford Street. Offers clean, comfortable rooms, friendly staff, and good value for money.",,,"Welcome to the Lancaster Gate Hotel in London! Our well-established hotel not only impresses from the outside with its stucco-decorated façade, typical of London's time-honoured townhouses. Thanks to its central location right next to Hyde Park and Kensington Gardens, the whole of the English capital is wide open to you from here. Business travellers and visitors to London on a private city break alike are in perfect hands here - because Lancaster Gate and Queensway underground stations and Paddington station are within walking distance, as are the Royal Albert Hall and the shopping paradise of Oxford Street. The takeover by the Motel One Group marks the start of an exciting phase for our hotel in London. From autumn 2024 onwards, we plan to carefully renovate the hotel with a new design concept, combining tradition with modernity. Of course, our rooms and services - whether at the bar, at breakfast or for meetings - will remain to be available to you without restrictions."
london,33,960,199106,The Memoir Club,https://dynamic-media-cdn.tripadvisor.com/media/photo-o/2f/dd/e5/99/caption.jpg,https://www.tripadvisor.co.uk/Hotel_Review-g186338-d199106-Reviews-The_Memoir_Club-London_England.html,3.7,2766,"#568 of 1,209 hotels in London",681,3462,"12 Upper Woburn Place, London WC1H 0HX England",+44 20 7693 5400,51.526627,-0.129753,London,,,158,394,Hotel,,Restaurant|Bar/Lounge|Air conditioning|Free Wifi,Breakfast included,否,,"Centrally located hotel near major train stations, museums, and attractions. Offers convenient access to Camden and dining options. Notable amenities include in-room coffee machines and a popular breakfast spot.",,,"This 4-star independent boutique hotel is located in Bloomsbury just a 5-minute walk from Euston Station and 10-minute walk from Kings Cross St Pancras. 

Each of The Memoir Club’s guestrooms has all the modern comforts expected by solo travellers and couples alike, such as Apple TV, Nespresso coffee machines, free hi-speed Wi-Fi, eco-friendly amenities, and plenty of charging points. And to help guests stay on track with fitness goals, there is a gym.

Adeline – designed to make you feel at home, and just a little bit glamorous –  serves Eastern Mediterranean dishes inspired by Adeline Virginia Woolf’s travels. A must sip cocktail is the Keynes Twister – it pays homage to Memoir Club member John Maynard Keynes, who once said his only regret in life was that he did not drink more Champagne.

The Memoir Club offers leading technology and inspiring design teamed with bespoke food and beverage options when it comes to hosting corporate and social events for up to 300 guests."
london,81,2400,193138,Copthorne Tara Hotel London Kensington,https://dynamic-media-cdn.tripadvisor.com/media/photo-o/30/0f/28/2c/lobby.jpg,https://www.tripadvisor.co.uk/Hotel_Review-g186338-d193138-Reviews-Copthorne_Tara_Hotel_London_Kensington-London_England.html,3.6,10405,"#472 of 1,209 hotels in London",560,3462,"Scarsdale Place Kensington Kensington, London W8 5SY England",+44 20 7937 7211,51.498615,-0.190834,London,,,109,280,Hotel,,Restaurant|Bar/Lounge|Fitness centre|Air conditioning,,否,,"Large hotel in Kensington with spacious rooms and fantastic location near museums, Kensington Palace, and Royal Albert Hall. Convenient access to shops, restaurants, and public transport. Club rooms offer perks like lounge breakfast and late checkout. Good value for central London stays.",,,"Welcome to Copthorne Tara Hotel London Kensington, Closest hotel to Kensington High Street Shopping district. As the closest hotel to Kensington High Street, Copthorne Tara Hotel London Kensington is perfectly situated to explore the best of Kensington. Home to 833 bedrooms, including 7 Suites and 5 Family Suites, our 4-star hotel in London offers a seamless blend of personalised service with unrivalled comfort for individual travellers, couples and families. Discover the only Tea Lounge in Kensington offering traditional English afternoon tea and experience an infusion of Singaporean and Malaysian dishes when dining at Millennium's signature restaurant, Bugis Kitchen. The hotel also features a self-service 24/7 shop in the hotel lobby offering a variety of food and non-food items and travel essentials. Our warm and comfortable hotel is just 3 minutes walking from High Street Kensington, located nearby the iconic Royal Albert Hall and the beautiful Kensington Palace Gardens."
london,169,5040,195279,Hyde & Seek,https://dynamic-media-cdn.tripadvisor.com/media/photo-o/32/c5/47/11/townhouse-suite.jpg,https://www.tripadvisor.co.uk/Hotel_Review-g186338-d195279-Reviews-Hyde_Seek-London_England.html,3.6,6232,"#607 of 1,209 hotels in London",731,3462,"1 Lancaster Gate, London W2 3LG England",+44 20 7262 5022,51.51172,-0.177519,London,,,389,577,Hotel,,Restaurant|Bar/Lounge|Free Wifi,,否,,"Centrally located hotel near Hyde Park, Lancaster Gate, and Paddington station. Excellent access to public transport, shops, and restaurants. Highlights include delightful afternoon tea in a glass atrium with park views. Smooth check-in and helpful staff ensure a pleasant stay.",,,"Temporary Closed Corus Hyde Park is a 386 bedroom hotel without air conditioning for business and leisure guests and is in a spacious location overlooking Hyde Park. Corus Hyde Park is 50 metres from Lancaster Gate tube on the Central Line, only 8 minutes walk to Paddington Station and the Heathrow Express, and 15 minutes walk to Oxford Street, Kensington, Notting Hill, Albert Hall and close to all major attractions including the Westfield shopping centre and the Paddington Basin. The hotel features 4 meeting rooms for up to 90 guests, free powerful WiFi in all areas, and a large none air conditioned lounge with an all-day menu. The hotel offers seasonal and quality British dishes as well as afternoon tea."
london,93,2760,195185,Hilton London Kensington,https://dynamic-media-cdn.tripadvisor.com/media/photo-o/33/f5/08/fc/exterior.jpg,https://www.tripadvisor.co.uk/Hotel_Review-g186338-d195185-Reviews-Hilton_London_Kensington-London_England.html,3.6,6057,"#736 of 1,209 hotels in London",979,3462,"179 - 199 Holland Park Avenue, London W11 4UL England",+44 20 7603 3355,51.504948,-0.214182,London,,,125,356,Hotel,,Restaurant|Bar/Lounge|Fitness centre|Air conditioning,,否,,"Convenient West London location near Westfield, Shepherd’s Bush station, Holland Park, and Notting Hill. Close to shopping, dining, and transportation. Features a bar, restaurant, and outdoor deck.",,,"Expect a warm welcome at Hilton London Kensington. Located in the leafy district of Holland Park, just 30 minutes from Heathrow Airport, the hotel offers excellent transport links to Central London, with three Underground lines nearby. Whether you're visiting London for a family getaway, weekend break or business trip, you'll find stylish accommodation to suit your needs. Choose from contemporary guest rooms, spacious deluxe rooms and suites, or family-friendly interconnecting rooms, ideal for travelling together with extra space and convenience. Start the day with a hearty buffet breakfast at West Eleven Restaurant, featuring fresh, seasonal dishes. Later, unwind with drinks and light bites in the Avenue Bar & Lounge or enjoy a freshly brewed coffee before heading out to explore the city. Ideally located near Holland Park, Kensington Gardens, Westfield London and many of the capital's iconic attractions, Hilton London Kensington is the perfect base for making the most of your stay."
london,29,840,263679,Crestfield Hotel,https://dynamic-media-cdn.tripadvisor.com/media/photo-s/02/82/88/e5/filename-dsc06272-jpg.jpg,https://www.tripadvisor.co.uk/Hotel_Review-g186338-d263679-Reviews-Crestfield_Hotel-London_England.html,3.5,1217,"#702 of 1,209 hotels in London",899,3462,"2 - 4 Crestfield St, London WC1H 8AT England",+44 20 7837 0500,51.52979,-0.122447,London,,,113,233,Hotel,,Free Wifi,Breakfast included,否,,"Victorian-style hotel near Kings Cross/St Pancras station. Features clean, functional rooms with modern amenities. Convenient location for public transport. Some rooms have narrow staircases.",,,"Finding an ideal budget friendly hotel in London does not have to be difficult. Welcome to Crestfield Hotel, a nice option for travellers like you.
While staying at Crestfield Hotel London, visitors can check out Coca-Cola London Eye (1.8 mi) and Churchill War Rooms (1.9 mi), some of London's top attractions.
Crestfield Hotel is a budget friendly hotel offering a flat screen TV and a desk in the rooms, and it is easy to stay connected during your stay as free wifi is offered to guests.
The hotel features 24 hour front desk, a concierge, and 24 hour check-in. Plus, guests can enjoy free breakfast, which has made this a popular choice among travellers visiting London.
During your visit, be sure to check out one of London's popular crab restaurants such as Coppa Club - Tower Bridge, Duck and Waffle, and Aqua Shard, all a short distance from Crestfield Hotel London.
Looking to explore? Then look no further than The British Museum (0.7 mi) and Covent Garden (1.2 mi), which are some popular London attractions – all conveniently located within walking distance of the hotel.
Crestfield Hotel looks forward to welcoming you on your visit to London."
london,54,1590,189336,Holiday Inn Express London - Victoria by IHG,https://dynamic-media-cdn.tripadvisor.com/media/photo-o/30/18/a9/50/kensington-palace.jpg,https://www.tripadvisor.co.uk/Hotel_Review-g186338-d189336-Reviews-Holiday_Inn_Express_London_Victoria_by_IHG-London_England.html,3.5,933,"#697 of 1,209 hotels in London",886,3462,"106-110 Belgrave Road, London SW1V 2BJ England",+44 20 7630 8888,51.489708,-0.137236,London,$223,$223,168,378,Hotel,,Bar/Lounge|Pets Allowed|Family Friendly|Free Wifi,Sponsored|Breakfast included,否,,"Conveniently located near Pimlico and Victoria stations, this budget-friendly hotel offers clean rooms, a variety of breakfast options, a lift, helpful staff, and easy access to London attractions.",,,"A central London hotel with 52 modern rooms and easy access to Victoria Station and the West End Holiday Inn Express® London Victoria hotel, housed in a historic building, is a 10-minute walk from Victoria Station, which has express trains to Gatwick Airport (LGW). Pimlico Tube station, with fast links to the city's main shopping districts and the West End, is only three minutes away. Free on-street parking is available 6:30pm-8:30am on weekdays and all weekend. A car park is within walking distance of the hotel. The Apollo Victoria and Victoria Palace theatres are a 10-minute walk from the hotel. You are only a couple of Tube stops from the shopping hubs of Bond Street and Oxford Street. Some of London's major sights, including Buckingham Palace and the Houses of Parliament, are less than half an hour away on foot. The nearby Queen Mother Sports Centre has a gym and an indoor pool. The QEII Centre, one of London's largest exhibition spaces, is a 30-minute walk from the hotel."
london,69,2040,504754,Elysee Hyde Park,https://dynamic-media-cdn.tripadvisor.com/media/photo-o/1b/8f/7e/54/exterior.jpg,https://www.tripadvisor.co.uk/Hotel_Review-g186338-d504754-Reviews-Elysee_Hyde_Park-London_England.html,3.5,844,"#720 of 1,209 hotels in London",931,3462,"25-26 Craven Terrace, London W2 3EL England",+44 20 7402 7633,51.51247,-0.178261,London,$158,$158,104,267,Hotel,,Bar/Lounge|Air conditioning|Free Wifi,Sponsored,否,,"Located near Hyde Park and Paddington station, this hotel offers clean, comfortable rooms with helpful staff. Close to tube stations, shops, cafes, and attractions. Convenient for short stays.",,,"Whether you’re booking for a business trip or a pleasure jaunt, you’ll find Elysee Hyde Park the perfect choice. Elysee Hyde Park is a boutique style budget hotel located five minutes’ walk from Lancaster Gate underground station. Hyde Park is approximately 100 meters from the hotel and many bedrooms have view of the park. The immediate catchment area of Elysee Hyde Park has a tranquil village aura and feel of being withdrawn from a large busy city. A world famous traditional English Pub, The Mitre, opposite which has been filmed in numerous movies including one with Woody Allen, Les Filles Café next door. Also, within the catchment are a laundrette, cafés, popular Italian restaurant, newsagent, antique store and a traditional bespoke tailor. Paddington/Queensway and Bayswater stations are some ten minutes’ walk away. Portobello Road and Market is walking distance . Most London attractions like Buckingham Palace, Oxford Street, Notting Hill are just 15 minutes away by public transport. The hotel aims to give a home away from home experience to guests, all rooms have en-suite bathrooms, tea coffee facilities, in room safe, air conditioning, hairdryer, and 24 hour reception. Plus, free WIFI and flat screen TV’s. The dining area provides a traditional full English breakfast at a value for money optional extra. Elysee Hydepark is well set for visitors to London wanting to enjoy the City’s shopping, parks, sightseeing and world class restaurants."
london,37,1080,20030227,Zedwell Piccadilly Circus,https://dynamic-media-cdn.tripadvisor.com/media/photo-o/2f/e9/4a/24/caption.jpg,https://www.tripadvisor.co.uk/Hotel_Review-g186338-d20030227-Reviews-Zedwell_Piccadilly_Circus-London_England.html,3.4,2660,"#902 of 1,209 hotels in London",1575,3462,"Great Windmill Street, London W1D 7DH England",+44 20 7096 5414,51.510464,-0.133519,London,,,119,271,Hotel,,Air conditioning|Free Wifi,,否,,"Modern hotel with a prime central location near top attractions, restaurants, and transport links. Features user-friendly self check-in, clean minimalist rooms with soft, comfy beds, and great value for money. Ideal for short stays with easy access to tourist destinations.",,,"Zedwell is a new hotel lifestyle concept designed to promote sleep, positive health & wellbeing. Zedwell is your private sanctuary amongst the chaos of the city, transporting you into a calm & balanced state of mind. Always affordable & always great urban locations. Removing anxiety & distractions so you sleep easy. The hotel you check-in to tune out. Zedwell is proud to donate 2% of sales to charities that support education for underprivileged and disadvantaged communities across Britain."
london,66,1950,193604,Shakespeare Hotel,https://dynamic-media-cdn.tripadvisor.com/media/photo-o/08/6b/0c/95/shakespeare-hotel.jpg,https://www.tripadvisor.co.uk/Hotel_Review-g186338-d193604-Reviews-Shakespeare_Hotel-London_England.html,3.4,1649,"#604 of 1,209 hotels in London",727,3462,"22-28 Norfolk Square, London W2 1RS England",+44 (0) 020 7402 4646,51.516083,-0.173592,London,,,88,216,Hotel,,,Breakfast included,否,,"Conveniently located near Paddington Station, Hyde Park, and restaurants. Clean rooms with mini fridges, comfortable beds, and good showers. Ideal for short stays, solo travelers, or families exploring London.",,,"The perfect place to stay during your visit in London. Very nice neighborhood, a personal favourite, with nice cafes and restaurants. A very nice walk to Hyde Park is recommended or to Oxford Street for those shopping lovers, both are walking distance away. Rooms have been upgraded and there is always someone to help. The price is very low, for what you get, so be sure to check us out."
london,72,2130,577548,Smart Hyde Park View,https://dynamic-media-cdn.tripadvisor.com/media/photo-o/07/fa/69/4f/smart-hyde-park-view.jpg,https://www.tripadvisor.co.uk/Hotel_Review-g186338-d577548-Reviews-Smart_Hyde_Park_View-London_England.html,3.4,1523,"#69 of 1,516 Speciality lodging in London",715,3462,"16 Leinster Terrace, London W2 3EU England",+44 20 7262 8684,51.51184,-0.182929,London,,,43,240,Hostel,,Bar/Lounge|Free Wifi,,否,,"Centrally located hostel near Hyde Park and Paddington Station with easy access to shops, restaurants, and public transport. Offers clean rooms, private bathrooms, a chill-out room, and a kitchen.",,,"Just 110 yrd from Hyde Park, this hostel is a 5-minute walk from Queensway Underground Station. It offers spacious rooms with an en suite bathroom and free WiFi access throughout. The dormitories at Smart Hyde Park View all have lockers and a hairdryer for guests to use. Private rooms are also available, with a TV and telephone in each. Free Wi-Fi is available in the common areas. There is a lounge bar for guests to enjoy, with drinks, snacks and a flat-screen TV. Continental breakfasts are served daily. There is a 24-hour front desk and free luggage storage for early check-ins. The property is set in a classic listed building on a residential street in the heart of London's bohemian Bayswater, one of London's most beautiful districts. Smart Hyde Park View is 875 yrd from Kensington Gardens, and Marble Arch and Oxford Street are within 20 minutes' walk. The Royal Albert Hall can also be reached in 20 minutes' walk, and Westminster and the Big Ben are a 10-minute Tube ride away. Our dormitories are open to guests between 16 and 45 years old. If you do not fit this age range, please book a private room. For further questions, please contact our hostel"
london,91,2700,193131,Hilton London Olympia,https://dynamic-media-cdn.tripadvisor.com/media/photo-o/33/0c/a5/0f/reception.jpg,https://www.tripadvisor.co.uk/Hotel_Review-g186338-d193131-Reviews-Hilton_London_Olympia-London_England.html,3.3,3946,"#800 of 1,209 hotels in London",1134,3462,"380 Kensington High Street, London W14 8NL England",+44 20 7603 3333,51.496586,-0.206557,London,,,124,357,Hotel,,Restaurant|Bar/Lounge|Fitness centre|Air conditioning,,否,,"Conveniently located near Earls Court and Holland Park with easy access to public transportation, shops, and dining. Features modern communal areas, guest discounts at Costa Coffee, and reasonable rates.",,,"Hilton London Olympia is steps from the shops of Kensington High Street, passing the gardens of Holland Park along the way. We're a three-minute walk from events at the Olympia London and city exploring via Kensington (Olympia) Station. Grab Costa Coffee in the lobby before visiting Royal Albert Hall, Hyde Park, Westfield London Shopping Centre and city center sights. Try our quintessentially British menu in our fabulous interior designed Society Restaurant or relax and enjoy our delicious cocktails and nibbles in Society Bar. We offer 12 meetings and events spaces, including a private dining area and an executive boardroom with private kitchen. Many of our spaces benefit from natural daylight. Our dedicated planners can advise on refreshments, seating plans and A/V. We are also only 14 miles away from Heathrow Airport."
london,34,990,192048,Hilton London Euston,https://dynamic-media-cdn.tripadvisor.com/media/photo-o/11/c9/ac/8e/hilton-london-euston.jpg,https://www.tripadvisor.co.uk/Hotel_Review-g186338-d192048-Reviews-Hilton_London_Euston-London_England.html,3.3,3012,"#818 of 1,209 hotels in London",1188,3462,"17-18 Upper Woburn Place, London WC1H 0HT England",+44 20 7943 4500,51.52651,-0.130124,London,,,205,492,Hotel,,Restaurant|Bar/Lounge|Fitness centre,Breakfast included,否,,"Convenient hotel near Euston station and Eurostar, ideal for exploring central London. Spacious rooms, modern bathrooms, and efficient air conditioning. Close to the British Museum, West End, and dining options.",,,"Perfectly situated in the heart of Bloomsbury and easily accessible by public transport, Hilton London Euston combines historic character with contemporary comfort - an ideal base for both business and leisure travellers. Housed within four traditional Victorian townhouses, the hotel features flexible meeting spaces, an inviting bar and tea lounge, and a distinctive glass conservatory - an elegant setting for private dinners and events."
london,88,2610,501751,Garden View Hotel,https://dynamic-media-cdn.tripadvisor.com/media/photo-o/0f/c2/62/69/photo0jpg.jpg,https://www.tripadvisor.co.uk/Hotel_Review-g186338-d501751-Reviews-Garden_View_Hotel-London_England.html,3.3,1260,"#807 of 1,209 hotels in London",1152,3462,"29-31 Nevern Square, London SW5 9PE England",+44 20 7835 1900,51.491573,-0.197061,London,,,73,201,Hotel,,Free Wifi,,否,,"Budget-friendly hotel near Earl’s Court station with easy access to public transportation, Heathrow, and dining options. Features quiet surroundings, a gym, family rooms, and nearby shops, including Tesco.",,,"Garden View Hotel is an excellent choice for travelers visiting London, offering a quiet environment alongside many helpful amenities designed to enhance your stay. Guest rooms offer a flat screen TV, and Garden View Hotel London makes getting online easy as free wifi is available. You can also take advantage of some of the amenities offered by the hotel, including a 24 hour front desk and baggage storage. In addition, guests can enjoy breakfast buffet during their visit. Close to some of London's most popular landmarks, such as Royal Albert Hall (1.1 mi) and Harrods (1.6 mi), Garden View Hotel is a great destination for tourists. Travelers looking to enjoy some ribs can head to Sexy Fish, Hard Rock Cafe London, or Hakkasan Mayfair. Otherwise, you may want to check out a steakhouse such as Flat Iron Beak Street, Macellaio RC South Kensington, or Blacklock Soho. London is also known for some great history museums, including The British Museum, Natural History Museum, and Churchill War Rooms, which are not too far from Garden View Hotel. Enjoy your stay in London!"
london,81,2400,1526183,Maitrise Hotel Maida Vale - London,https://dynamic-media-cdn.tripadvisor.com/media/photo-o/15/04/dd/20/maitrise-hotel-maida.jpg,https://www.tripadvisor.co.uk/Hotel_Review-g186338-d1526183-Reviews-Maitrise_Hotel_Maida_Vale_London-London_England.html,3.2,1611,"#887 of 1,209 hotels in London",1466,3462,"53-59 Kilburn High Road, London NW6 5SB England",+44 20 7625 8532,51.536625,-0.191972,London,,,95,223,Hotel,,Restaurant|Air conditioning|Free Wifi,,否,,"Conveniently located hotel near shops, restaurants, and public transportation, including tube and train stations. Features a unique Chaiwala concept. Ideal base for exploring central London.",,,"Maitrise Hotel Maida Vale London offers 3-star modern bedrooms with free WiFi. Set in fashionable Maida Vale, it is just a 3-minute walk from Kilburn Park Station, which offers direct services to Paddington station (perfect for Heathrow), Oxford Circus and Piccadilly Circus. Positioned next to the bus stop, which takes you to Marble Arch, Hyde Park and Oxford Street in less than 18 minutes. Set in a Victorian town house, the bedrooms at Maitrise Hotel Maida Vale have a flat-screen TV and tea/coffee making facilities. All rooms have a chic bathroom with a designer power shower. Chaiiwala Cafe offers Indian street food and some of the best Chai tea in London. Anytime Fitness next door is also part of the hotel and guests can enjoy access for a heavily subsidised price. Just a 5-minute tube ride from Paddington, Maitrise Hotel Maida Vale is just 1.5 miles from Regent’s Park. The famous Abbey Road Studios are a 15-minute walk away and Wembley Stadium can be reached in 15 minutes by Tube."
london,55,1620,258942,Comfort Inn London Victoria,https://dynamic-media-cdn.tripadvisor.com/media/photo-o/07/ec/1f/a8/comfort-inn-london-victoria.jpg,https://www.tripadvisor.co.uk/Hotel_Review-g186338-d258942-Reviews-Comfort_Inn_London_Victoria-London_England.html,3.2,1347,"#842 of 1,209 hotels in London",1253,3462,"18/24 Belgrave Road, London SW1V 1QF England",+44 20 7233 6636,51.493122,-0.144291,London,,,147,330,Hotel,,Air conditioning|Free Wifi,Breakfast included,否,,"Centrally located near Victoria Station in elegant Belgravia. Offers convenient access to transportation, shops, restaurants, and attractions. Rooms vary; continental breakfast and take-away coffee available.",,,"Nestled in the heart of London, Comfort Inn Victoria is near the Victoria coach, train, and bus stations and a short stroll from many of London's key historic and cultural sites. Committed to eco-friendly practices, the hotel actively monitors its carbon footprint, offers recycling facilities, and has implemented water-efficient fixtures. Whether you are visiting London for business or leisure, we are dedicated to fulfilling all your travel needs with our 24-hour reception service."
london,87,2580,195218,Kensington Court Hotel,https://dynamic-media-cdn.tripadvisor.com/media/photo-o/2c/2c/0c/72/mh-kensingtoncourthotel.jpg,https://www.tripadvisor.co.uk/Hotel_Review-g186338-d195218-Reviews-Kensington_Court_Hotel-London_England.html,3.2,550,"#853 of 1,209 hotels in London",1297,3462,"33-35 Nevern Place Earls Court, London SW5 9NP England",+44 20 7370 5151,51.49262,-0.196219,London,,,149,291,Hotel,,,,否,,"Conveniently located near Earl's Court tube station, this hotel offers spacious rooms with AC, fridges, and coffee makers. Amenities include breakfast and helpful staff. Easy access to museums and attractions.",,,"Between smart Kensington and chic Earls Court, The Kensington Court Hotel offers a retreat from the exhilarating atmosphere of this popular area. It is located within close proximity to Olympia London (exhibition centre). Jump on the Piccadilly Line and you will find yourself at Covent Garden with its fascinating history, magical Soho, Piccadilly Circus and the world-renowned theatres of West End."
london,155,4620,33073197,Zedwell Capsules Piccadilly,https://dynamic-media-cdn.tripadvisor.com/media/photo-o/2f/9f/d0/76/caption.jpg,https://www.tripadvisor.co.uk/Hotel_Review-g186338-d33073197-Reviews-Zedwell_Capsules_Piccadilly-London_England.html,3.1,128,"#406 of 1,516 Speciality lodging in London",1623,3462,"The London Pavillion Westminister Borough, London W1J 0DA England",+44 20 7096 5414,51.510307,-0.133862,London,,,38,106,Hostel,,Free Wifi,,否,,"Conveniently located hostel near attractions, offering affordable pod-style dorms with charging points and secure lockers. Shared bathrooms are modern and clean. Female-only dorms provide added privacy.",,,"With 1,000 individual sleep capsules across five floors, Zedwell Capsule Hotel Piccadilly offers flexible dormitory options ranging from 4 to 100 capsules, allowing groups or solo travellers to find the perfect fit. Whether you’re booking an entire dorm for a private group experience or selecting an individual capsule, you can customize your stay for comfort, privacy, and convenience."
london,106,3150,15360871,"Putney Hotel, BW Signature Collection",https://dynamic-media-cdn.tripadvisor.com/media/photo-o/17/40/39/6a/putney-hotel.jpg,https://www.tripadvisor.co.uk/Hotel_Review-g186338-d15360871-Reviews-Putney_Hotel_BW_Signature_Collection-London_England.html,3.1,97,"#799 of 1,516 Speciality lodging in London",2259,3462,"214 Upper Richmond Road, London SW15 6TD England",+44 20 8051 8470,51.46119,-0.21806,London,,,108,250,Speciality Hotel,,Free Wifi,,否,,"Centrally located hotel with easy access to transport, shops, and dining. Features spacious rooms, comfortable beds, and friendly staff. Great value for business or leisure travelers. Limited parking.",,,"A Contemporary design with a truly comfortable feel includes a luxury rain shower, free wi-fi, 40"" Smart TV's, minibar etc."
london,25,720,1233082,Smart Hostel Russell Square,https://dynamic-media-cdn.tripadvisor.com/media/photo-o/12/c4/28/f3/smart-russell-square.jpg,https://www.tripadvisor.co.uk/Hotel_Review-g186338-d1233082-Reviews-Smart_Hostel_Russell_Square-London_England.html,3,2610,"#104 of 1,516 Speciality lodging in London",894,3462,"71-72 Guilford Street, London WC1N 1DF England",+44 20 7833 8818,51.52283,-0.123286,London,,,90,335,Hostel,,Free Wifi,,否,,"Budget-friendly hostel near a tube station and tourist attractions. Convenient location for exploring London, close to the British Museum and shops. Features friendly staff, clean facilities, and compact spaces.",,,"This hostel is in the heart of London, a 10-minute walk from King's Cross Railway Station and the British Library. It provides budget accommodation with free WiFi access throughout. The Smart Hostel Russell Square offers beds in mixed-sex dorms. Linen is provided and security lockers are available in all rooms. Shared and en-suite facilities are available depending on room type. Reception is open 24 hours a day, and there are no curfews or lock-out times. Guests can receive tourist information and discount tickets for major attractions. The hostel's common room features a large TV, and some shared kitchen facilities are available. Self-service laundry facilities and an internet cafe are also offered on site. Russell Square Underground Station is 252 yrd away. The Foundling Museum, Islington Farmers Market and University College London are all within 10 minutes' walk. Camden is a great choice for travellers interested in Theatre, Museums and Culture. Our dormitories are open to guests between 16 and 45 years old. If you do not fit this age range, please book a private room. For further questions, please contact our hostel"
london,28,810,574296,Travelodge London Central Aldgate East,https://dynamic-media-cdn.tripadvisor.com/media/photo-o/30/80/67/88/exterior.jpg,https://www.tripadvisor.co.uk/Hotel_Review-g186338-d574296-Reviews-Travelodge_London_Central_Aldgate_East-London_England.html,3,2508,"#722 of 1,209 hotels in London",939,3462,"6-13 Chamber Street, London E1 8BL England",+44 871 984 6406,51.5113,-0.069529,London,,,72,243,Hotel,,,,否,,"Conveniently located near the tube, Tower Bridge, and the Tower of London, this budget-friendly hotel offers clean, comfortable rooms and great service. A hidden gem for short stays with excellent value for money, though light sleepers may notice nearby train noise.",,,"Welcome to Travelodge London Central Aldgate East, your London “home away from home.” Travelodge London Central Aldgate East aims to make your visit as relaxing and enjoyable as possible, which is why so many guests continue to come back year after year.
For those interested in checking out popular landmarks while visiting London, Travelodge London Central Aldgate East is located a short distance from St. Paul's Cathedral (1.3 mi) and Coca-Cola London Eye (2.2 mi).
Rooms at London Aldgate East Travelodge Hotel provide a flat screen TV and a desk, and guests can stay connected with wifi.
In addition, while staying at London Aldgate East Travelodge Hotel guests have access to 24 hour front desk and 24 hour check-in. You can also enjoy breakfast buffet. Need a place to park? Parking is available at London Aldgate East Travelodge Hotel.
If you like seafood restaurants, London Travelodge is conveniently located near Burger & Lobster - Soho, Hawksmoor Seven Dials, and Big Easy Bar.B.Q & Lobstershack.
If you’re looking for things to do, you can check out Tower of London (0.3 mi), Sky Garden (0.6 mi), or The View from The Shard (0.9 mi), which are popular attractions amongst tourists, and they are all within walking distance.
Travelodge London Central Aldgate East puts the best of London at your fingertips, making your stay both relaxing and enjoyable."
london,54,1590,193658,Stanley House Hotel,https://dynamic-media-cdn.tripadvisor.com/media/photo-o/07/f0/42/43/stanley-house.jpg,https://www.tripadvisor.co.uk/Hotel_Review-g186338-d193658-Reviews-Stanley_House_Hotel-London_England.html,3,1336,"#1,042 of 1,209 hotels in London",2535,3462,"19-21 Belgrave Road Pimlico, London SW1V 1RB England",+44 20 7834 5042,51.49215,-0.141618,London,,,103,154,Hotel,,Free Wifi,Breakfast included,否,,"Conveniently located near Victoria Station and Buckingham Palace, this budget-friendly hotel offers clean bedding and towels. Close to local attractions and ideal for travelers seeking central accommodations.","Stayed in this hotel for one night at the end of September 2023.

I'll start with the negatives:

* This hotel is a budget 2* hotel so don't expect anything more.
* The room's floor was very dirty we found dust and...",Tim,"If you’re looking for a quiet hotel in London, look no further than Stanley House Hotel.
Close to some of London's most popular landmarks, such as Covent Garden (1.6 mi) and The View from The Shard (2.5 mi), Stanley Hotel is a great destination for tourists.
Stanley House Hotel is a quiet hotel offering a flat screen TV in the rooms, and it is easy to stay connected during your stay as free wifi is offered to guests.
The hotel features 24 hour front desk and baggage storage. Plus, guests can enjoy breakfast, which has made this a popular choice among travellers visiting London.
During your visit, be sure to check out one of London's popular ribs restaurants such as SUSHISAMBA Liverpool Street, The Ivy, and Sexy Fish, all a short distance from Stanley House Hotel.
If you’re looking for something to do, Coca-Cola London Eye (1.2 mi), Churchill War Rooms (0.9 mi), and Westminster Abbey (0.8 mi) are a nice way to spend some time, and they are all within walking distance of Stanley Hotel.
The staff at Stanley House Hotel looks forward to serving you during your upcoming visit."
london,57,1680,193151,The Portico Hotel,https://dynamic-media-cdn.tripadvisor.com/media/photo-o/1a/06/18/4a/hanover-hotel-victoria.jpg,https://www.tripadvisor.co.uk/Hotel_Review-g186338-d193151-Reviews-The_Portico_Hotel-London_England.html,2.9,1317,#289 of 737 B&Bs / Inns in London,1569,3462,"30 St. George's Drive, London SW1V 4BN England",+44 20 7834 0367,51.49074,-0.14351,London,,,172,1099,Bed and Breakfast,,Air conditioning|Free Wifi,Breakfast included,否,,"Townhouse hotel near Victoria Station with modern decor, clean bathrooms, comfortable beds, and complimentary amenities. Budget-friendly option with easy access to transportation, dining, and shopping.",,,"All Rooms are comfortably furnished, have en-suite facilities and come with:Complimentary Cole & Lewis of London toiletriesWorld renowned “Hypnos” beds in every room15-22” Flat screen Digital TVTelephoneHairdryerHospitality Tray with tea and coffeeComplimentary Continental breakfastFree Wi-Fi24 hours ReceptionThe Hanover Hotel Victoria is a bed and breakfast in central London and has been offering quality hospitality, and cheap hotel accommodation in London, for over 15 years. Combining a personalized service with comfortable accommodation and a convenient location, we are one of the most reasonably priced budget hotels in London.The Hanover Hotel London is extremely well located, close to the Underground (tube), Bus, Railway and Coach Stations of Victoria making it quite easy for our guests to get to other parts of Central London as well as the rest of the UK. The 30 minute high speed train service to Gatwick Airport departs from Victoria Station. The Hanover Hotel London is also well located for some of London’s top tourist attractions such as the Buckingham Palace, London Eye and Big Ben, which are within walking distance of the hotel. At the Reception, we can arrange for tickets to these sites and most other attractions in London as well as for sightseeing tours."
london,64,1890,267979,Gresham Hotel,https://dynamic-media-cdn.tripadvisor.com/media/photo-o/08/1e/6d/71/gresham-hotel-london.jpg,https://www.tripadvisor.co.uk/Hotel_Review-g186338-d267979-Reviews-Gresham_Hotel-London_England.html,2.9,829,"#964 of 1,209 hotels in London",2015,3462,"116 Sussex Gardens, London W2 1UA England",+44 20 7402 2920,51.515938,-0.171869,London,,,108,245,Hotel,,Free Wifi,Breakfast included,否,,"Conveniently located near Paddington Station and Hyde Park, this hotel offers clean rooms, pleasant staff, and a traditional English breakfast. Surrounded by dining options, it provides good value for travelers.",,,"Finding an ideal budget friendly hotel in London does not have to be difficult. Welcome to The Gresham Hotel, a nice option for travellers like you.
While staying at The Gresham Hotel, visitors can check out Buckingham Palace (1.6 mi) and Piccadilly Circus (1.7 mi), some of London's top attractions.
The Gresham Hotel offers guests an array of room amenities including a flat screen TV, a refrigerator, and a dishwasher, and getting online is possible, as free wifi is available.
The hotel offers 24 hour front desk and baggage storage, to make your visit even more pleasant. The property also features breakfast buffet.
While in London be sure to experience local dim sum favourites at Hakkasan Mayfair, Novikov Restaurant & Bar, or Hakkasan Hanway Place Restaurant.
Looking to explore? Then look no further than Harrods (1.2 mi), Hyde Park (0.6 mi), and Abbey Road Studios (1.2 mi), which are some popular London attractions – all conveniently located within walking distance of the hotel.
The Gresham Hotel looks forward to welcoming you on your visit to London."
london,67,1980,251746,Hotel Edward Paddington,https://dynamic-media-cdn.tripadvisor.com/media/photo-o/22/02/ff/89/hotel-edward-paddington.jpg,https://www.tripadvisor.co.uk/Hotel_Review-g186338-d251746-Reviews-Hotel_Edward_Paddington-London_England.html,2.9,761,"#988 of 1,209 hotels in London",2162,3462,"1A Spring Street Paddington, London W2 3RA England",+44 20 7262 2671,51.514214,-0.175102,London,,,130,449,Hotel,,Air conditioning,,否,,"Convenient hotel near Paddington Station and Hyde Park. Clean rooms with comfortable beds. Close to transportation, bars, restaurants, and major attractions. Great value for a central London stay.",,,"Small budget hotel offering comfortable and affordable accommodations; situated near Paddington Station, Hyde Park and Oxford Street. Edward Hotel offers 24/7 Reception, daily housekeeping, chargeable private car park, air condition and en suite bedrooms."
london,168,5010,195153,Britannia International Hotel,https://dynamic-media-cdn.tripadvisor.com/media/photo-o/31/d9/9c/a0/caption.jpg,https://www.tripadvisor.co.uk/Hotel_Review-g186338-d195153-Reviews-Britannia_International_Hotel-London_England.html,2.8,5599,"#1,128 of 1,209 hotels in London",3134,3462,"163 Marsh Wall, London E14 9SJ England",+44 871 222 0042,51.50179,-0.02351,London,,,1322,1439,Hotel,,Restaurant|Bar/Lounge|Air conditioning,,否,,"Conveniently located near the Thames and Canary Wharf tube station, this budget-friendly hotel offers easy access to public transport, dining, and attractions like the O2 arena. Quiet atmosphere.",,,"Modern hotel situated in Canary Wharf, London's popular Docklands area. Canary Wharf, Jubilee line underground station is a 5 minute walk away. DLR stations South Quay and Heron Quay are within 5 minutes walking distance. Enjoy the shopping and lively atmosphere of Canary Wharf."
london,75,2220,199115,Berjaya Eden Park London Hotel,https://dynamic-media-cdn.tripadvisor.com/media/photo-o/0a/a0/a5/b5/hotel-lobby.jpg,https://www.tripadvisor.co.uk/Hotel_Review-g186338-d199115-Reviews-Berjaya_Eden_Park_London_Hotel-London_England.html,2.8,1185,"#1,057 of 1,209 hotels in London",2671,3462,"35-39 Inverness Terrace, London W2 3JS England",+44 20 7221 2220,51.512146,-0.186616,London,,,114,222,Hotel,,Restaurant|Free Wifi,,否,,"Conveniently located near Hyde Park and Queensway station, with easy access to tube lines, dining, and shops. Features newly refurbished rooms, helpful staff, and good value for tourists.",Room 230 Very creeky floors and maze like building.. Windows have huge gaps allowing in all the noice and the curtains let in all the light. I was woken up at 6am every morning! By light or noice For 4x nights...,Craig R,"In the heart of Bayswater, Berjaya Eden Park London Hotel offers a comfortable stay in an elegant 19th century architecture. The hotel is close to Kensington Gardens and Hyde Park. Location wise, both Bayswater Station and Queensway Station are conveniently within walking distance. Immerse yourself in our Bayswater hotel and experience an unforgettable sojourn with quintessential English charm."
london,30,870,1056130,Kings Cross Inn Hotel,https://dynamic-media-cdn.tripadvisor.com/media/photo-o/2c/21/be/dc/exterior.jpg,https://www.tripadvisor.co.uk/Hotel_Review-g186338-d1056130-Reviews-Kings_Cross_Inn_Hotel-London_England.html,2.8,1167,"#1,097 of 1,209 hotels in London",2965,3462,"9-11 Euston Road, London NW1 2SA England",+44 20 7833 9510,51.530262,-0.122779,London,,,105,280,Hotel,,Air conditioning,,否,,"Hotel near Kings Cross station with easy access to public transport, restaurants, and Euston Road. Features tea/coffee facilities, some modern amenities, helpful staff, and renovated bathrooms.",,,"Looking for a place to stay in London? Then look no further than Kings Cross Inn Hotel, a hotel that brings the best of London to your doorstep.
Paid internet access is offered to guests, and rooms at Kings Cross Inn Hotel offer a flat screen TV, air conditioning, and a refrigerator.
During your stay, take advantage of some of the amenities offered, including 24 hour front desk and baggage storage. Guests of Kings Cross Inn Hotel are also welcome to enjoy breakfast buffet, located on site.
Nearby landmarks such as Covent Garden (1.3 mi) and Coca-Cola London Eye (1.9 mi) make Kings Cross Inn Hotel a great place to stay when visiting London.
London has plenty of Greek restaurants. So when you’re here, be sure to check out popular spots like Daphne Restaurant, Andy's Greek Taverna, and Suvlaki Shoreditch, which are serving up some great dishes.
During your visit, be sure to check out The British Museum (0.8 mi), which is a popular attraction within walking distance of the hotel.
We’re sure you’ll enjoy your stay at Kings Cross Inn Hotel as you experience everything London has to offer."
london,55,1620,209138,The Tophams Hotel,https://dynamic-media-cdn.tripadvisor.com/media/photo-o/28/34/f0/4a/the-tophams-hotel-belgravia.jpg,https://www.tripadvisor.co.uk/Hotel_Review-g186338-d209138-Reviews-The_Tophams_Hotel-London_England.html,2.6,1829,"#903 of 1,209 hotels in London",1577,3462,"24-32 Ebury Street, London SW1W 0LU England",+44 20 7730 3313,51.49573,-0.147695,London,,,215,459,Hotel,,Restaurant|Bar/Lounge|Air conditioning|Free Wifi,,否,,"Charming boutique hotel near Victoria Station on a quiet street. Elegant, clean rooms with a cozy bar/lounge. Conveniently located near Buckingham Palace, restaurants, shops, and city attractions.",,,"Tophams Hotel opened in summer 2008 as a boutique hotel in the heart of the exclusive Belgravia area. In November 2018, Imperial Kensington took over the hotel. As the new owners, our aim is to re-establish Tophams as a luxury hotel, offering our guests comfort and traditional standards of service with lots of surprising individual touches that help maintain the original charm and, essentially, the English quirkiness.

We are currently undertaking the last stages of property refurbishment, working as discreetly as possible to ensure minimal disruption to you, our guests.

Our restaurant is open for breakfast, offering both a buffet and à la carte menu, and our bar provides a welcoming space to relax with a drink at the end of the day.

Located in one of London’s most desirable areas, Belgravia is a quiet residential neighbourhood within easy walking distance of Victoria British Rail and Coach Station. Ideally situated just 800 metres from Buckingham Palace, we're only steps away from"
london,66,1950,195394,Britannia Hampstead Hotel,https://dynamic-media-cdn.tripadvisor.com/media/photo-o/31/d9/9e/e7/caption.jpg,https://www.tripadvisor.co.uk/Hotel_Review-g186338-d195394-Reviews-Britannia_Hampstead_Hotel-London_England.html,2.4,1412,"#1,152 of 1,209 hotels in London",3240,3462,"Primrose Hill Road Hampstead, London NW3 3NA England",+44 20 7586 2233,51.544434,-0.162392,London,,,85,254,Hotel,,Restaurant|Bar/Lounge,,否,,"Budget-friendly hotel near Chalk Farm tube station with convenient access to local dining options. Features friendly staff and good value for money, ideal for exploring the area.",,,"Commercial Hotel on the north side of Regent's Park in residential Hampstead, 15 minutes from the West End & main line stations. In vicinity of Camden town- London Zoo and Lords cricket ground. Emirates stadium is less than 4 miles."
london,79,2340,243672,Wedgewood Hotel,https://dynamic-media-cdn.tripadvisor.com/media/photo-o/05/6e/12/0b/wedgewood-hotel.jpg,https://www.tripadvisor.co.uk/Hotel_Review-g186338-d243672-Reviews-Wedgewood_Hotel-London_England.html,2.4,895,"#1,138 of 1,209 hotels in London",3178,3462,"49-51 Leinster Square, London W2 4PU England",+44 20 7229 8990,51.513596,-0.192641,London,,,74,176,Hotel,,,Breakfast included,否,,"Located on a quiet street near Queensway Road and Hyde Park, this hotel offers easy access to restaurants, pubs, and shops. Cozy rooms ideal for short stays. Convenient location for exploring nearby attractions.",,,"Set in the heart of Bayswater, 15 miles to Heathrow Intl Airport; beautifully appointed guest rooms that are clean & comfortable."
london,31,900,192039,Cheshire Hotel,https://dynamic-media-cdn.tripadvisor.com/media/photo-o/2e/66/65/c6/caption.jpg,https://www.tripadvisor.co.uk/Hotel_Review-g186338-d192039-Reviews-Cheshire_Hotel-London_England.html,2.3,734,"#1,160 of 1,209 hotels in London",3279,3462,"110 Great Russell Street, London WC1B 3NA England",+44 20 7637 7777,51.517437,-0.129198,London,,,120,273,Hotel,,Free Wifi,,否,,"Centrally located budget hotel in London's West End near Tottenham Court Road station. Offers clean, comfortable rooms and easy access to attractions and the Underground. Great base for exploring the city.","This is a pretty ropey hotel. I just wish I had looked at trip advisor first before booking.
The location is great I have to say, some nice places to eat literally just outside the hotel, including a great coffee...",Stuart P,"Finding an ideal hotel in London does not have to be difficult. Welcome to Cheshire Hotel, a nice option for travellers like you.
Nearby landmarks such as Westminster Abbey (1.2 mi) and Harrods (1.9 mi) make Country Inn London a great place to stay when visiting London.
You’ll enjoy relaxing rooms that offer a flat screen TV, a desk, and a seating area, and you can stay connected during your stay as London Country Inn offers guests public wifi.
The hotel features 24 hour front desk, a coffee shop, and express check-in and check-out. Plus, London Country Inn offers breakfast, providing a pleasant respite from your busy day.
While visiting London, you may want to try some crab at one of the nearby restaurants, such as Coppa Club - Tower Bridge, Restaurant Gordon Ramsay, or Aqua Shard.
If you’re looking for something to do, Coca-Cola London Eye (1.1 mi), The British Museum (0.2 mi), and Churchill War Rooms (1.0 mi) are a nice way to spend some time, and they are all within walking distance of London Country Inn.
Cheshire Hotel looks forward to welcoming you on your visit to London."
london,86,2550,262119,Oxford Hotel London,https://dynamic-media-cdn.tripadvisor.com/media/photo-o/04/79/4d/a7/oxford-hotel-london.jpg,https://www.tripadvisor.co.uk/Hotel_Review-g186338-d262119-Reviews-Oxford_Hotel_London-London_England.html,2.3,21,"#1,144 of 1,209 hotels in London",3202,3462,"12-24 Penywern Road, London SW5 9SU England",+44 20 4513 2576,51.491165,-0.193437,London,,,102,275,Hotel,,Family Friendly,,否,,"Centrally located hotel near a tube station, offering convenient access to transportation. Some rooms are clean and tidy. Travelers appreciate its proximity to attractions and ease of getting around.","Well I have booked from Hotels.com seeing their 4.1 rating there, but I should have checked google reviews honestly.
Beware, they will charge you an upfront 100 pounds as a ""deposit"", and they may afterwards charge...",Safari15784148395,"Welcome to Oxford Hotel London, a lovely boutique hotel for travelers like you. Given the close proximity of popular landmarks, such as Harrods (1.4 mi) and Buckingham Palace (2.4 mi), guests of Oxford Hotel London can easily experience some of London's most well known attractions. Internet access is offered to guests, and rooms at Oxford Hotel London offer a flat screen TV, hairdryer , fridge, smart lighting, coffee and tea station and air conditioning. During your stay, take advantage of some of the amenities offered, including a 24 hour front desk, baggage storage, and express check-in and check-out. Looking to explore? Then look no further than Natural History Museum (0.8 mi), V&A - Victoria and Albert Museum (1.0 mi), and Science Museum (0.9 mi), which are some popular London attractions – all conveniently located within walking distance of the hotel. Oxford Hotel London looks forward to welcoming you on your visit to London."
new_york,2,30,15237449,Artezen Hotel,https://dynamic-media-cdn.tripadvisor.com/media/photo-o/16/b2/24/f7/entrance.jpg,https://www.tripadvisor.co.uk/Hotel_Review-g60763-d15237449-Reviews-Artezen_Hotel-New_York_City_New_York.html,4.9,912,#4 of 525 hotels in New York City,4,776,"24 John Street, New York City, NY 10038-4020",+1 212-566-5511,40.709583,-74.00874,New York City,$265,$265,217,622,Hotel,,Fitness centre|Air conditioning|Airport transportation|Free Wifi,,是,2026 Travelers' Choice,"Centrally located in the Financial District near subway stations, major attractions, and dining options. Clean, modern rooms with Nespresso machines. On-site gym, yoga room, and rooftop bar.",,,The Artezen Hotel is a Financial District hotel featuring luxury rooms with modern amenities ideally situated in the heart of Lower Manhattan.
new_york,1,0,223019,Broadway Plaza Hotel,https://dynamic-media-cdn.tripadvisor.com/media/photo-o/30/91/53/4e/caption.jpg,https://www.tripadvisor.co.uk/Hotel_Review-g60763-d223019-Reviews-Broadway_Plaza_Hotel-New_York_City_New_York.html,4.9,624,#2 of 525 hotels in New York City,2,776,"1155 Broadway, New York City, NY 10001",+1 212-679-7665,40.744442,-73.989044,New York City,$170,$170,248,690,Hotel,,Air conditioning|Airport transportation|Free Wifi,,是,2026 Travelers' Choice Best of the Best,"Boutique-style hotel in Manhattan's Flatiron district with spacious, modern rooms and stylish decor. Central location near shops, restaurants, and Broadway shows. Offers excellent views of the Empire State Building, top-notch concierge service, and family-friendly amenities.",,,"Overlooking the corner of 27th and Broadway, our intimate 69-room boutique hotel puts you just steps from New York's most beloved and famous attractions and buildings. Conveniently located in the heart of NOMAD, you can be anywhere you need to be within 15-20 minutes of our front door. Major subway lines are located just 1 block from the hotel. Having just completed a major renovation of all guestrooms, bathrooms and hallways in April 2025, we now feature 8 guestrooms with outdoor terraces that offer spectacular views of the Empire State Building as do approximately 65% of all guestrooms. Come and be spolied with our attentive and friendly customer service coupled with a true 4 star product that provides an array of in room amenities. Enjoy local dining with a diverse variety of restaurants and lounges in one of the most popular areas of the city. We hope to see you soon!!!"
new_york,5,120,23528665,Pendry Manhattan West,https://dynamic-media-cdn.tripadvisor.com/media/photo-o/21/53/f1/6e/pendry-manhattan-west.jpg,https://www.tripadvisor.co.uk/Hotel_Review-g60763-d23528665-Reviews-Pendry_Manhattan_West-New_York_City_New_York.html,4.9,534,#40 of 525 hotels in New York City,41,776,"438 W 33rd St, New York City, NY 10001-2601",+1 212-933-7000,40.753796,-73.997986,New York City,$772,$772,734,1821,Hotel,,Restaurant|Bar/Lounge|Fitness centre|Air conditioning,,是,2026 Travelers' Choice,"Upscale hotel with Japanese-inspired design near Hudson Yards and the High Line. Spacious, clean rooms, vibrant bar, and acclaimed restaurant. Convenient to shopping, dining, and local attractions.",,,"Pendry Manhattan West enjoys easy access to an array of attractions, including some of the finest shopping, dining and culture in New York and the redeveloped Empire Station Complex which includes Madison Square Garden and Moynihan Train Hall. Home to 164 guest rooms, including 30 suites, each featuring interiors by world-renowned Gachot Studios. The guest room experience brings a calming sensibility to the city’s bustling environment with a neutral color palette, warm details and textures and the modern amenities synonymous with Pendry’s contemporary luxury sensibility. Pendry Manhattan West welcomes hotel guests with four unique food and beverage destinations, including signature restaurant, Zou Zou's, cocktail lounge, Chez Zou, Bar Pendry & Garden Room. Guests may also enjoy a 24/7, 1,700 square foot fitness center featuring all-new Technogym equipment and Peloton bikes, as well as an intimate Movement Studio for light stretching, personal yoga and physical activity."
new_york,7,180,26686375,New York Spirit Retreats,https://dynamic-media-cdn.tripadvisor.com/media/photo-o/2a/72/93/79/cozy-pod-room-with-lockable.jpg,https://www.tripadvisor.co.uk/Hotel_Review-g60763-d26686375-Reviews-New_York_Spirit_Retreats-New_York_City_New_York.html,4.9,241,#1 of 190 Speciality lodging in New York City,29,776,"370 8th Ave 4th Floor, New York City, NY 10001",+1 646-305-5241,40.748726,-73.9958,New York City,,,94,228,Limited Service Property,,Free Wifi,Breakfast included,是,2026 Travelers' Choice,"Central Manhattan hostel with cozy, well-designed rooms and shared bathrooms. Budget-friendly option for solo travelers. Features a peaceful atmosphere, quiet hours, and a top-floor dining area.",,,Individual lockable pod rooms
new_york,1,0,224214,The Bryant Park Hotel,https://dynamic-media-cdn.tripadvisor.com/media/photo-o/2d/f4/b6/88/junior-suite-park-view.jpg,https://www.tripadvisor.co.uk/Hotel_Review-g60763-d224214-Reviews-The_Bryant_Park_Hotel-New_York_City_New_York.html,4.8,5552,#1 of 525 hotels in New York City,1,776,"40 West 40th Street, New York City, NY 10018-2602",+1 212-869-0100,40.752895,-73.983696,New York City,$359,$359,367,1145,Hotel,,Restaurant|Bar/Lounge|Fitness centre|Air conditioning,,是,2026 Travelers' Choice Best of the Best,"Luxury hotel with park view rooms, junior suites, and Molton Brown bath products. Features a renowned restaurant and ideal location near Bryant Park, 5th Avenue, Times Square, and public transit.",,,"Nestled at the entrance of Bryant Park on 40th Street, between 5th and 6th Avenues, The Bryant Park Hotel is a serene retreat in the heart of Midtown Manhattan. Surrounded by Fifth Avenue shopping, the Theater District, and world-class museums, our boutique hotel seamlessly blends luxury with convenience. Guests enjoy complimentary in-room Wi-Fi, along with Illy coffee and freshly baked muffins in our lobby from 7 AM to 10 AM. Indulge in exquisite Japanese cuisine at Koi NYC, or unwind at Célon, our award-winning lounge, open Monday through Saturday. Enhance your stay in our state-of-the-art private screening room—perfect for film viewings, corporate events, and special occasions. With breathtaking views, impeccable service, and elegantly designed rooms, The Bryant Park Hotel offers an experience of sophistication, comfort, and warm hospitality. We look forward to welcoming you."
new_york,1,0,10679074,LUMA Hotel Times Square,https://dynamic-media-cdn.tripadvisor.com/media/photo-o/2c/28/35/d4/luma-hotel-times-square.jpg,https://www.tripadvisor.co.uk/Hotel_Review-g60763-d10679074-Reviews-LUMA_Hotel_Times_Square-New_York_City_New_York.html,4.8,3738,#7 of 525 hotels in New York City,7,776,"120 West 41st Street, New York City, NY 10036-7315",+1 212-730-0099,40.75458,-73.9858,New York City,$251,$251,294,773,Hotel,,Restaurant|Bar/Lounge|Air conditioning|Free Wifi,,是,2026 Travelers' Choice Best of the Best,"Centrally located near Times Square, Bryant Park, and major attractions, this trendy hotel offers outstanding service, a quiet atmosphere, and unique amenities like a sound machine and robot room service. Guests praise its on-site restaurant, expert local recommendations, and unbeatable convenience.",,,"LUMA Hotel Times Square is located on 41st Street between Broadway and Avenue of the Americas in the heart of New York City. Steps from Times Square and Bryant Park. Bright, innovative and inviting, LUMA shines a light on the best of modern hospitality and illuminates guests with dynamic energy and an independent spirit. 130 well-appointed guest rooms with floor-to-ceiling windows for enjoying natural light and taking in views of Manhattan that are ideally situated amongst developing tech firms, and international fashion houses, as well as steps away from New York City landmarks and attractions. Featuring AperiBar a chic Italianesque restaurant and cocktail bar by acclaimed Chef Charlie Palmer."
new_york,2,30,15135187,Park Terrace Hotel,https://dynamic-media-cdn.tripadvisor.com/media/photo-o/2c/28/8a/e2/lobby.jpg,https://www.tripadvisor.co.uk/Hotel_Review-g60763-d15135187-Reviews-Park_Terrace_Hotel-New_York_City_New_York.html,4.8,3051,#8 of 525 hotels in New York City,8,776,"18 West 40th Street, New York City, NY 10018",+1 212-781-6400,40.75249,-73.98311,New York City,$365,$365,351,874,Hotel,,Restaurant|Bar/Lounge|Fitness centre|Air conditioning,,是,2026 Travelers' Choice,"Modern, eco-friendly hotel in a prime Manhattan location near Times Square and Bryant Park. Features chic rooms, a cozy terrace with stunning views, a stylish bar, and unique touches like water stations, refillable bottles, and a sauna. Perfect for exploring NYC with upscale amenities.",,,"Find refuge at a luxury address that mixes impeccable, artful design and warm natural light with the iconic style that embodies NYC. Park Terrace Hotel, overlooking Bryant Park, places you at the epicenter of Midtown Manhattan - offering a place to feel inspired by the city's energy as you network, explore or relax. Enjoy easy access to New York favorites like luxe Fifth Avenue shopping, Broadway, the New York Public Library, Grand Central Terminal and the Empire State Building. Tailor-made to reflect our location in Midtown Manhattan, guest rooms and studios at Park Terrace Hotel are at once airy, urban, and endlessly inviting with cutting-edge amenities. Designed by Stonehill Taylor, our 226 accommodations feature a fresh and natural aesthetic-not unlike Bryant Park itself-which many of our rooms and studios overlook. Park Terrace Hotel also offers new meeting & event space, onsite dining, fitness center, and Branch - a private members club with terrace overlooking Bryant Park."
new_york,7,180,4702789,The Towers at Lotte New York Palace,https://dynamic-media-cdn.tripadvisor.com/media/photo-o/04/7c/6b/ee/the-towers-at-the-new.jpg,https://www.tripadvisor.co.uk/Hotel_Review-g60763-d4702789-Reviews-The_Towers_at_Lotte_New_York_Palace-New_York_City_New_York.html,4.8,3039,#23 of 525 hotels in New York City,23,776,"455 Madison Avenue At 50th Street, New York City, NY 10022",+1 212-888-7000,40.758144,-73.97468,New York City,"$1,271","$1,271",702,2155,Hotel,,Spa|Bar/Lounge|Fitness centre|Air conditioning,,是,2026 Travelers' Choice,"Luxury hotel in Midtown Manhattan with spacious rooms, stunning views of St. Patrick's Cathedral, historic charm, and curated NYC experiences. Prime location near landmarks and cultural attractions.",,,"With just 176 rooms and suites, The Towers at Lotte New York Palace occupy Lotte New York Palace's top 14 floors. Housing the hotel's most distinctive suites and the city's most spacious guest rooms, the Towers at Lotte New York Palace offer newly re-styled accommodations with breathtaking skyline views and unrivaled service. Towers guests enjoy luxurious amenities including butler service, an exclusive private lobby and dedicated concierge."
new_york,2,30,5550873,Archer Hotel New York,https://dynamic-media-cdn.tripadvisor.com/media/photo-o/2c/21/92/16/archer-hotel-new-york.jpg,https://www.tripadvisor.co.uk/Hotel_Review-g60763-d5550873-Reviews-Archer_Hotel_New_York-New_York_City_New_York.html,4.7,5434,#49 of 525 hotels in New York City,50,776,"45 West 38th Street, New York City, NY 10018",+1 212-719-4100,40.752056,-73.9847,New York City,$271,$271,238,825,Hotel,,Restaurant|Bar/Lounge|Air conditioning|Pets Allowed,,是,2026 Travelers' Choice,"Centrally located Midtown hotel near Bryant Park and subway stations. Features rooftop bar with Empire State Building views, Nespresso machines, coffee bar, turn-down service, and attentive staff.",,,"Archer New York is a Midtown Manhattan boutique hotel and welcoming residence filled with curated luxuries that evoke the soul of its Garment District neighborhood. The 22-story, luxury hotel on West 38th between Fifth and Sixth Avenues is home to 180 guest rooms, Spyglass Rooftop Bar and AKB, a hotel bar. Accommodations boast complimentary Wi-Fi, 42-inch flat-screen TV, Frette towels and bathrobes, Malin+Goetz bath amenities and a Nespresso coffee experience. Hotel amenities include curated souvenirs from local artisans, concierge service, complimentary business services and a 100% smoke-free environment."
new_york,9,240,7891458,Arlo Soho,https://dynamic-media-cdn.tripadvisor.com/media/photo-o/0e/86/f4/cc/arlo-bicycle-and-message.jpg,https://www.tripadvisor.co.uk/Hotel_Review-g60763-d7891458-Reviews-Arlo_Soho-New_York_City_New_York.html,4.7,4091,#17 of 525 hotels in New York City,17,776,"231 Hudson Street, New York City, NY 10013",+1 212-342-7000,40.72449,-74.00797,New York City,$275,$275,226,751,Hotel,,Restaurant|Bar/Lounge|Air conditioning|Pets Allowed,Sponsored,否,,"Stylish hotel in uptown Manhattan with a rooftop bar offering stunning views, cozy common spaces, and modern design. Conveniently located near attractions, restaurants, and subway lines. Compact yet functional rooms, excellent dining, and a professional, attentive staff.",,,"Arlo SoHo Hotel features 321 thoughtfully designed micro guestrooms with modern furniture and efficient storage space. The hotel is an easy walk to SoHo, Hudson Square, Tribeca, West Village or the picturesque paths along the Hudson River. Four unique restaurants and bars can be found within the hotel including Lindens, Foxtail and ART SoHo rooftop bar with views of the Hudson River. Ten distinct meeting spaces allow each meeting or event its own personality. Arlo's adaptable spaces can provide the perfect, creative backdrop for up to 250 guests. Arlo SoHo is a homebase for urban explorers."
new_york,6,150,1776857,"The Langham, New York, Fifth Avenue",https://dynamic-media-cdn.tripadvisor.com/media/photo-o/12/e5/84/82/the-langham-new-york.jpg,https://www.tripadvisor.co.uk/Hotel_Review-g60763-d1776857-Reviews-The_Langham_New_York_Fifth_Avenue-New_York_City_New_York.html,4.7,3429,#86 of 525 hotels in New York City,87,776,"400 Fifth Avenue, New York, New York City, NY 10018-2753",+1 212-695-4005,40.75007,-73.983765,New York City,"$1,024","$1,024",707,2170,Hotel,,Restaurant|Bar/Lounge|Fitness centre|Air conditioning,,是,2026 Travelers' Choice Best of the Best,"Luxury hotel in Manhattan with prime location on Fifth Avenue. Features exceptional service, calm atmosphere, Michelin-starred Ai Fiori restaurant, Empire State Building views, and house car service.",,,"The Langham, New York, Fifth Avenue is a modern sanctuary of serenity in the heart of Manhattan. Perfectly located between Bryant Park and the Empire State Building, the hotel offers spacious rooms and suites—among the largest in the city—featuring chic furnishings, a refined color palette, and original artwork by contemporary American artist, Alex Katz. Guests can enjoy exclusive access to The Langham Club and a range of award-winning dining experiences, including Michelin-starred Ai Fiori, the stylish Bar Fiori, casual delights at Maison Kayser, and even Sky Terrace, a secret rooftop dining concept. Stay active in the 24-hour fitness center or host unforgettable events in versatile spaces ideal for weddings, meetings, and social gatherings. Whether visiting for business or leisure, The Langham, New York, Fifth Avenue delivers the legendary hospitality and personalized service that have made The Langham Hotels a global benchmark of elegance."
new_york,6,150,10066892,Hotel 50 Bowery - JDV by Hyatt,https://dynamic-media-cdn.tripadvisor.com/media/photo-o/10/18/19/16/hotel-50-bowery-nyc.jpg,https://www.tripadvisor.co.uk/Hotel_Review-g60763-d10066892-Reviews-Hotel_50_Bowery_JDV_by_Hyatt-New_York_City_New_York.html,4.7,3152,#50 of 525 hotels in New York City,51,776,"50 Bowery, New York City, NY 10013-4801",+1 212-508-8000,40.71583,-73.996544,New York City,,,251,693,Hotel,,Restaurant|Bar/Lounge|Fitness centre|Air conditioning,,是,2026 Travelers' Choice,"Stylish, modern hotel in a prime location near Chinatown, Little Italy, and the Lower East Side. Features spacious rooms with stunning city and Manhattan Bridge views, a rooftop bar with skyline vistas, and easy access to dining, attractions, and subway stations. Great value for NYC stays.",,,"50 Bowery is a boutique hotel that captures the energy of NYC, inspired by the cultural crossroads of our location on Manhattan's oldest street, where diverse cultures have come together for centuries. With this hotel's convenient location on Bowery near Canal Street and the Manhattan Bridge, getting anywhere in NYC will be a breeze. We celebrate the joy of life, where General Washington communed with his men at the Bull's Head Tavern, where actors once took the stage at the vibrant New York Theater, and where new Americans from Europe and Asia brought their optimism and ambition. Our green key certified hotel is crowned with a rooftop terrace lounge overlooking the Manhattan skyline. Where diverse cultures have come together for centuries. A springboard to some of New York City's most vibrant neighborhoods, from here in the heart of Chinatown to the Lower East Side, Tribeca, Soho, Little Italy, Financial District and Brooklyn."
new_york,1,0,6883205,1 Hotel Central Park,https://dynamic-media-cdn.tripadvisor.com/media/photo-o/08/bd/89/df/1-hotel-central-park.jpg,https://www.tripadvisor.co.uk/Hotel_Review-g60763-d6883205-Reviews-1_Hotel_Central_Park-New_York_City_New_York.html,4.7,2912,#35 of 525 hotels in New York City,36,776,"1414 6th Ave, New York City, NY 10019",+1 212-703-2001,40.76483,-73.97652,New York City,$511,$511,532,1469,Hotel,,Spa|Restaurant|Bar/Lounge|Fitness centre,,是,2026 Travelers' Choice Best of the Best,"Eco-focused boutique hotel near Central Park with reclaimed wood, live plants, and sustainable design. Features unique room amenities, natural ambiance, and staff offering local expertise and recommendations.",,,"Your New York City sanctuary, right off the park-and steps from the heart of Manhattan."
new_york,3,60,7255276,The Knickerbocker Hotel,https://dynamic-media-cdn.tripadvisor.com/media/photo-o/2f/be/6f/77/the-knick-nyc.jpg,https://www.tripadvisor.co.uk/Hotel_Review-g60763-d7255276-Reviews-The_Knickerbocker_Hotel-New_York_City_New_York.html,4.6,8915,#46 of 525 hotels in New York City,47,776,"6 Times Square SE Corner Of 42nd St. & Broadway, New York City, NY 10036",+1 212-204-4980,40.755608,-73.986275,New York City,$286,$286,348,1148,Hotel,,Restaurant|Bar/Lounge|Fitness centre|Air conditioning,,是,2026 Travelers' Choice,"Modern hotel in the heart of Times Square with beautifully appointed rooms and exceptional service. Features a stunning rooftop bar with breathtaking views, curated cocktails, and a chic atmosphere. Steps from main attractions, subway access, and a top-rated steakhouse.",,,"The Knickerbocker, a member of Leading Hotels of the World, reopened its doors in February 2015 as the only Five-Star hotel in Times Square, after completing an expansive $250 million renovation by acclaimed interior designers Gabellini Sheppard. The Beaux Arts monument to New York's coming of age is situated at the southeast corner of 42nd Street between Broadway and Bryant Park. The hotel originally opened in 1906 by John Jacob Astor IV and welcomed both glitterati and dignitaries including such notables as Enrico Caruso, John D Rockefeller and F. Scott Fitzgerald. A New York City landmark, The Knickerbocker boasts 330 guest rooms including 31 suites; a signature restaurant and bar, Charlie Palmer Steak IV; St. Cloud-a 7,800-square-foot rooftop bar; a 2,200-square-foot event space for up to 160 guests; a ground level café, Jake's; and a state-of-the art fitness center."
new_york,1,0,3344640,Refinery Hotel,https://dynamic-media-cdn.tripadvisor.com/media/photo-o/2c/21/67/73/atelier.jpg,https://www.tripadvisor.co.uk/Hotel_Review-g60763-d3344640-Reviews-Refinery_Hotel-New_York_City_New_York.html,4.6,6774,#69 of 525 hotels in New York City,70,776,"63 W 38th St, New York City, NY 10018",+1 646-664-0310,40.752193,-73.98538,New York City,$330,$330,319,975,Hotel,,Restaurant|Bar/Lounge|Fitness centre|Air conditioning,,是,2026 Travelers' Choice,"Stylish NYC hotel with unique industrial decor and a central location near Bryant Park, Times Square, and the Empire State Building. Highlights include a trendy year-round rooftop bar, top-notch dining, a jazz-filled lobby bar, and friendly service. Perfect for business or leisure.",,,"NEW YORK LUXURY HOTEL NEAR BRYANT PARK Refinery Hotel is the imaginative reinterpretation of the Colony Arcade-a former hat factory and Prohibition-era tea room. More than 100 years of Garment District history are on display at our luxury hotel near Bryant Park. With an unprecedented degree of precision, much like the milliners before us who stitched elegant hats, we transformed a factory building into stylish loft rooms with soaring ceilings, the acclaimed Parker & Quinn restaurant, and our fashionable Refinery Rooftop bar."
new_york,4,90,6385164,citizenM New York Times Square,https://dynamic-media-cdn.tripadvisor.com/media/photo-o/32/79/91/49/lobby.jpg,https://www.tripadvisor.co.uk/Hotel_Review-g60763-d6385164-Reviews-CitizenM_New_York_Times_Square-New_York_City_New_York.html,4.6,5745,#169 of 525 hotels in New York City,177,776,"218 West 50th Street, New York City, NY 10019-6702",+1 212-461-3638,40.761566,-73.98496,New York City,$168,$168,199,692,Hotel,,Bar/Lounge|Fitness centre|Air conditioning|Free Wifi,,是,2026 Travelers' Choice,"Stylish, modern hotel near Times Square with compact, cozy rooms featuring mood lighting and large beds. Rooftop bar with stunning views, self-check-in, and close to Broadway, dining, and shopping.",,,"citizenM New York Times Square is steps from Times Square in Midtown Manhattan, on the corner of Broadway and 50th Street. We're 45 mins from JFK Airport, 30 mins from LaGuardia, and a 5-minute stroll from the Rockefeller Center. Feel at home in New York while hanging out in our living room filled with incredible Vitra furniture, art and books. The kitchen is open 24/7 for meals, snacks and cocktails. Elevate your New York experience in our 21st floor rooftop cloudM bar - the cocktails are as sensational as the views. Move through the hotel touching nothing but your smartphone with our free app - book your visit via the app and enjoy a contactless stay for extra peace of mind. Recover from all Big Apple excitement in your huge wall-to-wall bed, and refresh in the jungle-like power-shower. Use the bedside MoodPad tablet (or the app) to control your entire room ambiance and the entertainment. Stream your own content to the smart TV using our superfast unlimited free Wi-Fi."
new_york,4,90,208452,Conrad New York Downtown,https://dynamic-media-cdn.tripadvisor.com/media/photo-o/30/af/d3/e4/the-16-story-atrium-lobby.jpg,https://www.tripadvisor.co.uk/Hotel_Review-g60763-d208452-Reviews-Conrad_New_York_Downtown-New_York_City_New_York.html,4.6,4891,#114 of 525 hotels in New York City,116,776,"102 North End Avenue, New York City, NY 10282",+1 212-945-0100,40.715042,-74.01584,New York City,$612,$612,569,1266,Hotel,,Restaurant|Bar/Lounge|Fitness centre|Air conditioning,,是,2026 Travelers' Choice,"Downtown Manhattan hotel near the 9/11 Memorial, Hudson River, and Battery Park. Spacious rooms, rooftop bar with views, and excellent amenities. Close to shops, dining, and transportation. Quiet setting.",,,"Conrad New York Downtown is a 463 all-suite luxury hotel situated alongside the Hudson River. An escape for leisure and business guests alike, the hotel features ATRIO Restaurant and the newly opened Leonessa rooftop aperitivo bar, as well as the largest hotel event space in Downtown Manhattan. Nestled in a residential neighborhood, the hotel is a gateway to Downtown just minutes from the most historic and lively neighborhoods, including Tribeca, Greenwich Village, SoHo and Wall Street. Conrad New York Downtown is also within walking distance to a list of acclaimed attractions such as the World Trade Center and Oculus, Statue of Liberty, Staten Island Ferry, Brookfield Place and more. The hotel is a bold leader in sustainable luxury, offering an impressive series of green initiatives."
new_york,12,330,1456560,Kimpton Hotel Eventi by IHG,https://dynamic-media-cdn.tripadvisor.com/media/photo-o/2c/c5/aa/fe/hotel-exterior.jpg,https://www.tripadvisor.co.uk/Hotel_Review-g60763-d1456560-Reviews-Kimpton_Hotel_Eventi_by_IHG-New_York_City_New_York.html,4.6,4826,#22 of 525 hotels in New York City,22,776,"851 6th Avenue, New York City, NY 10001",+1 212-564-4567,40.74704,-73.99007,New York City,$285,$285,333,1015,Hotel,,Spa|Restaurant|Bar/Lounge|Fitness centre,Sponsored,否,,"Centrally located in Midtown with stunning floor-to-ceiling views, including the Empire State Building. Modern, spacious rooms with eclectic design and a cool NYC vibe. Vibrant lobby with a cozy bar, daily wine hour, and top-rated service. Ideal for exploring city attractions.",,,"Honoring our artful Chelsea address, Hotel Eventi offers a cutting edge design-centric escape in the heart of Manhattan - which occupies an entire city block. The result? Two restaurants led by an award-winning chef, two buzzing new bars, and one stunning lobby that's more like a warm-yet-vogue living room. If you can tear yourself away, the Empire State Building, Madison Square Garden, High Line Park, and more are nearby. Share what you love to do, and we'll curate a fresh New York experience, just for you."
new_york,2,30,1503474,"Distrikt Hotel New York City, Tapestry Collection by Hilton",https://dynamic-media-cdn.tripadvisor.com/media/photo-o/12/01/41/1b/distrikt-hotel-new-york.jpg,https://www.tripadvisor.co.uk/Hotel_Review-g60763-d1503474-Reviews-Distrikt_Hotel_New_York_City_Tapestry_Collection_by_Hilton-New_York_City_New_York.html,4.5,6704,#226 of 525 hotels in New York City,240,776,"342 West 40th Street, New York City, NY 10018",+1 212-706-6100,40.756687,-73.99284,New York City,$206,$206,205,642,Hotel,,Restaurant|Bar/Lounge|Fitness centre|Airport transportation,,是,2026 Travelers' Choice,"Centrally located near Times Square and transit options, this hotel features cozy amenities like a coffee station and on-site dining. Guests highlight its proximity to attractions and helpful staff.",,,"Daily Mandatory Destination Charge includes: Premium guest internet access; daily $29 food and beverage credit for use in hotel restaurant and bar; full-service gym access at Mid-City Gym. Stay in the center of New York City at our Midtown Manhattan hotel. We are minutes from Times Square, Hells Kitchen, The Empire State Building, and more. The concierge team is on-hand to plan your itinerary and transport plus Distrikt guests enjoy local discounts. Each of our modern guest rooms feature triple-paned windows that let in the sights but block out the noise. Dine on-site at Collage Bistro and Bar. Our cozy hangout serves it all, from grab n go breakfasts to late-night cocktails. Distrikt Hotel features: -Free WiFi -Restaurant and bar -Fitness center access -Room service -Car service"
new_york,3,60,1218792,Hilton Garden Inn New York/west 35th Street,https://dynamic-media-cdn.tripadvisor.com/media/photo-o/11/72/cf/22/west-35th-street.jpg,https://www.tripadvisor.co.uk/Hotel_Review-g60763-d1218792-Reviews-Hilton_Garden_Inn_New_York_west_35th_Street-New_York_City_New_York.html,4.5,6683,#100 of 525 hotels in New York City,101,776,"63 West 35th Street, New York City, NY 10001",+1 212-594-3310,40.75037,-73.98651,New York City,$188,$188,197,708,Hotel,,Restaurant|Bar/Lounge|Fitness centre|Air conditioning,,是,2026 Travelers' Choice,"Centrally located Manhattan hotel near Empire State Building, Times Square, and Herald Square. Easy access to subway, Penn Station, shopping, and dining. Some rooms offer iconic city views.",,,"Hilton Garden Inn New York/West 35th Street is a modern Midtown Manhattan hotel ideally located only steps from 34th St/Herald Sq subway station. New York City's best attractions are all close by including the Empire State Building, world-famous Macy's at Herald Square, Times Square, Madison Square Garden and Fifth Avenue shopping. Business and leisure guests alike enjoy a prime location on 35th Street, between Fifth and Sixth Avenues, close to Penn Station, the Port Authority Bus Terminal, Grand Central Station, all major public transportation including the subway.

The hotel offers 298 guest rooms with modern amenities including 49-inch flat-screen TVs, Keurig coffeemakers and prime views of the Empire State Building. Business amenities include a large work desk with ergonomic chair and desk. Onsite amenities include the Shop+, a grab and go breakfast open daily. A vibrant lobby bar with outdoor seating is open seasonally."
new_york,14,390,5040757,"Homewood Suites By Hilton New York/Midtown Manhattan Times Square-South, NY",https://dynamic-media-cdn.tripadvisor.com/media/photo-o/06/82/d4/f7/homewood-suites-by-hilton.jpg,https://www.tripadvisor.co.uk/Hotel_Review-g60763-d5040757-Reviews-Homewood_Suites_By_Hilton_New_York_Midtown_Manhattan_Times_Square_South_NY-New_York_Cit.html,4.5,5625,#33 of 525 hotels in New York City,34,776,"312 West 37th Street, New York City, NY 10018",+1 212-244-0644,40.754353,-73.99312,New York City,,,223,763,Hotel,,Fitness centre|Air conditioning|Pets Allowed|Family Friendly,Breakfast included,否,,"Centrally located hotel in Midtown Manhattan, steps from Times Square, Penn Station, and major attractions. Offers clean, comfortable rooms with mini kitchenettes and full-size fridges. Complimentary breakfast with the option to dine in-room. Ideal for families, work, or leisure trips.",,,"Whether you're here on business or vacation, you'll find all the comforts of home in a great location at the Homewood Suites by Hilton New York/Midtown Manhattan Times Square-South, NY, hotel. Our all-suite Manhattan hotel is just one block from Times Square and offers easy access to art venues, theaters, premier shopping, world class dining options and iconic NYC attractions: including Radio City Music Hall, Broadway, The Museum of Modern Art (MOMA) and Central Park. Feel at home in a spacious studio, one or two-bedroom suite at this extended-stay NYC hotel, loaded with carefully considered amenities. Stay in touch with the office and family with complimentary WiFi, watch a show on your HDTVs and prepare meals in the fully equipped kitchen. Buy snacks and travel essentials in the 24-hour Suite Shop, take advantage of our convenient grocery shopping service, complimentary WiFi and on-site laundry."
new_york,1,0,93338,Hotel Beacon,https://dynamic-media-cdn.tripadvisor.com/media/photo-o/0c/99/02/36/two-bedroom-suite.jpg,https://www.tripadvisor.co.uk/Hotel_Review-g60763-d93338-Reviews-Hotel_Beacon-New_York_City_New_York.html,4.5,5519,#153 of 525 hotels in New York City,160,776,"2130 Broadway, New York City, NY 10023-1724",+1 212-787-1100,40.780697,-73.98102,New York City,$352,$352,313,807,Hotel,,Restaurant|Bar/Lounge|Fitness centre|Air conditioning,,是,2026 Travelers' Choice,"Upper West Side hotel near Central Park, subway lines, and museums. Features kitchenettes, friendly staff, and a quiet neighborhood. Conveniently located near a supermarket, restaurants, and cafes.",,,"Welcome to Hotel Beacon NYC—your sanctuary of comfort in the heart of New York City. Nestled on the historic Upper West Side, amid charming tree-lined streets and iconic landmarks, our hotel offers a peaceful retreat from the city's vibrant energy. With elegantly designed, spacious guestrooms and suites, we provide a warm and welcoming stay. Enjoy breathtaking views of Central Park, the Hudson River, and Midtown Manhattan, making the Beacon the ideal starting point for your New York adventures. And after a day of exploration, return to the perfect place to unwind and feel at home."
new_york,2,30,93525,Sanctuary Hotel New York,https://dynamic-media-cdn.tripadvisor.com/media/photo-o/32/7e/77/f9/deluxe-king-sanctuary.jpg,https://www.tripadvisor.co.uk/Hotel_Review-g60763-d93525-Reviews-Sanctuary_Hotel_New_York-New_York_City_New_York.html,4.5,5233,#179 of 525 hotels in New York City,188,776,"132 West 47TH Street, New York City, NY 10036",+1 212-234-7000,40.758408,-73.98331,New York City,$131,$131,188,612,Hotel,,Restaurant|Bar/Lounge|Fitness centre|Air conditioning,Breakfast included,是,2026 Travelers' Choice,"Stylish hotel in central Manhattan near Times Square, ideal for short stays. Features small rooms, rooftop bar with city views, two restaurants, and continental breakfast included. Perfect for sightseeing.",,,"Sanctuary Hotel New York brings an authentic Manhattan lifestyle boutique hotel experience and European inspired hospitality to New York City. ""Winner of the International Hotel of the Year 2011 at the European Hospitality Awards"", the Sanctuary Hotel New York is located in the heart of the theatre district and Times Square at 47th St. between Sixth Avenue and Seventh Avenue. Our discrete luxury lifestyle hotel offers personalized service and stylish accommodations with 111 well-appointed rooms, richly decorated with a warm palette that include deep orange, chocolate brown and cognac. Over-sized leather headboards compliment the luxurious sheets, duvets and terry while crystal chandeliers add glamour and an overall ambiance that is both inviting and warm."
new_york,1,0,99332,Ameritania at Times Square Hotel,https://dynamic-media-cdn.tripadvisor.com/media/photo-o/31/d6/15/eb/entrance-to-the-ameritania.jpg,https://www.tripadvisor.co.uk/Hotel_Review-g60763-d99332-Reviews-Ameritania_at_Times_Square_Hotel-New_York_City_New_York.html,4.4,8513,#52 of 525 hotels in New York City,53,776,"230 W 54th Street, New York City, NY 10019-5594",+1 212-247-5000,40.763954,-73.98277,New York City,$169,$169,174,613,Hotel,,Bar/Lounge|Fitness centre|Air conditioning|Pets Allowed,,是,2026 Travelers' Choice,"Centrally located near Times Square, Central Park, and theaters, this hotel is perfect for exploring NYC. Steps from subways, dining, and entertainment, with a quiet neighborhood feel. Friendly staff and excellent local recommendations make it ideal for first-time and seasoned travelers.",,,"Discover the Ameritania Hotel, where fun and modern design meets the most vibrant NYC neighborhood. This historic Beaux-Arts hotel, nestled on West 54th Street at Broadway, offers a one-of-a-kind experience. Located steps from iconic attractions like Central Park, Times Square, Radio City Music Hall, Rockefeller Center, and Carnegie Hall, we're also neighbors with the Ed Sullivan Theatre, home to Stephen Colbert's Late Night Show on CBS. Our lively lobby is home to Bar Ameritania, where you can enjoy drinks and light fare fireside. Experience affordable style with exclusive offers on our official website. Our pet-friendly hotel rooms feature spacious beds, plush bedding & cotton linens, in-room safes, mini-fridges, premium WiFi, AC/Heating controls, Rain Showerheads, C.O. Bigelow Bath Amenities, Iron & Ironing boards, Hair Dryers, blackout curtains, and more. Plus, our 24-hour fitness center is at your service. Explore NYC your way at the Ameritania Hotel!"
new_york,4,90,4799063,Hyatt Centric Times Square New York,https://dynamic-media-cdn.tripadvisor.com/media/photo-o/11/01/9d/3c/exterior-photo.jpg,https://www.tripadvisor.co.uk/Hotel_Review-g60763-d4799063-Reviews-Hyatt_Centric_Times_Square_New_York-New_York_City_New_York.html,4.4,7488,#155 of 525 hotels in New York City,162,776,"135 West 45th Street, New York City, NY 10036-4004",+1 646-364-1234,40.757473,-73.98409,New York City,,,268,803,Hotel,,Bar/Lounge|Fitness centre|Air conditioning|Free Wifi,Breakfast included,是,2026 Travelers' Choice,"Upscale hotel in the heart of Times Square with spacious rooms, floor-to-ceiling windows, and breathtaking city views. Highlights include a rooftop bar with stunning scenery, central location near theaters and attractions, and easy access to subway links. Perfect for special occasions.",,,"Live the ultimate New York lifestyle at the sophisticated Hyatt Centric Times Square New York. You’ll feel like a privileged Manhattanite from the moment you walk into your city pied-a-terre, just steps from the business district and famous attractions such as Broadway theaters, Radio City Music Hall, Rockefeller Center and the New York Public Library. Rest assured that yours will be no typical Manhattan hotel room either. Your chic apartment-style retreat, relaxing while reflecting the thrill of city life, will greet you with magnificent floor-to-ceiling windows and eye-catching original, city-themed art, including a colorful and comfy custom-designed pop-art lounge chair. Stay comfortably, confidently and most of all - stay Centric."
new_york,3,60,126260,Lotte New York Palace,https://dynamic-media-cdn.tripadvisor.com/media/photo-o/0c/5b/a9/5b/lotte-new-york-palace.jpg,https://www.tripadvisor.co.uk/Hotel_Review-g60763-d126260-Reviews-Lotte_New_York_Palace-New_York_City_New_York.html,4.4,7388,#239 of 525 hotels in New York City,254,776,"455 Madison Avenue, New York City, NY 10022",+1 877-608-2486,40.75803,-73.974976,New York City,$445,$445,417,1366,Hotel,,Spa|Restaurant|Bar/Lounge|Fitness centre,,是,2026 Travelers' Choice,"Upscale historic hotel in Midtown NYC with stunning views of St. Patrick’s Cathedral. Renowned for its elegant architecture, central location, and rich history. Highlights include the Gold Room bar, Gossip Girl-themed experiences, and exceptional service. Perfect for a memorable stay.",,,"The Lotte New York Palace is the first five-star hotel in NYC's history offering ultra-luxurious amenities, distinctive events spaces, and opulent suites."
new_york,11,300,1218720,"The Standard, High Line",https://dynamic-media-cdn.tripadvisor.com/media/photo-o/2c/20/b7/7c/stnd-hlexterior-highline.jpg,https://www.tripadvisor.co.uk/Hotel_Review-g60763-d1218720-Reviews-The_Standard_High_Line-New_York_City_New_York.html,4.4,6947,#118 of 525 hotels in New York City,120,776,"848 Washington Street, New York City, NY 10014-1308",+1 212-645-4646,40.740814,-74.007866,New York City,,,364,1042,Hotel,,Restaurant|Bar/Lounge|Fitness centre|Air conditioning,,否,,"Design-forward hotel with stunning floor-to-ceiling views of the Hudson and city skyline. Features include a glassed-in shower, teacup tub, and a 1950s modern vibe. Located near the High Line and Whitney Museum, with vibrant dining options and a standout on-site restaurant.",,,"Rising above a former elevated train line that has become downtown’s favorite public park, The Standard, High Line is located in New York City’s Meatpacking District. Every one of the 338 hotel rooms features a full wall of floor-to-ceiling windows with sweeping views of Manhattan and/or the mighty Hudson River. The hotel’s inviting and scintillating spaces include a bustling German beer garden at ground level, the rooftop discothèque Le Bain, the glittering BOOM, and an outdoor public plaza with rotating art installations and activations. A neighborhood staple, The Standard Grill is classic New York—blending traditional steakhouse with New American cuisine."
new_york,2,30,99392,Kixby Hotel,https://dynamic-media-cdn.tripadvisor.com/media/photo-o/2e/48/b1/93/kixby-is-waiting-to-welcome.jpg,https://www.tripadvisor.co.uk/Hotel_Review-g60763-d99392-Reviews-Kixby_Hotel-New_York_City_New_York.html,4.4,5421,#108 of 525 hotels in New York City,109,776,"45 West 35th Street, New York City, NY 10001",+1 212-947-2500,40.750156,-73.98599,New York City,$238,$238,250,783,Hotel,,Restaurant|Bar/Lounge|Fitness centre|Air conditioning,,是,2026 Travelers' Choice,"Centrally located NYC hotel near attractions, subway, and dining. Features a rooftop bar with Empire State Building views, in-room coffee machines, and an attached restaurant with great food.",,,"Plan your stay at Kixby, perfectly situated in Midtown Manhattan just steps from NYC's top attractions with stellar accommodations and amenities."
new_york,15,420,208453,Hilton New York Times Square,https://dynamic-media-cdn.tripadvisor.com/media/photo-o/34/37/ad/f9/exterior.jpg,https://www.tripadvisor.co.uk/Hotel_Review-g60763-d208453-Reviews-Hilton_New_York_Times_Square-New_York_City_New_York.html,4.3,9001,#282 of 525 hotels in New York City,297,776,"234 West 42nd Street, New York City, NY 10036",+1 212-913-9488,40.75665,-73.988815,New York City,,,226,755,Hotel,,Restaurant|Bar/Lounge|Fitness centre|Air conditioning,,否,,"Modern hotel with large rooms and stunning views near Times Square and Broadway. Prime location for NYC attractions, dining, and entertainment. Lounge and bar area noted as highlights.",,,"Wake Up to the Best Views in Times Square Check in and ascend up into the New York City skyline at our Times Square hotel. Perched above the energy and heart of the city, your stay in the clouds begins on the 15th floor, where guests are welcomed into the fully transformed Sky Lobby, featuring a striking design inspired by the glamor of New York's Gilded Age. Guest rooms rank as some of the largest in the city, offering impressive footprints, full-sized work stations, and unbelievable views of the Empire State Building, Hudson River, and Times Square. All guest rooms start on the 22nd floor and above and offer unobstructed views of Manhattan. Whimsical cocktails and NYC-inspired small plates are complemented by the glimmering city that surrounds the all-new Times Square bar and lounge, 42nd And Sky."
new_york,15,420,23947235,Delta Hotels New York Times Square,https://dynamic-media-cdn.tripadvisor.com/media/photo-o/2a/4f/36/fe/delta-hotels-by-marriott.jpg,https://www.tripadvisor.co.uk/Hotel_Review-g60763-d23947235-Reviews-Delta_Hotels_New_York_Times_Square-New_York_City_New_York.html,4.3,6694,#308 of 525 hotels in New York City,325,776,"340 West 40th Street, New York City, NY 10018",+1 212-757-9000,40.75672,-73.992744,New York City,,,194,766,Hotel,,Bar/Lounge|Fitness centre|Air conditioning|Pets Allowed,,否,,"Conveniently located near Times Square, Penn Station, and major attractions. Features spacious rooms, a well-stocked pantry, bar, and valet parking. Ideal for short stays and Bonvoy members.",,,"Rest easy at Delta Hotels by Marriott New York Times Square. Our hotel is located in New York, New York, and places you conveniently in Times Square, just steps away from Madison Square Garden and Central Park. After a day of exploring the city, unwind in our spacious guest rooms and enjoy on-site dining at NEROLAB."
new_york,2,30,3235844,Pod 39 Hotel,https://dynamic-media-cdn.tripadvisor.com/media/photo-o/13/ad/86/0b/pod-39-hotel.jpg,https://www.tripadvisor.co.uk/Hotel_Review-g60763-d3235844-Reviews-Pod_39_Hotel-New_York_City_New_York.html,4.3,5828,#75 of 525 hotels in New York City,76,776,"145 E 39th Street Between 3rd Ave & Lexington Ave, New York City, NY 10016-0913",+1 212-865-5700,40.749317,-73.9766,New York City,$162,$162,162,494,Hotel,,Restaurant|Bar/Lounge|Air conditioning|Airport transportation,,是,2026 Travelers' Choice,"Centrally located near Grand Central Station, this hotel offers clean, efficient rooms and great value. Features include a rooftop bar with stunning views, a restaurant, and entertainment options. Compact rooms maximize space, while the vibrant common areas and prime location make it ideal for exploring NYC.",,,"​The hunt for a fun yet budget-friendly place to drop your bags in NYC is finally over. Centrally located, socially connected, and uber tech-savvy, Pod 39 Hotel offers up a friendly travel experience at the epicenter of Murray Hill in Midtown East. ​ ​Step past the landmark Northern Italian Renaissance façade to find the first of many surprises: our bright, buzzing lobby that’s all about connectivity – be it to the city, our staff, or your fellow urban nomads. A few steps farther and you’re in the Playroom Lounge, with guests huddled over board games, sipping cocktails by the fireplace, or catching up at work."
new_york,18,510,1158753,Ink 48 Hotel,https://dynamic-media-cdn.tripadvisor.com/media/photo-o/33/0a/bb/bf/hotel-aerial.jpg,https://www.tripadvisor.co.uk/Hotel_Review-g60763-d1158753-Reviews-Ink_48_Hotel-New_York_City_New_York.html,4.3,4181,#332 of 525 hotels in New York City,352,776,"653 Eleventh Avenue, New York City, NY 10036-2004",+1 212-757-0088,40.764576,-73.99595,New York City,,,214,643,Hotel,,Restaurant|Bar/Lounge|Fitness centre|Air conditioning,,否,,"Modern hotel in Hell's Kitchen near Times Square and Central Park. Features spacious rooms, Hudson River views, a rooftop bar, and proximity to dining and attractions like Restaurant Row.",,,"Named no. 6 best NYC hotel in the Condé Nast Traveler Readers' Choice Awards, Ink 48 Hotel is proud to have won the award three times in a row. Located in the creative center of New York City, Hell's Kitchen, near Times Square, Ink 48 Hotel comes to life in the city's preeminent theatrical printing press from the 1930s. Transformed with modern interiors, the historic hotel's 222 guestrooms and suites have views of the Manhattan skyline and the Hudson River."
new_york,2,30,12551350,Pod Times Square,https://dynamic-media-cdn.tripadvisor.com/media/photo-o/30/2a/51/48/pod-queen.jpg,https://www.tripadvisor.co.uk/Hotel_Review-g60763-d12551350-Reviews-Pod_Times_Square-New_York_City_New_York.html,4.3,3608,#128 of 525 hotels in New York City,132,776,"400 W 42nd St, New York City, NY 10036",+1 844-763-7666,40.758465,-73.9931,New York City,$128,$128,153,498,Hotel,,Restaurant|Bar/Lounge|Air conditioning|Airport transportation,,是,2026 Travelers' Choice,"Centrally located near Times Square and transportation hubs, this budget-friendly hotel offers clean, modern rooms with cozy bunk bed options and great views. Ideal for short stays, it features helpful staff, convenient lounge areas, and easy access to NYC attractions and landmarks.",,,"Pod Times Square is the newest member of the Pod Hotel family. Set in the crossroads of the world, we're also just blocks to tranquil Hudson River Park, the Intrepid, and Circle Line Cruises. Close to all of the action, but just far enough away — and above — the hustle and bustle so you can sleep tight and stay happy! At just one block to the 42nd Street – Port Authority subway and bus station, you’ll have quick and easy access to every neighborhood in New York City and beyond."
new_york,1,0,1646128,InterContinental New York Times Square by IHG,https://dynamic-media-cdn.tripadvisor.com/media/photo-o/30/35/4b/df/uptown-view-of-manhattan.jpg,https://www.tripadvisor.co.uk/Hotel_Review-g60763-d1646128-Reviews-InterContinental_New_York_Times_Square_by_IHG-New_York_City_New_York.html,4.2,9236,#158 of 525 hotels in New York City,166,776,"300 West 44th Street, New York City, NY 10036",+1 212-803-4500,40.758602,-73.98922,New York City,$327,$327,318,801,Hotel,,Restaurant|Bar/Lounge|Fitness centre|Air conditioning,Sponsored,是,2026 Travelers' Choice,"Centrally located near Times Square and subway lines, offering spacious rooms with stunning views and cozy ambiance. Features a popular bar with a great drink selection and an on-site restaurant. Ideal for exploring NYC’s attractions and dining options. Warm, attentive staff.",,,"Rising 36 stories above the pulse and pageantry of Times Square, InterContinental New York Times Square is a hub of tranquility nestled in Midtown Manhattan's Theatre District. Sip a signature cocktail in The Stinger Cocktail Bar and Kitchen. Find ease in chic accommodations, including sleek and spacious guest rooms and Junior Suites."
new_york,3,60,99288,Arthouse Hotel New York City,https://dynamic-media-cdn.tripadvisor.com/media/photo-o/2d/ee/95/73/penthouse-bedroom.jpg,https://www.tripadvisor.co.uk/Hotel_Review-g60763-d99288-Reviews-Arthouse_Hotel_New_York_City-New_York_City_New_York.html,4.2,8159,#237 of 525 hotels in New York City,252,776,"2178 Broadway at West 77th Street, New York City, NY 10024-6647",+1 212-362-1100,40.782177,-73.98034,New York City,$224,$224,222,681,Hotel,,Restaurant|Bar/Lounge|Fitness centre|Air conditioning,,是,2026 Travelers' Choice,"Boutique hotel on the Upper West Side near Central Park, museums, and dining. Easy access to subway. Lively ambiance, on-site restaurants, bars, and nearby eateries like Red Farm and Serafina.",,,"Arthouse Hotel New York City is inspired by the creativity, community, and artistic culture of the Upper West Side. Guests will appreciate the location’s convenient proximity to Manhattan’s business and leisure destinations, access to the residential amenities of one of New York’s best neighborhoods, and three highly fashionable bar and restaurant venues located within the hotel. Luxury guest rooms and suites feature all new custom furnishings; cutting-edge design in a warm palette of grays and blues paired with pops of vibrant color from accents such as hanging lamps and metal doors on storage cabinets and nightstands; and original artwork from local artists. Rooms also feature high-speed Internet and our signature bed—the most comfortable in the industry. A number of rooms offer balconies and stunning views of the New York City skyline, Central Park and the Hudson River."
new_york,1,0,93390,Hotel Belleclaire,https://dynamic-media-cdn.tripadvisor.com/media/photo-o/28/5a/fe/49/hotel-belleclaire.jpg,https://www.tripadvisor.co.uk/Hotel_Review-g60763-d93390-Reviews-Hotel_Belleclaire-New_York_City_New_York.html,4.2,6189,#18 of 525 hotels in New York City,18,776,"2175 Broadway, New York City, NY 10024",+1 212-362-7700,40.782486,-73.98117,New York City,$287,$287,246,735,Hotel,,Fitness centre|Air conditioning|Airport transportation|Free Wifi,,是,2026 Travelers' Choice,"Boutique hotel on NYC’s Upper West Side with historic charm and sophisticated vibe. Prime location near Central Park and museums, with easy access to restaurants and subway. Features include a connected French bakery with delicious pastries and great value with off-season deals.",,,"Surrounded by an eclectic array of cultural offerings, Hotel Belleclaire combines classic charm with modern conveniences in a landmark building designed by Emery Roth in 1903. With newly renovated rooms & suites, Allure cocktail lounge, and Mille-Feuille French bakery & café, the Upper West Side hotel is suitable for business and leisure guests alike with an ideal location near iconic New York attractions including Beacon Theatre, The American Museum of Natural History, Central Park, and Lincoln Center."
new_york,11,300,2173604,"Dream Downtown, by Hyatt",https://dynamic-media-cdn.tripadvisor.com/media/photo-o/07/6f/7d/da/dream-downtown.jpg,https://www.tripadvisor.co.uk/Hotel_Review-g60763-d2173604-Reviews-Dream_Downtown_by_Hyatt-New_York_City_New_York.html,4.2,5455,#260 of 525 hotels in New York City,275,776,"355 West 16 Street, New York City, NY 10011",+1 212-229-2559,40.742332,-74.00348,New York City,,,301,812,Hotel,,Pool|Restaurant|Bar/Lounge|Fitness centre,,否,,"Trendy hotel in NYC's Meatpacking District with quirky, modern design and unique features like the rooftop club and ""electric room."" Prime location near Chelsea Market, dining, shopping, and landmarks. Vibrant atmosphere, friendly staff, and standout entertainment options.",,,"Located between New York City's Meatpacking District and Chelsea neighborhood, Dream Downtown is a lifestyle hotel with an emphasis on service and after-dark possibilities. Extraordinary in design and unique in character, the hotel offers everything today's urban traveler seeks, including 315 loft-style guest rooms and suites, luxurious amenities and unique entertainment spaces."
new_york,4,90,93462,Intercontinental New York Barclay By IHG,https://dynamic-media-cdn.tripadvisor.com/media/photo-o/32/68/2e/d1/rooftop-at-intercontinental.jpg,https://www.tripadvisor.co.uk/Hotel_Review-g60763-d93462-Reviews-Intercontinental_New_York_Barclay_By_IHG-New_York_City_New_York.html,4.2,3644,#255 of 525 hotels in New York City,270,776,"111 East 48th St, New York City, NY 10017",+1 212-755-5900,40.75566,-73.973526,New York City,"$1,046","$1,046",310,1144,Hotel,,Restaurant|Bar/Lounge|Fitness centre|Air conditioning,,是,2026 Travelers' Choice,"Elegant historical hotel in Midtown Manhattan, blending classic charm with modern luxury. Centrally located near Grand Central Station, with renovated rooms, a fabulous bar, and a praised Club Lounge. Walking distance to top attractions, restaurants, and subway stations.",,,"Since 1926, InterContinental New York Barclay has welcomed the world's most discerning guests. Immaculately refurbished throughout the years, our luxury Midtown Manhattan hotel eloquently recalls the grandeur of the Jazz Era and old New York while fusing modern-day conveniences and amenities. Conveniently located near Grand Central Station, our Manhattan event venue plays host to every occasion - whether you're hosting a personal event, business meeting or enjoying a New York getaway."
new_york,16,450,2079052,YOTEL New York Times Square,https://dynamic-media-cdn.tripadvisor.com/media/photo-o/04/4a/6a/57/yotel-new-york-at-times.jpg,https://www.tripadvisor.co.uk/Hotel_Review-g60763-d2079052-Reviews-YOTEL_New_York_Times_Square-New_York_City_New_York.html,4.1,15414,#435 of 525 hotels in New York City,501,776,"570 Tenth Avenue West 42nd Street, New York City, NY 10036",+1 646-449-7700,40.75916,-73.99546,New York City,,,167,502,Hotel,,Restaurant|Bar/Lounge|Fitness centre|Air conditioning,,否,,"Modern hotel near Times Square with compact, functional rooms and tech-forward features like robotic luggage storage. Offers outdoor lounge with city views, cafe, and easy access to metro and attractions.",,,"""Moments from the Times Square action and immersed in Manhattan charm, YOTEL New York - the chain's first city property - kickstarted a new era of city break living that has since spread across the globe. Inspired by first class air travel, YOTEL combines clever design with cutting-edge technology to ensure each room is complete with everything you need and nothing you don't. This means after a night's sleep, there's more gas in your tank and more money in your pocket. What's more, the self-service stations along with state-of-the-art robots allow for an effortless, contactless and seamless stay from start to finish. Ready to experience the future of city breaks? Book noww."""
new_york,2,30,93507,New York Marriott Marquis,https://dynamic-media-cdn.tripadvisor.com/media/photo-o/2e/f7/c1/e1/exterior.jpg,https://www.tripadvisor.co.uk/Hotel_Review-g60763-d93507-Reviews-New_York_Marriott_Marquis-New_York_City_New_York.html,4.1,13912,#278 of 525 hotels in New York City,293,776,"1535 Broadway, New York City, NY 10036",+1 212-398-1900,40.758854,-73.98587,New York City,$347,$347,345,1098,Hotel,,Restaurant|Bar/Lounge|Fitness centre|Air conditioning,,是,2026 Travelers' Choice,"Modern Times Square hotel with spacious rooms, stunning views, and vibrant atmosphere. Prime location near Broadway with multiple dining options, a revolving restaurant, gym, and outdoor area.",,,"Step into the magic of NYC at New York Marriott Marquis, an iconic hotel nestled in Manhattan’s Times Square. The View, NYC’s only revolving rooftop restaurant, bar, and lounge, has reopened with a fresh new look, offering an elevated dining experience high above Times Square. Our New York City hotel in Midtown is surrounded by Broadway’s bright lights and world-class attractions. Indulge in bold New York flavors at our newly reimagined restaurants, unwind in spacious accommodations with modern amenities, and take in stunning views of Times Square and the Manhattan skyline. Planning an event? Our sophisticated venues span over 100,000 square feet and feature cutting-edge technology for seamless gatherings. Whether you're hosting a corporate event, holiday party, or special occasion, we’ll help bring your vision to life. Experience the perfect blend of style, comfort, and convenience at New York Marriott Marquis—your gateway to the best of Times Square."
new_york,3,60,93593,The Westin New York Grand Central,https://dynamic-media-cdn.tripadvisor.com/media/photo-o/2e/38/66/a8/the-westin-new-york-grand.jpg,https://www.tripadvisor.co.uk/Hotel_Review-g60763-d93593-Reviews-The_Westin_New_York_Grand_Central-New_York_City_New_York.html,4.1,6254,#148 of 525 hotels in New York City,154,776,"212 East 42nd Street, New York City, NY 10017",+1 212-490-8900,40.75051,-73.97397,New York City,$338,$338,295,1350,Hotel,,Restaurant|Bar/Lounge|Fitness centre|Air conditioning,,是,2026 Travelers' Choice,"Centrally located in Midtown East near Grand Central, this hotel offers spacious rooms with stunning views and easy access to landmarks, dining, and shopping. Guests praise the lively lobby bar, excellent accommodations, and convenient location, making it ideal for exploring NYC.",,,"Find what drives you at The Westin New York Grand Central, an inspiring hotel in Manhattan, NYC. Located in Midtown Manhattan East, the hotel offers travelers access to Grand Central Terminal's transit lines, shops, and restaurants. Nearby Manhattan landmarks include Bryant Park, MoMA, the Empire State Building, and Rockefeller Center. Guests can unwind in beautifully appointed guest rooms and suites featuring the signature Westin Heavenly Bed, rejuvenating Heavenly Bath, and state-of-the-art technology. Dining options include Amuse Marketplace and Bar, open for all-day dining near Grand Central Station, alongside wellness facilities at the WestinWORKOUT Fitness Studio. For weddings, corporate meetings, or special events in New York City, the hotel provides 15,000 square feet of flexible indoor and outdoor venue space enhanced by professional planning services."
new_york,12,330,641209,Hilton Garden Inn New York/Manhattan-Chelsea,https://dynamic-media-cdn.tripadvisor.com/media/photo-s/02/80/c6/36/highrise-new-york-city.jpg,https://www.tripadvisor.co.uk/Hotel_Review-g60763-d641209-Reviews-Hilton_Garden_Inn_New_York_Manhattan_Chelsea-New_York_City_New_York.html,4.1,2718,#283 of 525 hotels in New York City,299,776,"121 West 28th Street, New York City, NY 10001-6102",+1 212-564-2181,40.746685,-73.99137,New York City,,,224,722,Hotel,,Restaurant|Fitness centre|Air conditioning|Pets Allowed,,否,,"Conveniently located near Penn Station, Broadway, and Madison Square Garden with easy access to subways and attractions. Spacious rooms with two queen beds, friendly staff, and nearby dining options.",,,"The Hilton Garden Inn New York/Manhattan-Chelsea hotel is perfectly located in New York's Flower and very chic Chelsea district, just south of Times Square. Convenient to Penn Station, Grand Central Station, all subway lines and the 3 area airports La Guardia, Newark and JFK international.

As our guest, you will be central to all the sights and sounds of New York City's night life, award-winning restaurants, museums, Chelsea Pier, Greenwich Village, SoHo, Tribeca, the Garment Center and the famous Broadway.

This hotel features 169 new guest rooms and is an easy walk to many businesses and area attractions including: Madison Square Garden, Empire State Building, Times Square, Macy's, 34th Street Shopping District and Wholesale Merchandise Mart, Jacob Javits Convention Center, Fashion Institute of Technology, Flat Iron Building."
new_york,1,0,99321,The Manhattan Club,https://dynamic-media-cdn.tripadvisor.com/media/photo-o/34/1f/3a/16/man-themanhattanclub.jpg,https://www.tripadvisor.co.uk/Hotel_Review-g60763-d99321-Reviews-The_Manhattan_Club-New_York_City_New_York.html,4.1,2334,#264 of 525 hotels in New York City,279,776,"200 West 56th Street, New York City, NY 10019",+1 212-707-5000,40.764957,-73.98118,New York City,$215,$215,254,808,Hotel,,Bar/Lounge|Fitness centre|Air conditioning|Family Friendly,,是,2026 Travelers' Choice,"Classic-style hotel in a prime Manhattan location near Central Park, Times Square, and Carnegie Hall. Features spacious one-bedroom suites with kitchenettes, two bathrooms, and helpful staff.",,,"Welcome to The Manhattan Club, where spacious living meets exceptional comfort. Our all-suite accommodations are designed to provide ample room for relaxation and productivity, making your stay in New York City both comfortable and convenient. Each suite features generous living areas, well-equipped kitchenettes, and functional amenities, offering plenty of space to unwind or work after a busy day in Manhattan."
new_york,8,210,93477,New York Marriott Downtown,https://dynamic-media-cdn.tripadvisor.com/media/photo-o/33/72/a4/99/one-bedroom-executive.jpg,https://www.tripadvisor.co.uk/Hotel_Review-g60763-d93477-Reviews-New_York_Marriott_Downtown-New_York_City_New_York.html,4.1,2280,#259 of 525 hotels in New York City,274,776,"85 West Street At Albany Street At Albany Street, New York City, NY 10006",+1 212-385-4900,40.709736,-74.01474,New York City,,,321,1285,Hotel,,Restaurant|Bar/Lounge|Fitness centre|Air conditioning,,否,,"Centrally located in the Financial District near major landmarks, dining, and subway lines. Ideal for business or leisure travel with a traditional New York feel and city views. Friendly, hospitable staff.",,,"New York Marriott Downtown is located near Wall Street and Battery Park in Lower Manhattan. Our hotel in downtown NYC, situated in the Financial District close to One World Observatory, offers breathtaking elegance and contemporary design. Sit down for a delicious meal at Bill's Bar & Burger, one of NYC's most beloved burger joints, or explore the neighborhood and dine at one of the dozens of restaurants within walking distance. From the Statue of Liberty, the 9/11 Memorial & Museum, and Wall Street to the Oculus, Brookfield Place, and South Street Seaport, iconic NYC attractions are steps away. For those looking to host a wedding or a meeting, let the outstanding service and state-of-the-art amenities of our Lower Manhattan hotel take your event to new heights. From chic guest rooms to the vibrant streets of Lower Manhattan, feel inspired by the visionary spirit surrounding you."
new_york,15,420,99368,Courtyard by Marriott New York Manhattan/Times Square,https://dynamic-media-cdn.tripadvisor.com/media/photo-o/31/aa/df/1a/midtown-manhattan-skyline.jpg,https://www.tripadvisor.co.uk/Hotel_Review-g60763-d99368-Reviews-Courtyard_by_Marriott_New_York_Manhattan_Times_Square-New_York_City_New_York.html,4.1,1756,#298 of 525 hotels in New York City,315,776,"114 West 40th Street, New York City, NY 10018",+1 212-391-0088,40.75352,-73.98625,New York City,,,236,702,Hotel,,Restaurant|Bar/Lounge|Fitness centre|Air conditioning,,否,,"Convenient NYC location near Times Square and Bryant Park. Comfortable atmosphere with helpful staff. Walking distance to attractions, restaurants, and theaters. Features include a mini-fridge.",,,"Discover the comfort of refreshing NYC hotel rooms at the Courtyard New York Manhattan/Times Square and enjoy a convenient Midtown Manhattan location. You can be in the center of it all with Bryant Park, Rockefeller Plaza, Central Park, and Madison Square Garden within a few steps of our front door. Enjoy great amenities like breakfast options, dinner and drinks, free wi-fi, and fitness center when you stay with us."
new_york,11,300,220243,W New York - Union Square,https://dynamic-media-cdn.tripadvisor.com/media/photo-o/31/37/74/b8/exterior.jpg,https://www.tripadvisor.co.uk/Hotel_Review-g60763-d220243-Reviews-W_New_York_Union_Square-New_York_City_New_York.html,4.1,1740,#258 of 525 hotels in New York City,273,776,"201 Park Avenue South, New York City, NY 10003",+1 212-253-9119,40.73666,-73.98874,New York City,$572,$572,534,1456,Hotel,,Fitness centre|Air conditioning|Pets Allowed|Family Friendly,Sponsored,否,,"Renovated hotel near Union Square and subway. Features modern, clean rooms, sleek bathrooms, a gym, and inviting common spaces. Convenient location near dining, shops, and public transport.",,,"W New York – Union Square stands at one of Manhattan’s most dynamic crossroads. After a beautiful renovation, our hotel near Union Square is a transit hub, a gathering spot, a market, a stage, and an enclave. It is as multifaceted as any neighborhood in the Big Apple. We channel the spirit of our setting within our walls, too. With dynamic programming, plentiful public spaces, bold design inspired by the Square, and local-favorite cuisine and bar offerings, our Union Square, NYC, hotel is a place to choose your adventure, be exactly as you are, and play your angle."
new_york,19,540,75688,"Dream Midtown, by Hyatt",https://dynamic-media-cdn.tripadvisor.com/media/photo-o/10/7c/55/73/dream-midtown.jpg,https://www.tripadvisor.co.uk/Hotel_Review-g60763-d75688-Reviews-Dream_Midtown_by_Hyatt-New_York_City_New_York.html,4.1,1649,#335 of 525 hotels in New York City,355,776,"210 West 55 Street, New York City, NY 10019",+1 212-247-2000,40.76455,-73.98186,New York City,,,214,671,Hotel,,Restaurant|Bar/Lounge|Air conditioning|Airport transportation,,否,,"Centrally located near Times Square and Central Park, this hotel offers easy access to NYC attractions. Features include an attached restaurant, rooftop bar, and nearby dining and nightlife options.",,,"Situated in the heart of Manhattan, Dream Midtown is a classic New York City hotel that brings a new, vibrant energy to the neighborhood. The 221-room hotel offers unique dining and nightlife options as well as stylish meeting and events spaces. Guests at Dream Midtown can enjoy iconic destinations like Central Park, Rockefeller Center, Columbus Circle and 5th Avenue luxury boutiques just a few steps away."
new_york,19,540,93520,Park Central Hotel New York,https://dynamic-media-cdn.tripadvisor.com/media/photo-o/01/cf/a5/24/park-central-hotel-front.jpg,https://www.tripadvisor.co.uk/Hotel_Review-g60763-d93520-Reviews-Park_Central_Hotel_New_York-New_York_City_New_York.html,4,9788,#306 of 525 hotels in New York City,323,776,"870 7th Ave, New York City, NY 10019",+1 212-247-8000,40.764618,-73.980896,New York City,$214,$214,215,713,Hotel,,Bar/Lounge|Fitness centre|Air conditioning|Family Friendly,Sponsored,否,,"Centrally located hotel near Central Park, Columbus Circle, and Times Square, perfect for sightseeing and theater visits. Known for its unbeatable location and proximity to Carnegie Hall. Great value for exploring NYC with a well-maintained lobby and easy access to top attractions.",,,"Park Central Hotel New York | The Midtown Manhattan Hotel Hotel located in the heart of Manhattan Built during The Roaring Twenties, the Park Central Hotel New York once accommodated and entertained some of the most influential figures of the day - from Jackie Gleason and Mae West to Glenn Miller and Tommy Dorsey, even First Lady Eleanor Roosevelt. Today's guests are invited to escape the busy city life in exchange for the serenity that awaits them at the Park Central Hotel near Rockefeller Center - newly renovated and inspired by the iconic Central Park and renowned New York City landmarks."
new_york,3,60,93358,Pod 51 Hotel,https://dynamic-media-cdn.tripadvisor.com/media/photo-o/10/85/b2/47/pod-51-hotel.jpg,https://www.tripadvisor.co.uk/Hotel_Review-g60763-d93358-Reviews-Pod_51_Hotel-New_York_City_New_York.html,4,6614,#212 of 525 hotels in New York City,222,776,"230 East 51st Street, New York City, NY 10022-6571",+1 212-355-0300,40.75582,-73.96907,New York City,$126,$126,138,467,Hotel,,Restaurant|Bar/Lounge|Air conditioning|Pets Allowed,,是,2026 Travelers' Choice,"Centrally located hotel near subway stations and tourist spots. Clean, efficiently designed rooms with private or shared bathrooms. Features cheerful decor, common areas, and nearby dining options.",,,"Pod 51 is the most affordable hotel in NYC, with a focus on style and comfort. We offer room types for every budget and preference. Free week day walking tours and WiFi. Kick back and relax in our lobby, grab a bite to eat at our cafe, or soak up the city in our beautiful rooftop garden."
new_york,14,390,2253206,TRYP by Wyndham New York City Times Square / Midtown,https://dynamic-media-cdn.tripadvisor.com/media/photo-o/0b/dd/be/26/entrance.jpg,https://www.tripadvisor.co.uk/Hotel_Review-g60763-d2253206-Reviews-TRYP_by_Wyndham_New_York_City_Times_Square_Midtown-New_York_City_New_York.html,4,5456,#422 of 525 hotels in New York City,475,776,"345 W 35th St, New York City, NY 10001",+1 212-600-2440,40.75368,-73.99465,New York City,,,202,665,Hotel,,Restaurant|Bar/Lounge|Fitness centre|Air conditioning,,否,,"Spacious hotel near Times Square, Penn Station, and subway access. Family rooms with bunk beds ideal for groups. Walking distance to restaurants, shopping, and attractions. Convenient for NYC exploration.",,,"Soaring ceilings and eclectic décor welcome you to lively Midtown at TRYP by Wyndham New York City Times Square / Midtown. Easily reachable from LaGuardia (LGA), Newark Liberty (EWR), and John F. Kennedy (JFK) airports, our urban hotel puts the lights of Broadway, Madison Square Garden, Lincoln Center, and the Empire State Building within reach. After a busy day exploring the city, take advantage of a myriad of amenities including a unique social hub, tapas restaurant, rooftop terrace with stunning city views, 24/7 gym, virtual business center, and polished meeting space."
new_york,3,60,1390172,Fairfield by Marriott New York Manhattan Times Square,https://dynamic-media-cdn.tripadvisor.com/media/photo-o/30/b3/35/8e/main-entrance.jpg,https://www.tripadvisor.co.uk/Hotel_Review-g60763-d1390172-Reviews-Fairfield_by_Marriott_New_York_Manhattan_Times_Square-New_York_City_New_York.html,4,2643,#270 of 525 hotels in New York City,285,776,"330 West 40th Street, New York City, NY 10018",+1 212-967-9494,40.75631,-73.99162,New York City,$183,$183,182,564,Hotel,,Fitness centre|Air conditioning|Free Wifi,Breakfast included,是,2026 Travelers' Choice,"Centrally located hotel near Times Square and Broadway with clean, comfortable rooms. Complimentary breakfast, friendly staff, and easy access to dining, landmarks, and transportation. Great for work or leisure.",,,"Fairfield by Marriott New York Manhattan/Times Square is a Times Square hotel offering 244 guest rooms in the heart of NYC. We provide guests with a Complimentary Deluxe Breakfast Daily, 24/7 fitness center access, and in-room free High Speed Internet. Centrally located just minutes from Times Square, NYC's Theatre District, and the subway to take you anywhere throughout New York City, our Times Square hotel is perfect for a business or leisure trip to NYC."
new_york,8,210,1786395,Nomo Soho,https://dynamic-media-cdn.tripadvisor.com/media/photo-o/32/18/51/77/exterior.jpg,https://www.tripadvisor.co.uk/Hotel_Review-g60763-d1786395-Reviews-Nomo_Soho-New_York_City_New_York.html,4,2410,#323 of 525 hotels in New York City,342,776,"9 Crosby St, New York City, NY 10013",+1 866-486-5557,40.71985,-74.000145,New York City,$297,$297,271,751,Hotel,,Restaurant|Bar/Lounge|Fitness centre|Air conditioning,Sponsored,否,,"Stylish SoHo hotel with panoramic views, artistic decor, spacious penthouse and corner rooms, and on-site dining. Conveniently located near subway, Brooklyn Bridge, shops, and restaurants.",,,"NOMO SOHO | Boutique Hotel in NYC Tucked away at 9 Crosby, NoMo is a hidden gem just steps from the excitement that the streets of New York have to offer. Inspired by the neighborhood, NoMo represents an intrigue for the nostalgic + modern. Our building is a curated collection of vintage and contemporary art, representing the eclectic mix of those who made SoHo what it is today."
new_york,1,0,217622,The Chemists' Club Hotel,https://dynamic-media-cdn.tripadvisor.com/media/photo-o/2e/62/39/8d/junior-suite.jpg,https://www.tripadvisor.co.uk/Hotel_Review-g60763-d217622-Reviews-The_Chemists_Club_Hotel-New_York_City_New_York.html,4,1803,#133 of 525 hotels in New York City,137,776,"52 East 41st Street, New York City, NY 10017",+1 212-338-0500,40.751633,-73.979095,New York City,$405,$405,344,1067,Hotel,,Restaurant|Bar/Lounge|Fitness centre|Free Wifi,,是,2026 Travelers' Choice,"Centrally located Manhattan hotel near Grand Central Station, Bryant Park, and Times Square. Newly renovated with clean rooms, attentive service, and helpful concierge. Ideal for sightseeing and dining.",,,"Located in the heart of Manhattan on 41st Street between Madison and Park Avenue, The Chemists' Club Hotel blends historic elegance with modern luxury. This recently renovated boutique hotel offers top-tier services and an unbeatable location. The spacious guest rooms feature high-speed Wi-Fi, device charging stations, and premium flat-screen TVs. The Carrara marble bathrooms and luxurious amenities ensure a refined stay. Guests can enjoy an exceptional dining experience at the renowned Benjamin Steakhouse, known for its premium-quality cuts and fine wine selection. For fitness enthusiasts, the hotel offers a modern gym with cutting-edge equipment. Our concierge service is available to arrange personalized city experiences. Just a few blocks from Grand Central Station, guests have quick access to New York’s top attractions, including Bryant Park and the New York Public Library."
new_york,15,420,7737096,Holiday Inn New York City - Times Square By IHG,https://dynamic-media-cdn.tripadvisor.com/media/photo-o/31/e5/f6/33/quiet-place-to-get-work.jpg,https://www.tripadvisor.co.uk/Hotel_Review-g60763-d7737096-Reviews-Holiday_Inn_New_York_City_Times_Square_By_IHG-New_York_City_New_York.html,4,1418,#318 of 525 hotels in New York City,336,776,"585 8th Avenue, New York City, NY 10018",+1 212-473-6200,40.755226,-73.99166,New York City,$188,$188,184,700,Hotel,,Restaurant|Bar/Lounge|Fitness centre|Air conditioning,Sponsored,否,,"Centrally located near Times Square and Penn Station, this hotel offers clean, comfortable rooms with great views. Convenient for public transport, attractions, and restaurants. Good value for money.",,,"Stay in the heart of Midtown Manhattan at the Holiday Inn New York City - Times Square, a centrally located hotel near Times Square offering easy access to New York City's top attractions, business hubs, and major transportation centers. Our hotel is ideally positioned for travelers searching for hotels near the Javits Center, Madison Square Garden, Penn Station, and Hudson Yards, all within walking distance. Whether you're visiting for a convention, concert, business trip, or weekend getaway, you'll enjoy a seamless stay in one of NYC's most connected neighborhoods. After a day exploring the city, unwind in our newly renovated guest rooms designed for comfort and functionality. Each room features plush bedding, a dedicated workspace, in-room coffee maker, and free high-speed Wi-Fi, making it ideal for both business and leisure travelers. Select accommodations offer stunning views of the Manhattan skyline and Hudson River, elevating your New York City experience."
new_york,1,0,4232686,"Le Méridien New York, Central Park",https://dynamic-media-cdn.tripadvisor.com/media/photo-o/31/a3/e7/71/the-exterior-of-le-meridien.jpg,https://www.tripadvisor.co.uk/Hotel_Review-g60763-d4232686-Reviews-Le_Meridien_New_York_Central_Park-New_York_City_New_York.html,4,668,#266 of 525 hotels in New York City,281,776,"120 West 57th Street, New York City, NY 10019",+1 212-830-8000,40.76473,-73.97842,New York City,$357,$357,347,1176,Hotel,,Restaurant|Bar/Lounge|Fitness centre|Air conditioning,,是,2026 Travelers' Choice,"Boutique-style hotel near Central Park and 5th Ave shopping. Features a rooftop bar with city views, fitness room, and Paris Bar restaurant. Comfortable rooms, great amenities, and attentive service.",,,"Tap into the inimitable energy of Midtown Manhattan at Le Meridien New York, Central Park, where iconic attractions and world-class cultural experiences beckon. Exquisitely designed to reflect the ethos of the city; our 4-star hotel near Central Park, New York, sits on West 57th Street between 6th and 7th Avenues. From this enviable vantage point, guests may discover Carnegie Hall, Rockefeller Center, MoMA and Columbus Circle. Ascend to Le Jardin Rooftop Bar for views of Central Park and the city skyline, the perfect spot to unwind with a drink and light bites. Savor seasonal dishes at Paris Bar, our iconic French brasserie at the ground level, offering traditional French cuisine, lively ambiance, and warm hospitality. With modern event spaces enhanced by thoughtful service, our hotel near 57th Street, NYC, provides an inspiring destination for events; when it's time to relax, intuitively designed hotel rooms and suites encourage tranquility. We await your arrival at Le Meridien New Y"
new_york,10,270,1007724,The Ridge Hotel,https://dynamic-media-cdn.tripadvisor.com/media/photo-o/13/d5/fe/c5/the-ridge-hotel.jpg,https://www.tripadvisor.co.uk/Hotel_Review-g60763-d1007724-Reviews-The_Ridge_Hotel-New_York_City_New_York.html,4,652,#339 of 525 hotels in New York City,359,776,"151 E Houston St, New York City, NY 10002",+1 212-777-0012,40.722984,-73.989395,New York City,,,172,454,Hotel,,Air conditioning|Free Wifi,,否,,"Located in the vibrant Lower East Side near public transportation, dining, and attractions like Katz Deli. Trendy atmosphere with spacious public spaces. Some rooms feature private restrooms.","Cool, hip hotel on the Lower East Side.  Great neighborhood.  Lot’s to do, see, eat, drink. Down the street from Katz Deli, striking distance to Soho, and close to public transportation.  The rooms are small (its...",YOY1,"Everyone needs a place to lay their weary head. For travellers visiting New York City, The Ridge Hotel is an excellent choice for rest and rejuvenation. Well-known for its charming environment and proximity to great restaurants and attractions, The Ridge Hotel makes it easy to enjoy the best of New York City.
Guest rooms offer a flat screen TV and air conditioning, and The Ridge Hotel makes getting online easy as free wifi is available.
You can also take advantage of some of the amenities offered by the hotel, including 24 hour front desk, a rooftop terrace, and baggage storage. As an added convenience, there is paid public parking available nearby.
While staying at The Ridge Hotel, visitors can check out The Oculus (1.3 mi) and One World Observatory (1.4 mi), some of New York City's top attractions.
While in New York City be sure to experience local shrimp favourites at The View Restaurant & Lounge, Eleven Madison Park, or Junior's.
New York City is also home to Belvedere Castle, a popular castle that is not too far from The Ridge Hotel.
Whether you’re travelling for business, pleasure or both, The Ridge Hotel is sure to make your visit to New York City one worth remembering."
new_york,17,480,93437,Hotel Edison Times Square,https://dynamic-media-cdn.tripadvisor.com/media/photo-o/28/69/b1/9e/hotel-edison-facade.jpg,https://www.tripadvisor.co.uk/Hotel_Review-g60763-d93437-Reviews-Hotel_Edison_Times_Square-New_York_City_New_York.html,3.9,18622,#168 of 525 hotels in New York City,176,776,"228 West 47th Street, New York City, NY 10036-1401",+1 212-840-5000,40.759735,-73.98615,New York City,,,216,712,Hotel,,Bar/Lounge|Fitness centre|Family Friendly,,否,,"Charming hotel in NYC’s theater district with historic character and an unbeatable location near Times Square, Broadway, and Central Park. Highlights include The Rum House with live jazz, crafted cocktails, and a relaxed vibe, plus on-site dining and proximity to top attractions.",,,"Hotel Edison has been a staple of Times Square since its opening in 1931, when Thomas Edison turned on the lights of the hotel himself. The historic hotel is among the first Art Deco hotels in New York City’s Theater District and has become synonymous with celebrity, art, and excitement over the past eight decades. Hotel Edison’s vibrant energy, spacious accommodations, and notable restaurants and jazz bar provide guests with a one-of-a-kind refuge in the heart of Times Square, within steps of Midtown Manhattan’s premier business and leisure destinations including Time Warner Center, Rockefeller Center, MoMA, and world-renowned Fifth Avenue Shops."
new_york,15,420,1852917,Element by Marriott New York Times Square West,https://dynamic-media-cdn.tripadvisor.com/media/photo-o/34/2b/af/c6/rooftop-terrace.jpg,https://www.tripadvisor.co.uk/Hotel_Review-g60763-d1852917-Reviews-Element_by_Marriott_New_York_Times_Square_West-New_York_City_New_York.html,3.9,5640,#402 of 525 hotels in New York City,434,776,"311 West 39th Street, Between 8th And 9th Avenue Between 8th And 9th Avenue, New York City, NY 10018",+1 212-643-0770,40.75584,-73.99179,New York City,,,175,615,Hotel,,Fitness centre|Air conditioning|Pets Allowed|Family Friendly,Breakfast included,否,,"Centrally located hotel near Times Square and subway access. Features spacious rooms with kitchenettes, complimentary breakfast, and light aperitifs. Friendly staff and convenient for NYC attractions.",,,"Element New York Times Square West is an eco-friendly Manhattan boutique hotel near Times Square and Broadway in Midtown West. Our NYC hotel has 2 meeting rooms, complimentary breakfast, free Wi-Fi and a fitness center."
new_york,19,540,5786212,Hilton Garden Inn New York/Central Park South-Midtown West,https://dynamic-media-cdn.tripadvisor.com/media/photo-o/0c/7b/7c/31/hotel-exterior-at-dusk.jpg,https://www.tripadvisor.co.uk/Hotel_Review-g60763-d5786212-Reviews-Hilton_Garden_Inn_New_York_Central_Park_South_Midtown_West-New_York_City_New_York.html,3.9,4249,#363 of 525 hotels in New York City,387,776,"237 West 54th Street, New York City, NY 10019",+1 212-253-6000,40.7645,-73.983116,New York City,,,180,616,Hotel,,Pool|Restaurant|Bar/Lounge|Fitness centre,,否,,"Conveniently located hotel near Columbus Circle, Central Park, and Times Square. Walking distance to major attractions with nearby dining options. Clean rooms, friendly staff, and an on-site steakhouse.",,,"The stylish Hilton Garden Inn New York/Central Park South-Midtown West hotel boasts a central location in the heart of Midtown Manhattan, offering easy access to a wealth of shopping opportunities, restaurants, bars and entertainment. Our friendly and modern hotel boasts close proximity to world-famous NYC attractions, including Central Park, Times Square and the Empire State Building. Shop in designer stores on Fifth Avenue and discover eateries, bars and shopping at Columbus Circle. Take in a musical or Broadway show or hire a bicycle and explore leafy Central Park. Soak up the quaint, European-style ambience of the West Village, home to vibrant sidewalk cafes, boutiques and specialty food stores or marvel at contemporary paintings and sculptures in the Museum of Modern Art. Unwind in a spacious and stylish guest room and enjoy a fantastic range of amenities, including complimentary internet access, a 40-inch LED TV, a microwave and a mini-refrigerator."
new_york,15,420,1500405,Hampton Inn Manhattan/Times Square South,https://dynamic-media-cdn.tripadvisor.com/media/photo-o/0a/c6/60/fb/x.jpg,https://www.tripadvisor.co.uk/Hotel_Review-g60763-d1500405-Reviews-Hampton_Inn_Manhattan_Times_Square_South-New_York_City_New_York.html,3.9,3449,#401 of 525 hotels in New York City,433,776,"337 West 39th Street, New York City, NY 10018",+1 212-967-2344,40.756187,-73.992905,New York City,,,180,608,Hotel,,Bar/Lounge|Fitness centre|Air conditioning|Pets Allowed,Breakfast included,否,,"Convenient NYC location near subway, attractions, and Times Square. Features complimentary buffet breakfast with all-day drinks. Friendly staff and clean rooms. Ideal for exploring the city.",,,"The newly updated Hampton Inn Manhattan Times Square South is located in the heart of Midtown Manhattan in Times Square, bordering the Theatre and Garment Districts. Located minutes away from New York City's major tourist attractions and corporations: Broadway, Rockefeller Center, Jacob Javits Convention Center, Macy's Herald Square, Empire State Building, Central Park, the Intrepid, Ernst and Young, New York Times Building, Hudson Yards, and Proctor and Gamble are all at our doorstep. Our updated guest rooms feature chic, modern design elements for enhanced comfort for both leisure and business travelers. Guests can enjoy complimentary hot breakfast and high-speed wireless internet access. The hotel is in the heart of Manhattan, just steps away from Port Authority Bus Terminal and most subway lines, and a quick walk to Penn Station, so getting around the city is easy."
new_york,15,420,1139717,Holiday Inn Express New York City Times Square By IHG,https://dynamic-media-cdn.tripadvisor.com/media/photo-o/2c/f2/a3/ad/holiday-inn-express-times.jpg,https://www.tripadvisor.co.uk/Hotel_Review-g60763-d1139717-Reviews-Holiday_Inn_Express_New_York_City_Times_Square_By_IHG-New_York_City_New_York.html,3.9,2791,#387 of 525 hotels in New York City,418,776,"343 West 39th Street, New York City, NY 10018",+1 212-239-1222,40.756367,-73.99308,New York City,$197,$197,181,686,Hotel,,Restaurant|Air conditioning|Pets Allowed|Family Friendly,Sponsored|Breakfast included,否,,Conveniently located near Times Square and subway stations with great views of the Empire State Building. Offers complimentary breakfast with diverse options. Walking distance to restaurants and attractions.,,,"Embrace Times Square from Our Hotel in Midtown NYC
Our New York City hotel boasts a prime Midtown location, just steps from Times Square and its world-famous attractions. The Holiday Inn Express Times Square offers comfortable accommodations near New York's biggest landmarks including Broadway theatres, the Empire State Building, and Central Park. Explore nearby gems such as Madison Square Garden, Hudson Yards, the Highline, and the Broadway Theatre District-all within walking distance.Our hotel provides easy access to major subway lines, simplifying your travels throughout the city. Business travelers will appreciate proximity to corporate offices like Merrill Lynch, Legg Mason, and Ernst & Young, and the Jacob Javits Convention Center is just a short walk away. Enjoy shopping on 5th Avenue and dining in the vibrant Hell's Kitchen nearby.Start your day with our complimentary daily breakfast buffet, including our signature cinnamon rolls."
new_york,9,240,292140,Sohotel,https://dynamic-media-cdn.tripadvisor.com/media/photo-o/15/c2/40/65/sohotel.jpg,https://www.tripadvisor.co.uk/Hotel_Review-g60763-d292140-Reviews-Sohotel-New_York_City_New_York.html,3.9,2344,#242 of 525 hotels in New York City,257,776,"341 Broome St, New York City, NY 10013",+1 212-966-0319,40.719555,-73.99475,New York City,,,194,584,Hotel,,Bar/Lounge|Air conditioning|Free Wifi,,否,,"Charming historic hotel with trendy decor and a unique vibe. Centrally located near Nolita, Chinatown, and Little Italy. Close to transit, nightlife, and attractions. Spacious family rooms and cozy lobby.",,,"Sohotel in New York has a great location and great prices. Located in the center of downtown our hotel is comfortable, clean, and charming. We offer a great way to visit NYC and our commitment to customer satisfaction is our #1 goal."
new_york,9,240,866615,SoHo 54 Hotel,https://dynamic-media-cdn.tripadvisor.com/media/photo-o/04/20/fa/05/hampton-inn-manhattan.jpg,https://www.tripadvisor.co.uk/Hotel_Review-g60763-d866615-Reviews-SoHo_54_Hotel-New_York_City_New_York.html,3.9,2037,#368 of 525 hotels in New York City,394,776,"54 Watts Street, New York City, NY 10013",+1 212-226-6288,40.72385,-74.00529,New York City,,,159,550,Hotel,,Fitness centre|Air conditioning|Free Wifi,,否,,"Conveniently located hotel near subway stations, the Empire State Building, SoHo, and TriBeCa. Walkable to restaurants and attractions. Some rooms offer great views. Friendly and helpful staff.",,,"See why so many travellers make Soho 54 their hotel of choice when visiting New York City. Providing an ideal mix of value, comfort and convenience, it offers a quiet setting with an array of amenities designed for travellers like you.
Given the close proximity of popular landmarks, such as Empire State Building (2.0 mi) and Times Square (2.6 mi), guests of Soho 54 can easily experience some of New York City's most well known attractions.
Hampton Inn Manhattan Soho is a quiet hotel offering a flat screen TV and air conditioning in the rooms, and it is easy to stay connected during your stay as free wifi is offered to guests.
The hotel features 24 hour front desk and baggage storage. Plus, guests can enjoy a fitness center and free breakfast, which have made this a popular choice among travellers visiting New York City. For guests with a vehicle, parking is available.
New York City has plenty of steakhouses. So when you’re here, be sure to check out popular spots like Keens Steakhouse, Gallagher's Steak House, and Benjamin Steakhouse, which are serving up some great dishes.
Looking to explore? Then look no further than One World Observatory (0.8 mi), The National 9/11 Memorial & Museum (1.0 mi), and The High Line (1.1 mi), which are some popular New York City attractions – all conveniently located within walking distance of the hotel.
At Soho 54, your comfort and satisfaction come first, and they look forward to welcoming you to New York City."
new_york,16,450,209382,Millennium Hilton New York One Un Plaza,https://dynamic-media-cdn.tripadvisor.com/media/photo-o/32/5f/cb/e0/exterior.jpg,https://www.tripadvisor.co.uk/Hotel_Review-g60763-d209382-Reviews-Millennium_Hilton_New_York_One_Un_Plaza-New_York_City_New_York.html,3.9,1984,#314 of 525 hotels in New York City,331,776,"One Un Plaza, New York City, NY 10017",+1 212-758-1234,40.75059,-73.96947,New York City,,,234,793,Hotel,,Restaurant|Bar/Lounge|Fitness centre|Air conditioning,,否,,"Centrally located NYC hotel near major attractions and the UN, offering spacious rooms with East River and city views. Features praised dining options, professional staff, and great value for money.",,,"The Millennium Hilton New York One UN Plaza is conveniently located adjacent to the historic United Nations Headquarters in Midtown East, within walking distance of some of New York City's most notable attractions, including Grand Central, Rockefeller Center, the Empire State Building, the Chrysler Building, Bryant Park, and Times Square. All rooms, including 35 spacious suites, begin on the 28th floor providing guests with unparalleled views of either the Manhattan skyline or the East River.  Visitors can also take advantage of 8,000 square feet of meeting space, including a 2,000-square-foot ballroom. The Ambassador Grill and Lounge offers dining options at a New York City Interior Landmark for breakfast, lunch, dinner, and drinks."
new_york,15,420,14149780,Aliz Hotel Times Square,https://dynamic-media-cdn.tripadvisor.com/media/photo-o/2e/52/b8/e3/caption.jpg,https://www.tripadvisor.co.uk/Hotel_Review-g60763-d14149780-Reviews-Aliz_Hotel_Times_Square-New_York_City_New_York.html,3.9,1524,#269 of 525 hotels in New York City,284,776,"310 W. 40th Street, New York City, NY 10018-1404",+1 646-609-5122,40.75616,-73.991714,New York City,,,198,608,Hotel,,Restaurant|Bar/Lounge|Fitness centre|Air conditioning,,否,,"Centrally located near Times Square and Port Authority, this stylish hotel offers clean, efficiently designed rooms and a rooftop bar with stunning city views, including the Empire State Building. Convenient for exploring Manhattan with easy access to transportation and attractions.",,,"Stay in style at the all-new Aliz Hotel Times Square, a chic, trendy boutique hotel near Hudson Yards. From street level to skyline, we're bringing a touch of personalized style and service to one of the most iconic intersections in the world. No matter why you're visiting NYC, we offer an inviting pied-a-terre for work or play."
new_york,1,0,3572583,Holiday Inn Express Manhattan Midtown West by IHG,https://dynamic-media-cdn.tripadvisor.com/media/photo-o/2c/1c/d9/8f/comfortable-entrance.jpg,https://www.tripadvisor.co.uk/Hotel_Review-g60763-d3572583-Reviews-Holiday_Inn_Express_Manhattan_Midtown_West_by_IHG-New_York_City_New_York.html,3.9,1513,#386 of 525 hotels in New York City,416,776,"538 West 48th Street, New York City, NY 10036",+1 212-582-0692,40.764122,-73.99454,New York City,$188,$188,186,547,Hotel,,Restaurant|Fitness centre|Air conditioning|Family Friendly,Sponsored|Breakfast included,是,Travelers' Choice,"Centrally located hotel near Times Square with access to public transportation, restaurants, and shops. Features clean rooms, comfy beds, mini fridge, and complimentary breakfast with takeaway options.",,,"Explore NYC from our Hell's Kitchen HotelWelcome to the Holiday Inn Express Manhattan Midtown West. Our modern 177-room hotel, located in historic Hell's Kitchen - known for its variety of restaurants and nightlife - offers the best value of hotels near Hudson Yards and Broadway Theater District in the heart of New York City affording your accessibility to all of Manhattan's most sought-after attractions, while providing an authentic New York experience. Check-off NYC's famous tourist attractions from your bucket list, including Times Square, Intrepid Sea Air and Space Museum, Broadway Theater District and Manhattan Cruise Terminal. Or, explore the hip and trendy neighborhoods of Hell's Kitchen and Hudson Yards, which are home to Restaurant Row, High-Line Park, local shops, world-class restaurants and nightlife."
new_york,18,510,611947,New York Hilton Midtown,https://dynamic-media-cdn.tripadvisor.com/media/photo-o/30/ab/32/c7/exterior.jpg,https://www.tripadvisor.co.uk/Hotel_Review-g60763-d611947-Reviews-New_York_Hilton_Midtown-New_York_City_New_York.html,3.8,15672,#241 of 525 hotels in New York City,256,776,"1335 Avenue Of The Americas The Waterfall Plaza, New York City, NY 10019-6078",+1 212-586-7000,40.762245,-73.97919,New York City,,,252,791,Hotel,,Restaurant|Bar/Lounge|Fitness centre|Air conditioning,,否,,"Centrally located in Manhattan near Times Square, Central Park, and Broadway theaters. Features a lively lobby, Executive Lounge for Diamond members, and diverse dining options, including a grab-and-go market. Comfortable, clean, and perfect for exploring top NYC attractions.",,,"Daily Mandatory Destination Charge includes: Premium guest internet access (3 devices); daily $20 food and beverage credit for use in hotel restaurant, bar and lounge; daily $35 laundry service credit; CitiBike day pass; PressReader subscription access. Guests looking to maximize their time in the city and minimize their commute adore the central location of New York Hilton Midtown.Surrounded by over a dozen subway and bus lines, within a 5-minute walk of Central Park and Rockefeller Center and within a 10 minute walk of Broadway, Times Square and Grand Central Station, guests are perfectly positioned to walk or ride to the citys most iconic spots with ease.Within the hotel, guests have access to extensive grab n go options, a full coffee and tea bar, lobby lounge, seasonally inspired American restaurant, upscale mens salon, sundries store and spacious, light-filled fitness center."
new_york,16,450,290978,Hotel St. James,https://dynamic-media-cdn.tripadvisor.com/media/photo-o/2c/1f/b1/1f/pictures.jpg,https://www.tripadvisor.co.uk/Hotel_Review-g60763-d290978-Reviews-Hotel_St_James-New_York_City_New_York.html,3.8,3364,#292 of 525 hotels in New York City,308,776,"109 West 45th Street, New York City, NY 10036-4071",+1 212-221-3600,40.7569,-73.9829,New York City,,,165,483,Hotel,,Air conditioning|Airport transportation,,否,,"Charming boutique hotel with vintage character and clean, cozy rooms. Unbeatable Midtown Manhattan location near Times Square, Rockefeller Center, Central Park, and subway access. Great value.",,,"If you’re looking for a quiet hotel in New York City, look no further than Hotel St. James.
While staying at Hotel St. James, visitors can check out Love Sculpture (0.5 mi) and Manhattan Skyline (0.6 mi), some of New York City's top attractions.
Hotel St. James offers guests an array of room amenities including a flat screen TV and air conditioning, and getting online is possible, as free internet access is available.
The hotel offers 24 hour front desk, a concierge, and baggage storage, to make your visit even more pleasant.
While you’re here, be sure to check out some of the Korean restaurants, including Jongro BBQ, Gaonnuri, and Hangawi, all of which are a short distance from Hotel St. James.
If you’re looking for something to do, Empire State Building (0.6 mi), Top of the Rock (0.2 mi), and Times Square (0.2 mi) are a nice way to spend some time, and they are all within walking distance of Hotel St. James.
The staff at Hotel St. James looks forward to serving you during your upcoming visit."
new_york,12,330,1214829,DoubleTree by Hilton Hotel New York City Chelsea,https://dynamic-media-cdn.tripadvisor.com/media/photo-o/2f/d9/14/79/guest-room.jpg,https://www.tripadvisor.co.uk/Hotel_Review-g60763-d1214829-Reviews-DoubleTree_by_Hilton_Hotel_New_York_City_Chelsea-New_York_City_New_York.html,3.8,3059,#116 of 525 hotels in New York City,118,776,"128 West 29th Street, New York City, NY 10001",+1 212-564-0994,40.746986,-73.99139,New York City,,,185,643,Hotel,,Pool|Restaurant|Bar/Lounge|Fitness centre,,否,,"Centrally located hotel near Penn Station and Madison Square Garden. Walking distance to Broadway, shopping, and attractions. Offers city skyline views, helpful service, and signature cookies.",,,"Located between the Garment and Flower districts on 29th Street in Chelsea NYC, the DoubleTree by Hilton in Chelsea is within walking distance to the Empire State Building, Penn Station, Madison Square Garden, and Macy's/Herald Square. Unique to Manhattan, guests can enjoy complimentary WiFi in every room. Sit down for a full breakfast buffet or satisfy your cravings for dinner at our on-site American restaurant, Chelton's Bar and Grille. Keep your workout regime at our 24-hour fitness room or lounge around with friends and cocktails at our bar, open late. Pets under 50 lbs. are welcome (with pet deposit)."
new_york,19,540,93612,The Shoreham,https://dynamic-media-cdn.tripadvisor.com/media/photo-o/32/17/09/62/exterior.jpg,https://www.tripadvisor.co.uk/Hotel_Review-g60763-d93612-Reviews-The_Shoreham-New_York_City_New_York.html,3.8,2869,#341 of 525 hotels in New York City,361,776,"33 W 55th Street, New York City, NY 10019",+1 212-247-6700,40.762505,-73.97642,New York City,,,180,563,Hotel,,Restaurant|Bar/Lounge|Fitness centre|Pets Allowed,,否,,"Centrally located hotel near Times Square, Central Park, and 5th Avenue. Larger rooms for NYC, massage chair amenity, charming restaurant, and reasonable pricing. Ideal for tourists and business travelers.",,,"The Shoreham Hotel is a fashionable Midtown Manhattan retreat dedicated to experience and design. Upstairs, high-design rooms and suites offer sanctuary from urban distractions, yet is near iconic landmarks that include Carnegie Hall, Central Park, Rockefeller Center and more."
new_york,12,330,1237128,Hotel Hayden,https://dynamic-media-cdn.tripadvisor.com/media/photo-o/34/1f/02/3d/hayden-king-bed.jpg,https://www.tripadvisor.co.uk/Hotel_Review-g60763-d1237128-Reviews-Hotel_Hayden-New_York_City_New_York.html,3.8,832,#378 of 525 hotels in New York City,406,776,"127 West 28th Street, New York City, NY 10001",+1 212-973-9000,40.74672,-73.99178,New York City,,,191,592,Hotel,,Fitness centre|Air conditioning|Pets Allowed|Free Wifi,,否,,"Centrally located hotel near the Empire State Building, Penn Station, and subway lines. Walking distance to major attractions and dining. Features decent-sized rooms and a highly anticipated rooftop bar.",,,Hotel Hayden is the hippest boutique hotel in NYC tucked in the heart of Chelsea offering modern rooms and amenities.
new_york,11,300,12934485,Freehand New York,https://dynamic-media-cdn.tripadvisor.com/media/photo-o/23/1d/14/38/deluxe-queen-room-at.jpg,https://www.tripadvisor.co.uk/Hotel_Review-g60763-d12934485-Reviews-Freehand_New_York-New_York_City_New_York.html,3.8,600,#354 of 525 hotels in New York City,378,776,"23 Lexington Ave, New York City, NY 10010-3790",+1 212-475-1920,40.73979,-73.98439,New York City,,,203,608,Hotel,,Restaurant|Bar/Lounge|Fitness centre|Air conditioning,,否,,"Trendy boutique hotel in the Flatiron district near Lexington Avenue with quirky design. Features rooftop bar with city views, on-site restaurants, and convenient access to subways, shops, and attractions.",,,"The latest Freehand in NYC’s Flatiron neighborhood opened in 2018. The Freehand takes over the former George Washington Hotel, which has a history as a home for creatives and is listed on the U.S National Register of Historic Places. Freehand New York is designed by Roman and Williams and features custom-commissioned artwork throughout the property as well as one of a kind murals in every guest room by Bard College students and alumni. As with all Freehands, Food and Beverage is of the utmost importance. Comodo opened in Oct 2021 with a Latin American inspired menu serving vibrant & bold flavors that invite you to get comfortable, let your guard down and enjoy. Broken Shaker, our award winning rooftop oasis, serves up specialty cocktails and yummy bites with beautiful skyline views of NYC. In November 2021, our mezzanine spaces were reconceptualized, refreshed and recharged. Enter Georgia Room and Bar Calico, inspired by iconic painter Georgia O’Keeffe-when in doubt dance it out."
new_york,14,390,15288822,SpringHill Suites by Marriott New York Manhattan/Times Square South,https://dynamic-media-cdn.tripadvisor.com/media/photo-o/2a/5f/61/aa/king-studio.jpg,https://www.tripadvisor.co.uk/Hotel_Review-g60763-d15288822-Reviews-SpringHill_Suites_by_Marriott_New_York_Manhattan_Times_Square_South-New_York_City_New_.html,3.8,505,#324 of 525 hotels in New York City,343,776,"338 W 36th St, New York City, NY 10018",+1 212-216-9244,40.75401,-73.99397,New York City,,,198,685,Hotel,,Restaurant|Bar/Lounge|Fitness centre|Air conditioning,Breakfast included,否,,"Modern hotel in Hudson Yards near Penn Station, Times Square, and Javits Center. Features clean rooms, complimentary breakfast, fridge, coffee maker, ironing board, and convenient access to subway stations.",,,"Add a little extra room to your stay in Midtown NYC at SpringHill Suites New York Manhattan/Times Square South, a dual-branded property sharing one building with the Fairfield New York Manhattan/Times Square South. Our pet-friendly New York hotel, in the heart of the Garment District, NYC, offers the space and amenities you need to get the most out of your experience. Step outside and get swept up in the energy of Times Square South with nearby famed attractions like Madison Square Garden, the Shed and Broadway. A great stay is ensured at our hotel near Manhattan, NYC with complimentary luxuries like Wi-Fi and a hot, healthy breakfast. After a day of meetings or tours, why not treat yourself to a drink in the hotel lounge or a workout in the fitness center at our Midtown Manhattan hotel. Your suite is the place for polishing your sales pitch or relaxing in the well-appointed living area decked out with stylish yet comfy west elm furnishings."
new_york,10,270,247814,The Gatsby Hotel,https://dynamic-media-cdn.tripadvisor.com/media/photo-o/34/1f/21/01/gatsby.jpg,https://www.tripadvisor.co.uk/Hotel_Review-g60763-d247814-Reviews-The_Gatsby_Hotel-New_York_City_New_York.html,3.8,321,#389 of 525 hotels in New York City,420,776,"135 East Houston St, New York City, NY 10002",+1 212-358-8844,40.72318,-73.990265,New York City,,,148,481,Hotel,,Air conditioning|Family Friendly,,否,,"Well-maintained hotel in SoHo near bars, shops, and subway. Small but clean rooms with great views. Convenient for nightlife and exploring Nolita, LES, and East Village. Affordable and friendly staff.",,,"The Gatsby Hotel is truly your home away from home in the city that never sleeps, providing you with cozy accommodations and friendly service while you explore NYC like a local. The Gatsby Hotel is nestled in between the energetic and edgy Lower East Side and SoHo, providing a central location for all those who want to stay in the East Village, full of art culture and trendy boutiques."
new_york,17,480,25364280,Home2 Suites By Hilton New York Times Square,https://dynamic-media-cdn.tripadvisor.com/media/photo-o/34/37/b1/bb/restaurant.jpg,https://www.tripadvisor.co.uk/Hotel_Review-g60763-d25364280-Reviews-Home2_Suites_By_Hilton_New_York_Times_Square-New_York_City_New_York.html,3.8,263,#342 of 525 hotels in New York City,362,776,"150 W 48th Street, New York City, NY 10017",+1 212-329-3010,40.75945,-73.983574,New York City,,,212,667,Hotel,,Restaurant|Bar/Lounge|Fitness centre|Air conditioning,Breakfast included,否,,"Centrally located Manhattan hotel near Times Square and subway. Features clean rooms with mini kitchenettes, coffee makers, and toiletries. Helpful staff, spacious lobby, and self-service store.",,,"Our all-suite hotel is in Times Square, surrounded by restaurants and a short walk from Broadway theaters and the subway system. The Empire State Building, Grand Central Terminal, Penn Station, and Madison Square Garden are all within a mile. We offer complimentary WiFi and breakfast, a business center, and access to the Roof Top Lounge and Lobby Bar."
new_york,19,540,23969803,Nap York Central Park,https://dynamic-media-cdn.tripadvisor.com/media/photo-o/30/8b/63/7b/front-of-property.jpg,https://www.tripadvisor.co.uk/Hotel_Review-g60763-d23969803-Reviews-Nap_York_Central_Park-New_York_City_New_York.html,3.8,31,#35 of 190 Speciality lodging in New York City,479,776,"940 8th Ave, New York City, NY 10019",+1 917-478-6921,40.76566,-73.98323,New York City,,,175,544,Hostel,,Air conditioning|Free Wifi,,否,,"Capsule-style hostel in central NYC near major attractions. Offers clean, quiet rooms, affordable rates, and privacy curtains. Features a dedicated women's floor and motion-sensor lighting.",,,"On demand sleep stations to recharge people who power the world. Proudly started in the city that never sleeps. Built for the die hard locals and international dreamers. Whether it’s 1 hour, 1 night, or 1 week, our mission is to recharge the people who power the world. Sleep. Shower. Go. And only pay for what you need."
new_york,18,510,93555,Sheraton New York Times Square Hotel,https://dynamic-media-cdn.tripadvisor.com/media/photo-o/33/72/bd/c4/exterior.jpg,https://www.tripadvisor.co.uk/Hotel_Review-g60763-d93555-Reviews-Sheraton_New_York_Times_Square_Hotel-New_York_City_New_York.html,3.7,12418,#514 of 525 hotels in New York City,750,776,"811 7th Avenue 53rd Street, New York City, NY 10019",+1 212-581-1000,40.762634,-73.98202,New York City,,,238,666,Hotel,,Restaurant|Bar/Lounge|Fitness centre|Air conditioning,,否,,"Located in the heart of Manhattan near Times Square and Central Park, this hotel offers unmatched convenience for exploring iconic landmarks, Broadway theaters, and dining. Lively bar and restaurant add to the vibrant atmosphere, making it ideal for tourists and business travelers alike.",,,"Streamline your stay in the city at Sheraton New York Times Square Hotel. As a centrally located hotel in Midtown Manhattan near Times Square, our warm and inviting Midtown Manhattan hotel offers intuitively‑designed guest rooms and suites with high‑speed Wi‑Fi, luxurious bedding, and deluxe amenities. Travelers seeking a premier hotel in New York Midtown Manhattan can enjoy a 4,000‑square‑foot fitness center with Peloton bikes or dine on market‑inspired cuisine at Hudson Market. Recognized among family-friendly hotel in Times Square New York, the hotel features a Library Bar, on‑site business center, complimentary public Wi‑Fi, and 62,000 square feet of elegant event space. Steps from Times Square, Central Park, and Radio City Music Hall, we look forward to welcoming you to The Big Apple at Sheraton New York Times Square Hotel."
new_york,20,570,671150,The Empire Hotel,https://dynamic-media-cdn.tripadvisor.com/media/photo-o/30/84/04/25/historic-art-deco-lobby.jpg,https://www.tripadvisor.co.uk/Hotel_Review-g60763-d671150-Reviews-The_Empire_Hotel-New_York_City_New_York.html,3.7,9806,#207 of 525 hotels in New York City,217,776,"44 W 63rd Street, New York City, NY 10023-7029",+1 212-265-7400,40.771496,-73.982666,New York City,,,188,600,Hotel,,Pool|Restaurant|Bar/Lounge|Fitness centre,,否,,"Iconic NYC hotel with a prime location near Central Park, Lincoln Center, and Columbus Circle. Known for its rooftop bar and pool with stunning city views. Glamorous decor and ties to ""Gossip Girl"" add charm. Friendly, professional staff and easy access to restaurants and shops.",,,"Experience the vibrant energy of New York City at The Empire Hotel. Located across from Lincoln Center and steps from Central Park and Columbus Circle, the historic elegance of The Empire Hotel is your gateway to a classic New York City adventure. Head to the top floor and enjoy the Empire Rooftop Bar & Lounge, unveiling panoramic skyline views of NYC across east and west terraces, alongside a tempting seasonal plunge pool. Our iconic red 'Hotel Empire' neon sign, a city landmark, shines bright, echoing the stylish allure of our historic art deco lobby and 427 rooms and suites, inviting you to a chic retreat amidst the city's relentless beat. You might recognize us from TV's Gossip Girl, which was fictionally owned by Chuck Bass in the series. Make your own Upper West Side memories and revel in the rhythm of the Empire Hotel."
new_york,16,450,93486,Millennium Hotel Broadway Times Square,https://dynamic-media-cdn.tripadvisor.com/media/photo-o/2c/b1/f3/51/entrance.jpg,https://www.tripadvisor.co.uk/Hotel_Review-g60763-d93486-Reviews-Millennium_Hotel_Broadway_Times_Square-New_York_City_New_York.html,3.7,8267,#328 of 525 hotels in New York City,347,776,"145 West 44th Street, New York City, NY 10036",+1 212-768-4400,40.75714,-73.98472,New York City,,,210,651,Hotel,,Restaurant|Bar/Lounge|Fitness centre|Air conditioning,,否,,"Centrally located hotel near Times Square attractions. Features spacious rooms with some offering stunning views. Guests value its prime location, ideal for exploring NYC's lively atmosphere.",,,"Millennium Times Square New York is located in the heart of Times Square, surrounded by Broadway theaters and steps from Fifth Avenue shopping. Our oversized rooms provide modern amenities and many offer skyline Times Square views."
new_york,13,360,99774,The Hotel At Fifth Avenue,https://dynamic-media-cdn.tripadvisor.com/media/photo-o/16/e3/05/1b/the-hotel-fifth-avenue.jpg,https://www.tripadvisor.co.uk/Hotel_Review-g60763-d99774-Reviews-The_Hotel_At_Fifth_Avenue-New_York_City_New_York.html,3.7,3281,#364 of 525 hotels in New York City,388,776,"17 West 32nd Street, New York City, NY 10001",+1 212-736-1600,40.747826,-73.98653,New York City,,,173,549,Hotel,,Restaurant|Fitness centre|Air conditioning|Airport transportation,,否,,"Centrally located hotel in NYC near Penn Station, subway stops, and popular attractions. Bustling area with diverse dining options in Korea Town. Rooftop bar offers Empire State Building views.",,,"Located on 32nd Street between Broadway and Fifth Avenue, The Hotel at Fifth Avenue is just a short two block walk away from the Empire State Building. The iconic Fashion District, 34th Street Macy's, and Madison Square Garden are within walking distance, and the Jacob Javits Convention Center is a quick taxi ride away. Experience the captivating energy of Midtown Manhattan from this intimate, boutique location with easy access to Grand Central Station, Penn Station, and the Port Authority Bus Terminal."
new_york,12,330,673080,Holiday Inn Manhattan 6th Ave - Chelsea By IHG,https://dynamic-media-cdn.tripadvisor.com/media/photo-o/2a/71/0f/93/holiday-inn-manhattan.jpg,https://www.tripadvisor.co.uk/Hotel_Review-g60763-d673080-Reviews-Holiday_Inn_Manhattan_6th_Ave_Chelsea_By_IHG-New_York_City_New_York.html,3.7,2014,#145 of 525 hotels in New York City,150,776,"125 West 26th Street Between 6th & 7th Ave, New York City, NY 10001",+1 212-430-8500,40.745426,-73.99223,New York City,$153,$153,157,542,Hotel,,Restaurant|Bar/Lounge|Fitness centre|Pets Allowed,Sponsored,否,,"Centrally located near Times Square, Madison Square Garden, and Penn Station, this hotel offers clean, modern rooms with Empire State Building views. Convenient access to subway stations and dining.",,,"Welcome to the Holiday Inn Manhattan 6th Avenue, where comfort meets convenience in the heart of New York City. Perfectly positioned between Chelsea and the vibrant Flatiron District, our hotel offers easy access to public transportation, making it simple to explore iconic landmarks, world-class museums, and must-see sightseeing destinations. Whether you're catching a show on Broadway, visiting the Empire State Building, or strolling the High Line, you're just moments away from it all. What truly sets us apart from other NYC hotels is our commitment to guest comfort. Our recently renovated rooms offer a fresh, modern design paired with thoughtful amenities to help you relax after a busy day in the city. Choose from a spacious king bed or two-bed accommodations, perfect for families, tour groups, or business travelers. Traveling with a group? We're proud to offer a seamless experience for leisure and corporate groups alike."
new_york,15,420,17761594,Hyatt Place New York City / Times Square,https://dynamic-media-cdn.tripadvisor.com/media/photo-o/1b/e0/49/64/street-view.jpg,https://www.tripadvisor.co.uk/Hotel_Review-g60763-d17761594-Reviews-Hyatt_Place_New_York_City_Times_Square-New_York_City_New_York.html,3.7,1706,#365 of 525 hotels in New York City,390,776,"350 W 39th St, New York City, NY 10018-1402",+1 212-904-1811,40.75634,-73.99341,New York City,,,207,671,Hotel,,Restaurant|Bar/Lounge|Fitness centre|Air conditioning,Breakfast included,否,,"Well-located hotel within walking distance of Times Square, shopping, restaurants, and subway stations. Clean, modern rooms, though compact. Highlights include helpful staff, a variety of breakfast options (free but busy), and great value for NYC. Ideal for business or leisure stays.",,,"Elevate your New York City experience with a stay at Hyatt Place in the heart of Times Square. Our prime location immerses you in the pulsating energy of this iconic neighborhood, offering unparalleled access to Broadway theaters, renowned dining, and the vibrant cityscape that defines the Big Apple. Whether you're here for business or leisure, our modern and stylish accommodations provide a comfortable retreat, while our convenient proximity to major attractions like Central Park, Rockefeller Center, and the Empire State Building ensures that you're at the center of it all. Discover the perfect blend of comfort and convenience at Hyatt Place New York City/Times Square, where every moment becomes a memorable part of your NYC adventure."
new_york,16,450,281697,Club Wyndham Midtown 45,https://dynamic-media-cdn.tripadvisor.com/media/photo-o/2c/03/ef/a3/exterior.jpg,https://www.tripadvisor.co.uk/Hotel_Review-g60763-d281697-Reviews-Club_Wyndham_Midtown_45-New_York_City_New_York.html,3.7,1259,#322 of 525 hotels in New York City,341,776,"205 E 45th St, New York City, NY 10017-3301",+1 212-867-5100,40.752644,-73.97249,New York City,,,263,608,Hotel,,Fitness centre|Air conditioning|Family Friendly|Free Wifi,,否,,"Centrally located near Grand Central Station and Times Square. Spacious rooms with full kitchens, ideal for extended stays. Close to dining, markets, and transportation. Well-maintained amenities.",,,"Truly unique amongst New York City hotels, The Wyndham Hotel offers a stylish retreat in the heart of the city. Choose from suites with apartment style amenities including fully equipped kitchens and Manhattan skyline views. Located in Midtown Manhattan East neighborhood, just one block from Grand Central Station and within walking distance to the United Nations, Park, Madison and Fifth Avenues. The Wyndham Midtown 45 was designed by residential architect Costas Kondylis, with custom designed furniture by David Rockwell and state-of-the-art amenities throughout. The Wyndham is perfect for those looking to explore NYC!"
new_york,8,210,1465008,Holiday Inn Express New York City-Wall Street by IHG,https://dynamic-media-cdn.tripadvisor.com/media/photo-o/34/2b/9e/9b/hotel-exterior.jpg,https://www.tripadvisor.co.uk/Hotel_Review-g60763-d1465008-Reviews-Holiday_Inn_Express_New_York_City_Wall_Street_by_IHG-New_York_City_New_York.html,3.7,712,#393 of 525 hotels in New York City,424,776,"126 Water Street, New York City, NY 10005",+1 212-747-9222,40.705566,-74.00719,New York City,,,182,630,Hotel,,Restaurant|Bar/Lounge|Fitness centre|Air conditioning,Breakfast included,否,,"Conveniently located near Battery Park in FiDi, this budget-friendly hotel offers a complimentary breakfast, mini gym, and clean rooms. Features friendly staff and easy access to Manhattan attractions.",,,"Located near Wall Street Steps away from Wall Street, the Holiday Inn Express® Hotel New York City - Wall Street is situated in the heart of the Financial District. Whether you're in town on business or for a New York City vacation, this hotel's lower Manhattan location is convenient for all travelers. Moments from Wall Street, the New York Stock Exchange, City Hall and the Federal Reserve Bank, this New York City hotel offers corporate guests the utmost in service and amenities. Free wireless internet access makes staying in touch easy, and the Business Center is there for support. The Big Apple is brimming with exciting attractions, and the Holiday Inn is minutes from everything. Must-see attractions like Ground Zero, the Statue of Liberty and Ellis Island are only blocks away from the hotel. You can enjoy the outdoors at nearby Battery Park or hunt for bargains in the numerous SoHo, Chinatown shops and boutiques."
new_york,12,330,23996997,Aloft by Marriott New York Chelsea,https://dynamic-media-cdn.tripadvisor.com/media/photo-o/32/0a/ec/6d/queen-guest-room.jpg,https://www.tripadvisor.co.uk/Hotel_Review-g60763-d23996997-Reviews-Aloft_by_Marriott_New_York_Chelsea-New_York_City_New_York.html,3.7,77,#407 of 525 hotels in New York City,447,776,"132 West 28th Street, New York City, NY 10001",+1 212-961-6111,40.746582,-73.99202,New York City,,,204,618,Hotel,,Bar/Lounge|Fitness centre|Air conditioning|Pets Allowed,,否,,"Modern hotel with panoramic city views, vibrant decor, and a lively bar. Convenient location near Penn Station, subway, and restaurants. Friendly staff provides excellent city recommendations.",,,"Experience NYC in style at Aloft Chelsea — modern rooms, Drybar amenities, signature cocktails at W XYZ Bar, and easy access to top sights and nightlife."
new_york,19,540,23951860,Aman New York,https://dynamic-media-cdn.tripadvisor.com/media/photo-o/25/49/0a/c9/aman-new-york-garden.jpg,https://www.tripadvisor.co.uk/Hotel_Review-g60763-d23951860-Reviews-Aman_New_York-New_York_City_New_York.html,3.7,43,#415 of 525 hotels in New York City,459,776,"The Crown Building 730 Fifth Avenue, United States, New York City, NY 10019",+1 212-970-2626,40.76298,-73.974686,New York City,,,2707,12410,Hotel,,Pool|Spa|Restaurant|Bar/Lounge,,否,,"Luxury hotel offering spacious, well-designed rooms, serene atmosphere, spa, gym, rooftop space, and wellness-focused dining. Iconic location provides a calm retreat in the heart of New York City.",,,"Aman New York - An Urban Sanctuary Aman's newest island destination brings the peace promised by its Sanskrit-derived name and the palpable tranquility of its Asian roots to the heart of Manhattan. Set in the historic Crown Building at the corner of 57th Street and Fifth Avenue, Aman New York consists of 83 suites, among the largest and more generously appointed in the city. The crown glory of the property is its social venues - a wraparound Garden Terrace offering year-round dining, two signature restaurants include Arva, Aman's Italian dining concept, and Nama, the brand's Washoku Japanese restaurant with an intimate Omakase bar. While at the cellar level, the Jazz Club is a modern speakeasy that features daily live performances. But, at the heart of this urban sanctuary is its vast Aman Spa, featuring a tranquil indoor 65-foot pool, 10 treatment rooms, fitness facilities including the latest technologies of assessment sciences, plus two Spa Houses providing guests with an all-enc"
new_york,18,510,93545,The Manhattan at Times Square Hotel,https://dynamic-media-cdn.tripadvisor.com/media/photo-o/2b/aa/49/d2/front-entrance-of-the.jpg,https://www.tripadvisor.co.uk/Hotel_Review-g60763-d93545-Reviews-The_Manhattan_at_Times_Square_Hotel-New_York_City_New_York.html,3.6,13929,#416 of 525 hotels in New York City,462,776,"790 7th Ave, New York City, NY 10019",+1 212-581-3300,40.762115,-73.98277,New York City,$162,$162,173,674,Hotel,,Restaurant|Fitness centre|Pets Allowed|Family Friendly,Sponsored,否,,"Centrally located near Times Square and Central Park, this hotel offers great value with easy access to iconic landmarks, restaurants, and subway stations. Guests praise its superb views and convenient ""grab and go"" breakfast, making it an ideal base for exploring New York City.",,,"Experience The Manhattan at Times Square Hotel in the heart of Midtown Manhattan, just moments from Broadway and New York City’s most iconic sights. Choose from a variety of accommodations, including family rooms, executive rooms, and suites. Enjoy a stylish new lobby and a fresh dining experience at 51st Social (Opening June 2026). With standout service and an unbeatable location, it’s a prime choice for families, business travelers, and unforgettable New York City escapes."
new_york,18,510,3502291,Comfort Inn Manhattan Midtown West,https://dynamic-media-cdn.tripadvisor.com/media/photo-o/06/56/81/89/entrance.jpg,https://www.tripadvisor.co.uk/Hotel_Review-g60763-d3502291-Reviews-Comfort_Inn_Manhattan_Midtown_West-New_York_City_New_York.html,3.6,868,#384 of 525 hotels in New York City,414,776,"548 W 48th St, New York City, NY 10036",+1 646-993-2715,40.764145,-73.994965,New York City,,,163,574,Hotel,,Air conditioning|Family Friendly|Free Wifi,Breakfast included,否,,"Conveniently located near Times Square, Broadway theaters, and subway stations, this budget-friendly hotel offers easy access to dining, shopping, and attractions in Manhattan at a reasonable price.",,,"Comfort Inn Manhattan Midtown West is an excellent choice for travelers visiting New York City, offering a quiet environment alongside many helpful amenities designed to enhance your stay, while keeping the health and safety of our guests top of mind. Rooms at Comfort Inn Midtown West provide a flat screen TV and air conditioning, and guests can stay connected with free WiFi. In addition, while staying at Comfort Inn Midtown West guests have access to a 24 hour front desk, a concierge, and baggage storage. You can also enjoy breakfast. Need a place to park? There is paid public parking available nearby. For those interested in checking out popular landmarks while visiting New York City, Comfort Inn Midtown West is located a short distance from Hudson Yards, Javits Center and Broadway. New York City is also home to Gramercy Park, a popular state park that is not too far from Comfort Inn Midtown West. Enjoy your stay in New York City!"
new_york,15,420,93450,Hyatt Grand Central New York,https://dynamic-media-cdn.tripadvisor.com/media/photo-o/1c/02/e6/37/grand-hyatt-new-york.jpg,https://www.tripadvisor.co.uk/Hotel_Review-g60763-d93450-Reviews-Hyatt_Grand_Central_New_York-New_York_City_New_York.html,3.5,14977,#420 of 525 hotels in New York City,468,776,"109 East 42nd Street Grand Central Terminal, New York City, NY 10017-8500",+1 212-883-1234,40.752064,-73.9763,New York City,,,233,623,Hotel,,Restaurant|Bar/Lounge|Fitness centre|Air conditioning,,否,,"Perfectly situated near Grand Central Station, Bryant Park, and Times Square, this centrally located hotel offers unmatched convenience for exploring NYC’s top attractions. Surrounded by dining and entertainment, it’s an ideal base for both tourists and business travelers.",,,"Located in the heart of midtown Manhattan, elevate your stay at Hyatt Grand Central New York, the only hotel connected to the majesty and advantages of Grand Central Terminal. Our 42nd Street location places you within walking distance to the City's best dining, shopping, and attractions. Find yourself steps away from the Chrysler Building, Times Square, 5th Avenue shopping, the Empire State Building, Central Park, Rockefeller Center, and the Theatre District. Enjoy a to-go market, 24-hour fitness center, and complimentary Wi-Fi."
new_york,17,480,93376,OYO Times Square,https://dynamic-media-cdn.tripadvisor.com/media/photo-o/23/a8/81/df/lobby.jpg,https://www.tripadvisor.co.uk/Hotel_Review-g60763-d93376-Reviews-OYO_Times_Square-New_York_City_New_York.html,3.5,6062,#496 of 525 hotels in New York City,703,776,"157 West 47th Street, New York City, NY 10036",+1 212-768-3700,40.759083,-73.98372,New York City,,,154,516,Hotel,,Restaurant|Air conditioning|Free Wifi,,否,,"Centrally located near Times Square, steps from attractions like Rockefeller Center and Central Park. Features an on-site restaurant, bar, and dessert spot. Convenient access to subway stations.",,,"OYO Hotel Times Square A TRUE DESTINATION AMONG TIMES SQUARE HOTELS We're modern, but not everything-is-beige modern. The opposite, in fact, which you'll notice the moment you enter the lobby. We're a bit showy-this is the Theater District, after all-but we're also welcoming, with rooms and suites that enfold you in comfort. Our location puts all that makes New York amazing at your fingertips. Visit off-the-beaten-path restaurants in Hell's Kitchen, stroll through Central Park, or hop on one of the nearby subway lines and visit Brooklyn or renowned museums. It's easy from here, and our concierge can help ease the way."
new_york,15,420,11236004,Doubletree By Hilton Hotel New York Times Square West,https://dynamic-media-cdn.tripadvisor.com/media/photo-o/0f/b5/b4/16/doubletree-by-hilton.jpg,https://www.tripadvisor.co.uk/Hotel_Review-g60763-d11236004-Reviews-Doubletree_By_Hilton_Hotel_New_York_Times_Square_West-New_York_City_New_York.html,3.5,4464,#274 of 525 hotels in New York City,289,776,"350 W. 40th Street, New York City, NY 10018",+1 212-607-8888,40.756664,-73.99302,New York City,,,157,547,Hotel,,Restaurant|Bar/Lounge|Fitness centre|Air conditioning,,否,,"Centrally located near Times Square and local attractions, this hotel offers great city views, a rooftop bar with stunning panoramas, and warm hospitality, including complimentary cookies on arrival. Ideal for short stays, business trips, or special occasions, with reasonable pricing.",,,"Everyone needs a place to lay their weary head. For travellers visiting New York City, Doubletree by Hilton New York Times Square West is an excellent choice for rest and rejuvenation. Well-known for its family-friendly environment and proximity to great restaurants and attractions, Doubletree by Hilton New York Times Square West makes it easy to enjoy the best of New York City.
You’ll enjoy relaxing rooms that offer a flat screen TV and air conditioning, and you can stay connected during your stay as Doubletree by Hilton New York Times Square West offers guests free internet access.
The hotel features 24 hour front desk, room service, and a rooftop terrace. Plus, Doubletree by Hilton New York Times Square West offers a fitness center and a rooftop bar, providing a pleasant respite from your busy day. For guests with a vehicle, valet parking is available.
Close to some of New York City's most popular landmarks, such as Manhattan Skyline (0.7 mi) and Rockefeller Center (0.8 mi), Doubletree by Hilton New York Times Square West is a great destination for tourists.
New York City has plenty of Asian restaurants. So when you’re here, be sure to check out popular spots like Buddakan, Tao, and Nobu 57, which are serving up some great dishes.
Plus, during your trip, don’t forget to check out some of the popular art museums, such as The Metropolitan Museum of Art, The Museum of Modern Art (MoMA), and The Met Cloisters.
Whether you’re travelling for business, pleasure or both, Doubletree by Hilton New York Times Square West is sure to make your visit to New York City one worth remembering."
new_york,9,240,1858923,Doubletree By Hilton New York Downtown,https://dynamic-media-cdn.tripadvisor.com/media/photo-o/30/e8/8a/c6/lobby.jpg,https://www.tripadvisor.co.uk/Hotel_Review-g60763-d1858923-Reviews-Doubletree_By_Hilton_New_York_Downtown-New_York_City_New_York.html,3.5,3447,#394 of 525 hotels in New York City,425,776,"8 Stone Street Has No Pool, New York City, NY 10004",+1 212-480-9100,40.70392,-74.01235,New York City,,,172,529,Hotel,,Restaurant|Bar/Lounge|Fitness centre|Air conditioning,,否,,"Convenient downtown Manhattan location near subway, Wall Street, and Brooklyn Bridge. Surrounded by dining, bars, and shops. Modern design, warm cookies on arrival, and proximity to major attractions.",,,"Find us in Manhattan's financial district, a half mile from Battery Park and the Staten Island Ferry. We're steps from the N and R trains at Whitehall Station, offering access to Times Square, the Empire State Building, and Central Park. The redline South Ferry Station is three blocks away. Enjoy all-day dining at our Antica Ristorante and free WiFi.

Enjoy upscale DoubleTree comfort and a great lower Manhattan hotel location equally convenient to Newark Liberty International, JFK, and LaGuardia Airports.

Warmly appointed, stylish guest rooms and suites feature state-of-the-art amenities, LCD TVs, complimentary WiFi, pampering bath amenities, and our luxurious Sweet Dreams bed."
new_york,13,360,2151571,Hotel Alameda,https://dynamic-media-cdn.tripadvisor.com/media/photo-o/33/1b/96/b9/exterior.jpg,https://www.tripadvisor.co.uk/Hotel_Review-g60763-d2151571-Reviews-Hotel_Alameda-New_York_City_New_York.html,3.5,608,#423 of 525 hotels in New York City,476,776,"518 West 27th Street, New York City, NY 10001",+1 347-342-7805,40.75041,-74.00345,New York City,,,169,597,Hotel,,Restaurant|Bar/Lounge|Air conditioning,,否,,"Stylish hotel in Chelsea with a rooftop bar offering city views. Conveniently located near the High Line, Whitney Museum, and dining options. Highlights include clean design, friendly staff, and pretty spaces.",,,"Welcome to Hotel Alameda High Line, where modern style meets cozy comfort in vibrant New York City. Located in the lively Chelsea neighborhood, our hotel offers stylish rooms and an on-site restaurant, & roof-top bar."
new_york,23,660,25446337,Renaissance New York Harlem Hotel,https://dynamic-media-cdn.tripadvisor.com/media/photo-o/32/0a/f2/f3/king-room.jpg,https://www.tripadvisor.co.uk/Hotel_Review-g60763-d25446337-Reviews-Renaissance_New_York_Harlem_Hotel-New_York_City_New_York.html,3.4,79,#425 of 525 hotels in New York City,478,776,"233 West 125th Street, New York City, NY 10027",+1 332-266-8722,40.809685,-73.949585,New York City,,,182,536,Hotel,,Restaurant|Bar/Lounge|Fitness centre|Air conditioning,,否,,"Stylish hotel in Harlem with clean, well-appointed rooms, great views, and a rich historical ambiance. Features a bar, restaurant, and proximity to Manhattan attractions like the Apollo Theatre.",,,"Welcome to the diverse and unique experiences of Harlem. Evenings at Renaissance Harlem will ignite your senses and cravings for the Arts, Music and Foods that are authentically Harlem. Our navigators represent the diversity, individualism, pride, and warmth of the community. Whether you tour the neighborhood or relax within the hotel, you will be rewarded with an experience that is indigenous to Harlem. We are within minutes of Times Square and other major midtown venues!"
new_york,13,360,27648455,Hotel Stanford,https://dynamic-media-cdn.tripadvisor.com/media/photo-o/33/17/03/92/caption.jpg,https://www.tripadvisor.co.uk/Hotel_Review-g60763-d27648455-Reviews-Hotel_Stanford-New_York_City_New_York.html,3.4,36,#429 of 525 hotels in New York City,489,776,"43 W 32nd St, New York City, NY 10001",+1 212-563-1500,40.748177,-73.9876,New York City,,,192,588,Hotel,,Restaurant|Bar/Lounge|Air conditioning|Free Wifi,Breakfast included,否,,"Convenient hotel near Penn Station, Times Square, and the Empire State Building. Close to subway, dining, and shops. Features clean, quiet rooms, continental breakfast, wine bar, and helpful amenities.",,,"Located in the heart of Midtown Manhattan, Hotel Stanford’s location offers unparalleled convenience, allowing guests to effortlessly stroll to attractions such as the Empire State Building, Macy’s, Madison Square Garden, Times Square, and more, all within a leisurely 10-minute walk, in addition to swift access to numerous subway stations, with most just a brief 3-minute stroll away. The hotel offers 124 modern and tastefully furnished rooms featuring air conditioning and amenities such as a mini fridge, iron, a hairdryer, safe, smart TV with Netflix access, work desk, and complimentary Wi-Fi. It also features an on-site restaurant, Udon Lab, serving unique udon noodle dishes and other Japanese cuisine, an in-house bar, which offers a relaxed environment to sample various wines, and Barcode, which specializes in craft cocktails and one-of-a-kind tapas dishes. Overall, Hotel Stanford’s affordability and convenience add up to make it a perfect home base for any traveler to New York."
new_york,17,480,75711,The Gallivant Times Square,https://dynamic-media-cdn.tripadvisor.com/media/photo-o/15/16/7b/5b/area.jpg,https://www.tripadvisor.co.uk/Hotel_Review-g60763-d75711-Reviews-The_Gallivant_Times_Square-New_York_City_New_York.html,3.2,3612,#507 of 525 hotels in New York City,733,776,"234 W 48th St, New York City, NY 10036",+1 212-246-8800,40.760544,-73.98633,New York City,,,139,469,Hotel,,Restaurant|Bar/Lounge|Air conditioning|Free Wifi,,否,,"Centrally located hotel near Times Square and the theater district. Surrounded by shops, dining, and attractions with easy access to transportation. Comfortable rooms, some with balconies, and in-room coffee.",,,"The Gallivant Times Square is your ideal basecamp for Manhattan dining, nightlife, theatre, entertainment, and exploration. From the in-room maps, to the location signs in the lobby, every piece of The Gallivant is meant to inspire adventure and New York City discovery."
new_york,20,570,99447,La Quinta Inn & Suites by Wyndham New York City Central Park,https://dynamic-media-cdn.tripadvisor.com/media/photo-o/0b/b2/26/bc/exterior.jpg,https://www.tripadvisor.co.uk/Hotel_Review-g60763-d99447-Reviews-La_Quinta_Inn_Suites_by_Wyndham_New_York_City_Central_Park-New_York_City_New_York.html,3.2,1013,#487 of 525 hotels in New York City,666,776,"31 W 71st St, New York City, NY 10023-4101",+1 212-791-9451,40.77618,-73.977684,New York City,,,156,489,Hotel,,Air conditioning|Free Wifi,Breakfast included,否,,"Conveniently located near Central Park, subway stations, dining, and shops, this hotel offers budget-friendly options, friendly staff, good breakfast, and a comfortable base for exploring NYC.",,,"Quiet, quaint, newly renovated hotel in upmarket residential neighborhood next to Central Park, with complimentary breakfast and wifi."
new_york,8,210,15530661,Courtyard by Marriott New York Downtown Manhattan/Financial District,https://dynamic-media-cdn.tripadvisor.com/media/photo-o/21/66/c8/82/located-just-off-of-the.jpg,https://www.tripadvisor.co.uk/Hotel_Review-g60763-d15530661-Reviews-Courtyard_by_Marriott_New_York_Downtown_Manhattan_Financial_District-New_York_City_New.html,3.1,70,#443 of 525 hotels in New York City,525,776,"215 Pearl Street, New York City, NY 10038",+1 646-928-9000,40.707092,-74.00626,New York City,$144,$144,163,588,Hotel,,Restaurant|Bar/Lounge|Fitness centre|Air conditioning,,否,,"Modern hotel with stunning views and convenient access to transit, dining, and attractions like South Street Seaport, Brooklyn Bridge, and Chinatown. Features a well-maintained gym and comfortable rooms.","After all the bad reviews I’d read I was concerned about customer service and cleanliness, but was pleasantly surprised. Great location. However, there are no non-slip strips in the bottom of the tub. I slipped...",AmyNNN,"When traveling for business or fun, Courtyard by Marriott® makes all of your travels successful by providing exactly what you need: smartly designed guest rooms; hot breakfast options and services that help you be more productive and comfortable."
new_york,11,300,17822715,SpringHill Suites New York Midtown Manhattan/Park Avenue,https://dynamic-media-cdn.tripadvisor.com/media/photo-o/2c/04/5e/33/exterior.jpg,https://www.tripadvisor.co.uk/Hotel_Review-g60763-d17822715-Reviews-SpringHill_Suites_New_York_Midtown_Manhattan_Park_Avenue-New_York_City_New_York.html,3,70,#476 of 525 hotels in New York City,631,776,"111 East 24th Street, New York City, NY 10010",+1 212-529-4240,40.740643,-73.98521,New York City,,,202,699,Hotel,,Fitness centre|Air conditioning|Family Friendly|Free Wifi,Breakfast included,否,,"Modern Manhattan hotel with spacious, clean rooms and convenient location near Broadway. Quiet atmosphere away from Times Square. Amenities include free breakfast, fitness facilities, and in-room appliances.",,,"89 King Bed Rooms, 40 Double/Double Full Size Bed Rooms. Full Breakfast Buffet Healthy Choice."
new_york,8,210,23719753,The Washington Hotel NYC,https://dynamic-media-cdn.tripadvisor.com/media/photo-o/23/08/4e/7c/the-washington.jpg,https://www.tripadvisor.co.uk/Hotel_Review-g60763-d23719753-Reviews-The_Washington_Hotel_NYC-New_York_City_New_York.html,2,350,#524 of 525 hotels in New York City,771,776,"8 Albany St, New York City, NY 10006",+1 646-826-8600,40.709217,-74.014,New York City,,,214,526,Hotel,,Air conditioning|Free Wifi,,否,,"Modern hotel with an American vibe near the 9/11 Memorial and World Trade Center. Features clean, comfortable rooms, helpful staff, and great city views. Short walk to subway, ferry, and attractions.",,,"The Washington is conveniently located in Downtown NYC near many of the city's most iconic visitor touchpoints. From the moving National September 11 Memorial & Museum to the bustle of Wall Street and the lively garden paths of the Hudson River Greenway, Lower Manhattan has a vibe all its own, with endless options for sightseeing, dining, shopping and more."
paris,14,390,228837,Hôtel Grand Powers,https://dynamic-media-cdn.tripadvisor.com/media/photo-o/34/15/ff/ac/executive-room-with-balcony.jpg,https://www.tripadvisor.co.uk/Hotel_Review-g187147-d228837-Reviews-Hotel_Grand_Powers-Paris_Ile_de_France.html,5,1193,"#4 of 1,885 hotels in Paris",4,2446,"52, Rue Francois 1er, 75008 Paris France",+33 1 47 23 91 05,48.869175,2.303167,Paris,,,562,1152,Hotel,,Spa|Restaurant|Bar/Lounge|Fitness centre,,是,2026 Travelers' Choice Best of the Best,"Elegant boutique hotel in central Paris near Champs-Elysees, shops, and restaurants. Modern Parisian design, balconies with stunning views, and exceptional service. Ideal for couples and families.",,,"Among the Parisian buildings which hold the most extraordinary stories, there are hotel windows behind which are the loveliest dreams. Nobly established right in the heart of Paris’s Golden Triangle, the Grand Powers Hotel has shared in an adventure with connoisseurs of beauty and travellers from around the globe since 1920. After welcoming guests for almost 100 years, the hotel is being rejuvenated, a total transformation from the inside out. The haussmannien architecture, typical of the quartier is revisited with new decor inspired by the best elements in design: Italien sensuality, Parisian chic and old English cosiness, with the intention to provide new experiences for its guests who have come to revel in its elegance."
paris,22,630,10275665,Assia et Nathalie,https://dynamic-media-cdn.tripadvisor.com/media/photo-o/11/72/84/01/building-ponds-and-fountains.jpg,https://www.tripadvisor.co.uk/Hotel_Review-g187147-d10275665-Reviews-Assia_et_Nathalie-Paris_Ile_de_France.html,5,235,#1 of 144 B&Bs / Inns in Paris,34,2446,"16 rue du Parc Royal, 75003 Paris France",+33 6 19 61 09 69,48.85887,2.362507,Paris,,,336,375,Bed and Breakfast,,Free Wifi,Breakfast included,否,,"Charming B&B in Le Marais with a central location near metro stations and attractions. Features clean, comfortable rooms, personalized service, and daily fresh breakfasts in a welcoming atmosphere.",,,Luxury Sleep & Friendly Atmosphere in the Historic Marais : Experience Assia et Nathalie Luxury B&B surrounded by gardens in the heart of Paris ! Our 2 luxury bedrooms in Le Marais - with private bathrooms - are located in the garden of a beautiful 18th-century mansion house listed as a Historical Monument. Let yourself fall under the spell of this unique and special place.
paris,12,330,27123140,Hôtel Hana,https://dynamic-media-cdn.tripadvisor.com/media/photo-o/30/2a/5d/20/lobby.jpg,https://www.tripadvisor.co.uk/Hotel_Review-g187147-d27123140-Reviews-Hotel_Hana-Paris_Ile_de_France.html,5,103,"#57 of 1,885 hotels in Paris",60,2446,"17 Rue Du Quatre Septembre, 75002 Paris France",+33 1 87 89 61 98,48.86947,2.336549,Paris,,,436,1151,Hotel,,Pool|Spa|Restaurant|Bar/Lounge,,是,2026 Travelers' Choice,"Boutique hotel with Japanese-inspired decor, pool, spa, and on-site restaurant. Centrally located near the Louvre and Palais Garnier, with thoughtfully designed rooms and attentive service.",,,"Set in a decor inspired by Japanese influences, Hôtel Hana is a meeting place between two worlds, designed by architect Laura Gonzalez. This 5-star boutique hotel with 26 rooms is located in the very heart of the capital, between the majestic Opéra Garnier and Palais Brongniart."
paris,4,90,228694,Hôtel Malte - Astotel,https://dynamic-media-cdn.tripadvisor.com/media/photo-o/33/44/57/47/breakfast-room.jpg,https://www.tripadvisor.co.uk/Hotel_Review-g187147-d228694-Reviews-Hotel_Malte_Astotel-Paris_Ile_de_France.html,4.9,3918,"#1 of 1,885 hotels in Paris",1,2446,"63 Rue De Richelieu, 75002 Paris France",+33 1 44 58 94 94,48.867207,2.337543,Paris,$322,$322,246,610,Hotel,,Air conditioning|Family Friendly|Free Wifi,,是,2026 Travelers' Choice Best of the Best,"Centrally located Paris hotel with stylish, modern rooms, including spacious duplex options. Highlights include complimentary snacks, drinks, and a free minibar. Access to nearby Astotel locations and proximity to top attractions, shops, and highly rated restaurants make it a standout choice.",,,"Located in the 2nd district next to the Stock Exchange, the Louvre and Place des Victoires, Hotel Malta provides a superb location for a memorable stay. Whether you want to shop in the heart of the department store neighbourhood or visit one of the main business centres of Paris, Malta Hotel is the place to be. Elegantly concealed behind a facade dating from the seventeenth century, let yourself be seduced by our garden patio, a pleasurable experience on sunny days, our cozy breakfast room, and the relaxing atmosphere of our lobby. After the warm welcome by our professional team, always at your disposal, you will appreciate the comfort of our rooms decorated in an elegant and timeless design. A convenient location , caring personnel and warm atmosphere make Malta Hotel the perfect place for your stay in the capital, whether traveling with family or on your own."
paris,15,420,188729,Le Bristol Paris,https://dynamic-media-cdn.tripadvisor.com/media/photo-o/32/09/03/05/le-bristol-paris-facade.jpg,https://www.tripadvisor.co.uk/Hotel_Review-g187147-d188729-Reviews-Le_Bristol_Paris-Paris_Ile_de_France.html,4.9,2474,"#223 of 1,885 hotels in Paris",230,2446,"112 Rue du Faubourg Saint Honore 8th Arr., 75008 Paris France",+33 1 53 43 43 25,48.871685,2.3148,Paris,,,2004,3903,Hotel,,Pool|Spa|Restaurant|Bar/Lounge,,是,2026 Travelers' Choice,"Elegant historic 5-star hotel in Paris offering Michelin-star dining, a serene garden, and a rooftop pool. Known for exceptional concierge service and warm hospitality, creating a memorable stay.",,,"Le Bristol Paris is an icon of French elegance and art de vivre boasting 188 completely renovated rooms and suites in the heart of Paris. An exceptional setting best known for its outstanding dining tradition, the hotel holds between Epicure and 114 Faubourg. A lush, 13,000 square foot courtyard garden, Café Antonia, Spa Le Bristol by La Mer, an iconic rooftop swimming pool and Le Bar du Bristol each offer stolen moments of joie throughout the day."
paris,12,330,4340356,Hôtel Fabric Paris Oberkampf,https://dynamic-media-cdn.tripadvisor.com/media/photo-o/2a/03/f5/ed/breakfast.jpg,https://www.tripadvisor.co.uk/Hotel_Review-g187147-d4340356-Reviews-Hotel_Fabric_Paris_Oberkampf-Paris_Ile_de_France.html,4.9,2172,"#11 of 1,885 hotels in Paris",11,2446,"31 Rue de la Folie Méricourt, 75011 Paris France",+33 1 43 57 27 00,48.86309,2.372839,Paris,$186,$186,210,478,Hotel,,Bar/Lounge|Fitness centre|Air conditioning|Family Friendly,,是,2026 Travelers' Choice Best of the Best,"Industrial-chic hotel in a former textile factory near the Marais. Central location with a local vibe, modern rooms, small gym, steam room, honesty bar, and helpful staff. Surrounded by shops and restaurants.",,,"Hotel FABRIC Paris is located on rue de la Folie-Méricourt, between Place de la Republique and Place de la Bastille, in the 11th district of Paris. It draws decorative and ornamental inspiration from the industrial past of the Oberkampf district. The brick-built walls, plentiful space, unconcealed supporting structures and the immense windows admitting plenty of natural light effectively illustrate this approach.

Occupying 4 floors, the FABRIC hotel boasts 33 ultra-comfortable renovated rooms in a resolutely contemporary setting.
Enjoy the steam room, fitness center, buffet breakfast, room service and honesty bar during your Stay!

Hotel Fabric is in the GreenKey applying process for 2025."
paris,5,120,9566832,Hotel 34B - Astotel,https://dynamic-media-cdn.tripadvisor.com/media/photo-o/09/d5/bf/a5/room.jpg,https://www.tripadvisor.co.uk/Hotel_Review-g187147-d9566832-Reviews-Hotel_34B_Astotel-Paris_Ile_de_France.html,4.8,4072,"#69 of 1,885 hotels in Paris",72,2446,"34 Rue Bergère, 75009 Paris France",+33 1 47 70 34 34,48.872707,2.343608,Paris,$107,$107,122,395,Hotel,,Air conditioning|Family Friendly|Free Wifi,,是,2026 Travelers' Choice,"Stylish, centrally located Paris hotel near metro stations, dining, and shopping. Funky decor, free minibar, and complimentary snacks. Surrounded by bars, cafes, and restaurants. Great for exploring.",,,"You'll be amazed by the 100% French interiors at Hotel 34B. This 3-star hotel, ideal for a cultural holiday or shopping trip in Paris, is close to the Galeries Lafayette, Printemps Haussmann and Grand Boulevards. Culture fans will enjoy the hotel's closeness to the Folies Bergères, Opéra Garnier and Musée Grévin. Right next to a metro station on lines 8 and 9, you can travel all over Paris in a flash. A charming 3-star hotel in Paris' 9th arrondissement, with its delicate and detailed design, Hotel 34B stands out from the crowd. The interior decoration and French soul of the hotel ensure a purely Français experience! With its innovative and original design and 3-star service, you will be delighted by Hotel 34B. Stay in one of its 128 rooms, each decorated in an unusual style. Exceptional comfort with high quality, spacious 2-metre beds. Use the free WiFi to organise your days. Enjoy your breakfast with fresh and varied produce in the cosy lobby, then relax on the comfy sofas in the lounge. Travel guides and other books on France are at your disposal, to introduce you to the riches of the country and perhaps help you organise your trips. Soft drinks and snacks are available at the open bar in the afternoon. The attentive staff and warm atmosphere at Hotel 34B will make your stay in Paris truly memorable."
paris,7,180,4800782,Hôtel le 123 Sébastopol - Astotel,https://dynamic-media-cdn.tripadvisor.com/media/photo-o/0f/6f/c6/4e/standard-twin-room.jpg,https://www.tripadvisor.co.uk/Hotel_Review-g187147-d4800782-Reviews-Hotel_le_123_Sebastopol_Astotel-Paris_Ile_de_France.html,4.8,3683,"#10 of 1,885 hotels in Paris",10,2446,"123 Boulevard de Sebastopol, 75002 Paris France",+33 1 40 39 61 23,48.86773,2.352924,Paris,$197,$197,194,543,Hotel,,Fitness centre|Air conditioning|Family Friendly|Free Wifi,,是,2026 Travelers' Choice,"Film-themed hotel near the Louvre with a vintage moviehouse lobby, private cinema, and decor inspired by French cinema. Conveniently located near restaurants and attractions. Unique experience.",,,"Only 10 minutes walking distance from the Pompidou Centre, the Opera and the Marais areas, and facing the Gaite Lyrique Theatre, 123 Sebastopol is the perfect place for an out-of-this-world stay in the heart of Paris.You will be impressed by its top of the range comfort and services and by its unique, movie-inspired design, with each floor dedicated to a French movie celebrity: Jean-Paul Belmondo, Claude Lelouch, Daniele Thompson, Jaoui and Bacri , Elsa Zylberstein or the Italian film music star Ennio Morricone.On entering the lobby, you will enter the movie world and be greeted by our highly professional staff, attentive to your every need and on hand 24h/7.With its easy-to-find location, its direct links to all the major tourist attractions in the capital city, its unique decor and its services tailored to suit every visitor, 123 Sebastopol is THE go-to destination in Paris."
paris,15,420,2041918,"Mandarin Oriental, Paris",https://dynamic-media-cdn.tripadvisor.com/media/photo-o/33/82/be/a9/lobby.jpg,https://www.tripadvisor.co.uk/Hotel_Review-g187147-d2041918-Reviews-Mandarin_Oriental_Paris-Paris_Ile_de_France.html,4.8,2675,"#256 of 1,885 hotels in Paris",266,2446,"251 Rue Saint-honoré, 75001 Paris France",+33 1 70 98 78 88,48.867065,2.327223,Paris,,,1565,2712,Hotel,,Pool|Spa|Restaurant|Bar/Lounge,,是,2026 Travelers' Choice,"Luxury hotel near Place Vendôme with spacious rooms, modern amenities, and a beautiful spa. Prime location near boutiques and attractions. Renowned for exceptional, personalized service and fine dining.",,,"Our much sought-after address on rue Saint-Honoré lies close to some of the world's most exclusive fashion houses and the city's most famous attractions. Beautifully designed and luxuriously appointed, our 5-star hotel rooms and suites are among the most stylish and spacious in the city. Offering cutting-edge cuisine, deliciously light dishes and tantalizing cocktails in sophisticated surroundings, our bar and restaurants are among the best in Paris. An oasis of Oriental wellbeing, our tranquil spa offers expert treatments, world-class therapists and restorative facilities. With a central location, excellent facilities and unbeatable service, we provide the perfect base for business travellers."
paris,12,330,232552,La Maison Favart,https://dynamic-media-cdn.tripadvisor.com/media/photo-o/15/b8/55/e9/photo7jpg.jpg,https://www.tripadvisor.co.uk/Hotel_Review-g187147-d232552-Reviews-La_Maison_Favart-Paris_Ile_de_France.html,4.8,2642,"#20 of 1,885 hotels in Paris",20,2446,"5, Rue De Marivaux 2nd Arr., 75002 Paris France",+33 1 42 97 59 83,48.87081,2.337309,Paris,$218,$218,241,825,Hotel,,Pool|Spa|Bar/Lounge|Fitness centre,Breakfast included,是,2026 Travelers' Choice,"Boutique hotel near Opera Comique with stylish rooms blending modern and retro decor. Features a spa with pool, sauna, and water massage table, plus an ""honesty bar"" offering evening snacks and drinks.",,,"La Maison Favart opened on April, 13th 2012 after 1 year and a half of renovation. 31 Bedrooms, 5 suites, 1 Duplex and La Petite Maison are proposed to you. It is a 4 star hotel, serving a very nice buffet breakfast. A honesty bar, a sauna, a relaxing pool, a fitness room are at the disposal of our guests. In every room, you can find air conditionning, king size bed, minibar, safety box, TV with free moovies, coffee and tea facilities."
paris,8,210,1631156,Hotel Joyce - Astotel,https://dynamic-media-cdn.tripadvisor.com/media/photo-o/06/82/8a/02/hotel-joyce-astotel.jpg,https://www.tripadvisor.co.uk/Hotel_Review-g187147-d1631156-Reviews-Hotel_Joyce_Astotel-Paris_Ile_de_France.html,4.7,4075,"#37 of 1,885 hotels in Paris",38,2446,"29 rue la Bruyère 9th Arrondissement, 75009 Paris France",+33 1 55 07 00 01,48.879383,2.334177,Paris,,,130,375,Hotel,,Air conditioning|Family Friendly|Free Wifi,,是,2026 Travelers' Choice,"Boutique hotel in the 9th arrondissement, ideal for exploring Paris. Easy access to metro, Montmartre, Sacre Coeur, and Moulin Rouge. Complimentary snacks and drinks, nearby cafes, restaurants, and shops.",,,"Standing at an unconventional spot of the upper 9th district, the Joyce Hotel is ideally located at the crossroads of the theater district, Place St-Georges, and the ""hot-spots"" of the fashionable South-Pigalle neighborhood. Meticulously decorated by Philippe Maidenberg, with nods to inevitable Parisian monuments, our hotel will seduce you with its comfort and bold design. Luxury car furniture recycled as improvised seats, inverted Eiffel Tower, delicate tromple-l'oeil paintings around beds, breakfast with bio breads and cereals under a very Eiffel-like glass roof: Everything is ready to usher you into a fun and surprising world. Our 44 rooms are full of thoughtful and delicate touches that add to the cosiness of the place. All rooms feature a quiet atmosphere, strengthened in some cases with a terrace or an enchanting view over the rooftops. Our team, available 24/24, will welcome you into a chic and relaxing atmosphere"
paris,17,480,250928,Park Hyatt Paris - Vendôme,https://dynamic-media-cdn.tripadvisor.com/media/photo-o/2d/e6/49/a2/room-view.jpg,https://www.tripadvisor.co.uk/Hotel_Review-g187147-d250928-Reviews-Park_Hyatt_Paris_Vendome-Paris_Ile_de_France.html,4.7,3609,"#172 of 1,885 hotels in Paris",177,2446,"5 Rue De La Paix, 75002 Paris France",+33 1 587 1234,48.868713,2.330486,Paris,,,1585,3274,Hotel,,Spa|Restaurant|Bar/Lounge|Fitness centre,,是,2026 Travelers' Choice,"Luxury hotel in central Paris near Rue de la Paix and Place Vendome. Features Michelin restaurant, renowned bar, elegant decor, and attentive service. Ideal for shopping, dining, and exploring key attractions.",,,"Park Hyatt Paris-Vendôme allows you to take a break from the city’s frenzy, all while giving you access to its most vibrant addresses. Ideally located at 5 rue de la Paix, our Parisian Palace is just steps away from Place Vendôme and Opera Garnier, and a few minutes' walk from Rue du Faubourg Saint Honoré’s exclusive shops, Louvre Museum, Tuileries gardens, the department stores, and much more. Its discreet entrance makes it the perfect place to stay in the central, yet calm area, of the prestigious 2nd arrondissement."
paris,3,60,230431,Hotel Astoria - Astotel,https://dynamic-media-cdn.tripadvisor.com/media/photo-o/06/35/4d/cc/hotel-astoria-opera-astotel.jpg,https://www.tripadvisor.co.uk/Hotel_Review-g187147-d230431-Reviews-Hotel_Astoria_Astotel-Paris_Ile_de_France.html,4.7,3296,"#83 of 1,885 hotels in Paris",88,2446,"42 Rue de Moscou, 75008 Paris France",+33 1 42 93 63 53,48.881645,2.322939,Paris,$107,$107,116,360,Hotel,,Air conditioning|Family Friendly|Free Wifi,,是,2026 Travelers' Choice,"Centrally located hotel with old-world charm and modern amenities. Highlights include a large, cheery breakfast area with exceptional service, complimentary in-room mini-bar, and an open snack bar. Clean, well-lit rooms and easy access to metro, restaurants, and shops.",,,"At the heart of a quiet street between Opera and major department stores , a short walk from the Gare Saint Lazare, close to Rome station, the Astoria Opera Hotel sits in a central location with direct access to the Champs Elysees - within 10 minutes via Metro, or to the picturesque neighborhood of Montmartre. Our professional and caring staff will welcome you in our cozy lobby, fitted with comfortable leather sofas. Our 86 rooms are decorated with warm colours and contemporary furnishings. They are all carpeted, equipped with satellite TV and feature a private bathroom with hairdryer. This welcoming and cozy atmosphere is intended to make your stay as relaxing and comfortable as possible."
paris,14,390,197666,Hotel Ares Paris,https://dynamic-media-cdn.tripadvisor.com/media/photo-o/2c/09/7a/74/exterieur.jpg,https://www.tripadvisor.co.uk/Hotel_Review-g187147-d197666-Reviews-Hotel_Ares_Paris-Paris_Ile_de_France.html,4.7,2961,"#190 of 1,885 hotels in Paris",196,2446,"7, Rue du Général de Larminat, 75015 Paris France",+33 1 47 34 74 04,48.850376,2.298215,Paris,,,181,475,Hotel,,Bar/Lounge|Air conditioning|Pets Allowed|Family Friendly,,是,2026 Travelers' Choice,"Boutique hotel with a cozy atmosphere and prime location near the Eiffel Tower. Quiet street close to shops, restaurants, and metro. Features include air conditioning, remodeled showers, and partial Eiffel Tower views.",,,"This sophisticated hotel is a 3-minute walk from both La Motte-Picquet - Grenelle metro station and the Swiss Village - Antique and Art Galleries. It's also a 12-minute walk from the Eiffel Tower. The richly decorated, traditional rooms feature plush furnishings and bathrooms with designer tiles, plus free Wi-Fi, mini-bars, and flat-screen TVs. Upgraded rooms add living areas; junior suites offer Eiffel Tower views. Breakfast comes free, and the hotel can arrange moped/bike rentals. Other amenities include 2 refined, individually styled lounges."
paris,2,30,506900,Hotel des Arts - Montmartre,https://dynamic-media-cdn.tripadvisor.com/media/photo-o/1a/23/19/ce/hotel-des-arts-montmartre.jpg,https://www.tripadvisor.co.uk/Hotel_Review-g187147-d506900-Reviews-Hotel_des_Arts_Montmartre-Paris_Ile_de_France.html,4.6,4234,"#5 of 1,885 hotels in Paris",5,2446,"5 rue Tholoze, 75018 Paris France",+33 1 46 06 30 52,48.88622,2.335245,Paris,$158,$158,177,430,Hotel,,Air conditioning|Airport transportation|Free Wifi,,是,2026 Travelers' Choice,"Boutique hotel in Montmartre near cafes, shops, and restaurants. Modern, stylish design with a quaint atmosphere. Close to Sacré-Cœur, Moulin Rouge, and metro stations. Ideal for work or leisure stays.",,,"Looking for a place to stay in Paris? Then look no further than Hotel des Arts - Montmartre, a romantic hotel that brings the best of Paris to your doorstep. Hotel des Arts Paris, Montmartre, offers guests an array of room amenities including a flat screen TV, a desk, and blackout curtains, and getting online is possible, as free wifi is available and Air Conditioning in all the room with personal command. The hotel offers a 24 hour front desk, a concierge, and baggage storage, to make your visit even more pleasant. The property also features breakfast. Guests arriving by vehicle have access to parking. Close to some of Paris' most popular landmarks, such as Champs-Elysees (1.7 mi) and Louvre Museum (1.7 mi), Hotel Des Arts is a great destination for tourists. Paris has plenty of French restaurants. So when you’re here, be sure to check out popular spots like 58 Tour Eiffel, Le Bouillon Chartier, and L'Avenue, which are serving up some great dishes. Paris is also known for some great castles, including Luxembourg Palace, Castel Beranger, and Chateau de la Reine Blanche, which are not too far from Hotel des Arts - Montmartre. We’re sure you’ll enjoy your stay at Hotel des Arts - Montmartre as you experience everything Paris has to offer."
paris,11,300,234633,Hotel Residence Foch,https://dynamic-media-cdn.tripadvisor.com/media/photo-o/02/7e/fd/fd/hotel-entrace.jpg,https://www.tripadvisor.co.uk/Hotel_Review-g187147-d234633-Reviews-Hotel_Residence_Foch-Paris_Ile_de_France.html,4.6,3020,"#515 of 1,885 hotels in Paris",531,2446,"10 rue Marbeau, 75116 Paris France",+33 1 45 00 46 50,48.874252,2.281149,Paris,,,134,468,Hotel,,Bar/Lounge|Free Wifi,,是,2026 Travelers' Choice,"Chic boutique hotel with classic Parisian charm and modern rooms. Quiet location near metro, Arc de Triomphe, and other landmarks. No on-site dining but walking distance to restaurants and attractions.",,,"Finding an ideal romantic hotel in Paris does not have to be difficult. Welcome to Hotel Residence Foch, a nice option for travellers like you.
Residence Foch is a romantic hotel offering a flat screen TV in the rooms, and it is easy to stay connected during your stay as free wifi is offered to guests.
The hotel features 24 hour front desk, a concierge, and baggage storage. Plus, guests can enjoy a lounge, which has made this a popular choice among travellers visiting Paris.
Nearby landmarks such as Eiffel Tower (1.3 mi) and Champs-Elysees (1.3 mi) make Residence Foch a great place to stay when visiting Paris.
If you like wine bars, Residence Foch is conveniently located near L'Avant Comptoir, Freddy's, and Gegeor.
Plus, during your trip, don’t forget to check out some of the popular architectural buildings, such as Cathédrale Notre-Dame de Paris, Louvre Museum, and Arc de Triomphe.
Hotel Residence Foch puts the best of Paris at your fingertips, making your stay both relaxing and enjoyable."
paris,8,210,197447,Grand Hotel Francais,https://dynamic-media-cdn.tripadvisor.com/media/photo-o/03/c9/bb/7a/grand-hotel-francais.jpg,https://www.tripadvisor.co.uk/Hotel_Review-g187147-d197447-Reviews-Grand_Hotel_Francais-Paris_Ile_de_France.html,4.6,2667,"#120 of 1,885 hotels in Paris",125,2446,"223 Boulevard Voltaire 11th Arr., 75011 Paris France",+33 1 43 71 27 57,48.851654,2.390827,Paris,$94,$94,101,318,Hotel,,Bar/Lounge|Air conditioning|Free Wifi,,是,2026 Travelers' Choice,"Charming hotel in a vibrant, traditional Parisian neighborhood near Place de la Nation. Close to metro, shops, bakeries, and dining. Clean, cozy rooms with thoughtful amenities and exceptional hospitality.",,,"Its individually decorated and personalized guestrooms and suites are soundproofed and offer elegant accommodation. Each room has air-conditioning, flat-screen TV and free Wi-Fi internet access. The well-equipped rooms feature contemporary decor and warm colours. The bathrooms include a massaging shower or bath. The Grand Hotel Français is situated in Place de la Nation, near Place de la Bastille, the fashionable Marais district and the lovely district near the Canal Saint Martin."
paris,5,120,271839,Hotel Muguet,https://dynamic-media-cdn.tripadvisor.com/media/photo-o/1f/c8/86/a6/exterior-view.jpg,https://www.tripadvisor.co.uk/Hotel_Review-g187147-d271839-Reviews-Hotel_Muguet-Paris_Ile_de_France.html,4.6,2489,"#180 of 1,885 hotels in Paris",185,2446,"11 Rue Chevert, 75007 Paris France",+33 1 47 05 05 93,48.85571,2.30892,Paris,,,192,557,Hotel,,Air conditioning|Free Wifi,,是,2026 Travelers' Choice,"Charming hotel with cozy decor near the Eiffel Tower and Rue Cler. Offers clean, spacious rooms, some with landmark views. Conveniently located near shops, restaurants, and public transportation.",,,"Hôtel Muguet takes its name from the French for lily-of-the-valley, a theme reflected in the hotel's yet refined decoration. Located between the Eiffel Tower and the Invalides, our hotel is very charming and parisian."
paris,2,30,250927,Hotel Europe Saint Severin,https://dynamic-media-cdn.tripadvisor.com/media/photo-o/2c/28/6a/56/exterior.jpg,https://www.tripadvisor.co.uk/Hotel_Review-g187147-d250927-Reviews-Hotel_Europe_Saint_Severin-Paris_Ile_de_France.html,4.5,3264,"#409 of 1,885 hotels in Paris",424,2446,"38-40 Rue Saint Severin, 75005 Paris France",+33 1 46 34 05 70,48.852753,2.344314,Paris,$209,$209,133,574,Hotel,,Restaurant|Air conditioning|Free Wifi,,是,2026 Travelers' Choice,"Charming hotel in the Latin Quarter near Notre Dame and the Seine. Features cozy, clean rooms, some with balconies and great views. Surrounded by restaurants, cafes, and easy access to public transport.",,,"Friendly and comfortable property located in the heart of the Latin quarter on a pedestrian street. The hotel is within easy walking distance of many of the city's touristic sights, including Notre Dame, Saint Germain des Pres, the Luxembourg Garden, the Louvre and the Orsay Museum. Very easy to reach from both airports and railway stations, the establishment is the perfect place for a cultural or professional stay in Paris."
paris,2,30,197563,Hôtel La Manufacture,https://dynamic-media-cdn.tripadvisor.com/media/photo-o/34/1e/c5/91/bar.jpg,https://www.tripadvisor.co.uk/Hotel_Review-g187147-d197563-Reviews-Hotel_La_Manufacture-Paris_Ile_de_France.html,4.5,3131,"#211 of 1,885 hotels in Paris",217,2446,"8 rue Philippe de Champagne, 75013 Paris France",+33 1 45 35 45 25,48.83297,2.355336,Paris,$84,$84,95,343,Hotel,,Air conditioning|Free Wifi,,是,2026 Travelers' Choice,"Charming Paris hotel near Latin Quarter with stylish decor, cozy lounge, and easy access to metro and buses. Surrounded by vibrant cafes, restaurants, and shops in a lively yet quiet neighborhood.",,,"Housed in a charming 19th century building, La Manufacture is an elegant establishment, decorated with taste and style and blending the past with the present. The use of soft, natural colors and the careful attention to detail reflects perfectly the inviting atmosphere to be found. Oak floorboards, wicker chairs, cotton rugs, wooden furniture make this charming Boutique Hotel a real feast for the eyes."
paris,5,120,233725,Hôtel Brighton Paris,https://dynamic-media-cdn.tripadvisor.com/media/photo-o/33/cc/8e/76/hotel-brighton-paris.jpg,https://www.tripadvisor.co.uk/Hotel_Review-g187147-d233725-Reviews-Hotel_Brighton_Paris-Paris_Ile_de_France.html,4.5,2682,"#446 of 1,885 hotels in Paris",461,2446,"218 Rue de Rivoli, 75001 Paris France",+33 1 47 03 61 61,48.86484,2.329054,Paris,$325,$325,324,816,Hotel,,Bar/Lounge|Air conditioning|Airport transportation|Pets Allowed,,是,2026 Travelers' Choice,"Centrally located near Paris landmarks like the Eiffel Tower and Louvre, featuring spacious, well-appointed rooms, some with balconies and stunning views. Offers a quintessential Parisian ambiance.",,,"""An unique view in the heart of Paris"" The Hôtel Brighton, built on Rue de Rivoli by Lord Egerton at the beginning of the 19th century, became one of the capital’s leading hotels, attracting many British customers. This district of Paris, which is now the 1st arrondissement, was very popular with British clients on The Grand Tour, an initiatory trip across Europe and sometimes as far as Asia with the aim of completing the artistic and cultural education of the young middle classes. The hotel has preserved a large number of antique elements down the years, beginning with the period mosaic with the words ""Hôtel Brighton"" on the ground beneath the arcades of Rue de Rivoli in front of the hotel. Inside, the marble columns in the hall, the sculpted high reliefs in the bar, the set of antique mirrors and the many French windows, the tall ceilings on the ""noble floors"" and the exposed beams in the rooms on the upper storeys all bear witness to the history of the site and the people who gave it its charm. But what makes the Hôtel Brighton a truly exceptional place is the breathtaking 180° panorama. To the left, the Louvre, once a royal palace, today a museum, the Tuileries Gardens opposite and the Place de la Concorde to the right with the Eiffel Tower in the background. One of your best memories of Paris will be this unique view."
paris,5,120,228848,Hotel Lorette - Astotel,https://dynamic-media-cdn.tripadvisor.com/media/photo-o/06/82/87/3b/hotel-lorette-opera-astotel.jpg,https://www.tripadvisor.co.uk/Hotel_Review-g187147-d228848-Reviews-Hotel_Lorette_Astotel-Paris_Ile_de_France.html,4.5,2636,"#89 of 1,885 hotels in Paris",94,2446,"36 rue Notre Dame de Lorette 9th Arr., 75009 Paris France",+33 1 42 85 18 81,48.878887,2.33722,Paris,$107,$107,126,373,Hotel,,Air conditioning|Family Friendly|Free Wifi,,是,2026 Travelers' Choice,"Conveniently located near metro stations and Montmartre, with easy access to attractions, dining, and cafes. Complimentary snacks, drinks, and helpful amenities. Friendly staff and lively surroundings.",,,"Centrally located, our beautiful establishment in Haussmann-style embodies the perfect combination of original Parisian charm and modernity, thanks to its recent renovation in 2012. Its outstanding location allows guests to explore Paris on foot. Sacre Coeur, Montmartre, the Opera and major department Stores are withing a 10-minute walk from the hotel; the nearby st Georges (line 12) Metro station provides direct access to Champs Elysees in under 15 minutes. Upon arrival, you will be delighted by our charming reception area, as well as by the efficient and attentive welcome of our team. Our 84 rooms, to which our staff devotes special attention, have been tastefully redesigned to provide you with comfort and modernity. Enjoy free WiFi in the room and in public areas. Take your hearty breakfast in buffet style in an unusual setting, as you discover the original vaulted cellar, a beautiful and airy structure. Needless to say, you may also order your a-la-carte breakfast to be served directly in your room. Thus, the warm and modern furnishings of the hotel , its outstanding central location and our caring staff are the perfect ingredients for a successful business or leisure trip!"
paris,1,0,572984,Hotel Eiffel Seine,https://dynamic-media-cdn.tripadvisor.com/media/photo-o/08/86/64/a5/hotel-eiffel-seine.jpg,https://www.tripadvisor.co.uk/Hotel_Review-g187147-d572984-Reviews-Hotel_Eiffel_Seine-Paris_Ile_de_France.html,4.4,3027,"#486 of 1,885 hotels in Paris",501,2446,"3 Boulevard De Grenelle, 75015 Paris France",+33 1 45 78 14 81,48.85437,2.28929,Paris,$161,$161,182,477,Hotel,,Bar/Lounge|Air conditioning|Free Wifi,Sponsored,是,Travelers' Choice,"Charming boutique hotel with a prime location near the Eiffel Tower, metro, and dining options. Clean, well-decorated rooms, helpful staff, and a cozy atmosphere enhanced by a friendly resident cat.",,,"Everyone needs a place to lay their weary head. For travellers visiting Paris, Hotel Eiffel Seine is an excellent choice for rest and rejuvenation. Well-known for its quaint environment and proximity to great restaurants and attractions, Hotel Eiffel Seine makes it easy to enjoy the best of Paris.
Hotel Eiffel Seine offers guests an array of room amenities including a flat screen TV, a minibar, and air conditioning, and getting online is possible, as free wifi is available.
The hotel offers 24 hour front desk, express check-in and check-out, and baggage storage, to make your visit even more pleasant. The property also features breakfast. Guests arriving by vehicle have access to paid public parking available nearby.
Nearby landmarks such as Champs-Elysees (1.4 mi) and Arc de Triomphe (1.4 mi) make Eiffel Seine a great place to stay when visiting Paris.
While visiting Paris, you may want to try some crab at one of the nearby restaurants, such as L'Avenue, Les Ombres, or L'Avant Comptoir.
If you’re looking for things to do, you can check out Eiffel Tower (0.4 mi) or Trocadero (0.5 mi), which are popular attractions amongst tourists, and they are all within walking distance.
Whether you’re travelling for business, pleasure or both, Hotel Eiffel Seine is sure to make your visit to Paris one worth remembering."
paris,9,240,228833,Hotel Saint-Petersbourg Opera & SPA,https://dynamic-media-cdn.tripadvisor.com/media/photo-o/16/56/26/15/hotel-saint-petersbourg.jpg,https://www.tripadvisor.co.uk/Hotel_Review-g187147-d228833-Reviews-Hotel_Saint_Petersbourg_Opera_SPA-Paris_Ile_de_France.html,4.4,2384,"#221 of 1,885 hotels in Paris",228,2446,"35 Rue de Caumartin, 75009 Paris France",+33 1 42 66 60 38,48.872143,2.328126,Paris,$243,$243,192,615,Hotel,,Pool|Spa|Bar/Lounge|Fitness centre,,是,2026 Travelers' Choice,"Elegant hotel near Place de la Concorde, offering air-conditioned rooms, modern bathrooms, and some with balconies. Central location near landmarks, dining, and shopping. Friendly, helpful staff.",,,"Ideally located in the heart of one of the most beautiful areas of Paris, the Saint Petersburg hotel enjoys a prestigious environment, close to Galeries Lafayette, the Opéra Garnier, the Louvre, the Madeleine and Rue Saint-Honoré. With more than 100 years of history, the hotel was completely renovated in 2016 to combine historical charm and contemporary comfort. The hotel offers triple and quadruple rooms suitable for families, as well as Junior Suites with terrace. A professional team is available 24 hours a day with concierge, luggage storage and very high-speed Wi-Fi. Secure parking at 20 meters, buffet breakfast served in room or in room. Modern and equipped conference rooms are also available."
paris,40,1170,235575,Lenox Montparnasse,https://dynamic-media-cdn.tripadvisor.com/media/photo-o/17/cd/f8/71/lenox-montparnasse.jpg,https://www.tripadvisor.co.uk/Hotel_Review-g187147-d235575-Reviews-Lenox_Montparnasse-Paris_Ile_de_France.html,4.4,2199,"#377 of 1,885 hotels in Paris",390,2446,"15 rue Delambre, 75014 Paris France",+33 1 43 35 34 50,48.84157,2.32779,Paris,,,184,413,Hotel,,Bar/Lounge|Air conditioning|Free Wifi,,否,,"Stylish hotel in a lively area near metro lines, restaurants, and attractions. Features modern, comfortable rooms, some with balconies, a self-serve bar, and friendly staff. Convenient for exploring Paris.",,,"Discover Hôtel Lenox Montparnasse, a charming and peaceful boutique haven in the heart of artistic Paris (14th arrondissement). Nicked on a quiet street in the legendary Montparnasse district, our Right Bank style hotel offers a warm and highly secure environment, making it a favorite for solo female travelers and business trips alike. Why choose Hôtel Lenox? Seamless Logistics: Steps from Gare Montparnasse and direct metro lines (4, 6, 12, 13) to quickly reach all major Parisian landmarks. Gourmet Highlights: A complete hot & cold breakfast buffet featuring scrambled eggs, crispy bacon, organic products, and fresh pastries delivered daily by our local baker. Vibrant Neighborhood: Surrounded by historic brasseries (La Coupole, Le Dôme), famous theaters, and boutiques. Your ideal Parisian pied-à-terre for an authentic local experience."
paris,11,300,188743,Hyatt Paris Madeleine,https://dynamic-media-cdn.tripadvisor.com/media/photo-o/10/02/b9/a5/suite-eiffel.jpg,https://www.tripadvisor.co.uk/Hotel_Review-g187147-d188743-Reviews-Hyatt_Paris_Madeleine-Paris_Ile_de_France.html,4.4,2089,"#218 of 1,885 hotels in Paris",224,2446,"24 boulevard Malesherbes, 75008 Paris France",+33 1 55 27 12 34,48.872837,2.321582,Paris,,,573,973,Hotel,,Spa|Restaurant|Bar/Lounge|Fitness centre,,是,2026 Travelers' Choice,"Elegant hotel in a central yet tranquil location near shops, dining, and popular attractions. Features stunning Eiffel Tower views, charming decor, and professional staff offering local recommendations.",,,"Experience Paris at Hyatt Paris Madeleine, where you can dive into the essence of Parisian art de vivre, in a place that blends elegance with modernity. Located in historic Paris, our hotel is the perfect starting point to explore the city's cultural and gastronomic treasures.

Culinary delights await you with creations by Chef Julien Rousseau, whether at the Café M restaurant or in the intimate setting of our Lounge La Chinoiserie. Every meal is a celebration of Parisian tradition.

Our suites, true havens of peace, offer a calming atmosphere. Extend this sense of well-being with an in-room massage and an exceptional dinner. Hyatt Paris Madeleine is elegance dedicated to an unforgettable Parisian experience."
paris,4,90,282205,Hotel Terminus Lyon,https://dynamic-media-cdn.tripadvisor.com/media/photo-o/2c/00/52/6b/bathroom3.jpg,https://www.tripadvisor.co.uk/Hotel_Review-g187147-d282205-Reviews-Hotel_Terminus_Lyon-Paris_Ile_de_France.html,4.3,3451,"#237 of 1,885 hotels in Paris",245,2446,"19 boulevard Diderot, 75012 Paris France",+33 1 56 95 00 00,48.845806,2.371727,Paris,$111,$111,113,407,Hotel,,Air conditioning|Free Wifi,,是,2026 Travelers' Choice,"Conveniently located near Gare de Lyon with easy access to transportation, dining, and the Seine. Clean, comfortable rooms, traditional Parisian charm, helpful staff, and an attached restaurant.",,,"Business, fashion, gastronomy, entertainment… Located in front of the Gare de Lyon in Paris, between the Palais Omnisports of Bercy and the Place de la Bastille, the Hotel Terminus Lyon receives you for trips, week-ends and stays in Paris.Central location, comfortable and air-conditioned rooms, cozy atmosphere … The Hotel Terminus offers you high quality services : - conciergerie, dry cleaning …- 24 hours room service, breakfast- car rental, shows booking- free Wifi ...Practical information :The proximity of the very animated area of the Bastille, the Opéra Bastille, the area Bercy Village as well as the easy access to the Eiffel Tower, the Louvre, the Champs-Elysées, ..."
paris,4,90,242960,Hotel Jardins d'Eiffel,https://dynamic-media-cdn.tripadvisor.com/media/photo-o/30/a3/d5/e4/hotel-front.jpg,https://www.tripadvisor.co.uk/Hotel_Review-g187147-d242960-Reviews-Hotel_Jardins_d_Eiffel-Paris_Ile_de_France.html,4.3,1863,"#348 of 1,885 hotels in Paris",361,2446,"8 Rue Amelie, 75007 Paris France",+33 1 47 05 46 21,48.859165,2.307354,Paris,$194,$194,189,440,Hotel,,Air conditioning|Airport transportation|Free Wifi,Breakfast included,是,2026 Travelers' Choice,"Quiet hotel near the Eiffel Tower and Rue Cler, with easy access to shops, restaurants, Metro, and RER stations. Some rooms and the terrace offer iconic tower views. Peaceful and convenient location.",,,"The Jardins d’Eiffel Hotel enjoys one of the best locations in Paris, in the Invalides district, left bank, a few steps from the Eiffel Tower, the Champ-de-Mars, the river Seine and the Champs-Élysées. We offer 81 nicely decorated rooms, with a contemporary spirit. Each room is air conditioned with TV, mini-bar, safety box, free Wi-Fi and en suite bathrooms (with shower or bath and hairdryer). Some rooms feature a balcony or terrace and 60 rooms overlook our charming interior garden. Some Premium rooms have a view on the Eiffel Tower, from the windows or from the balcony."
paris,2,30,302989,Hotel Design Sorbonne,https://dynamic-media-cdn.tripadvisor.com/media/photo-o/2c/20/29/94/exterior.jpg,https://www.tripadvisor.co.uk/Hotel_Review-g187147-d302989-Reviews-Hotel_Design_Sorbonne-Paris_Ile_de_France.html,4.3,1811,"#357 of 1,885 hotels in Paris",370,2446,"6 rue Victor Cousin, 75005 Paris France",+33 1 43 54 58 08,48.848137,2.342528,Paris,$161,$161,145,396,Hotel,,Air conditioning|Airport transportation|Pets Allowed|Free Wifi,,是,2026 Travelers' Choice,"Centrally located in Paris’s Latin Quarter near Jardin du Luxembourg, Notre Dame, and the Pantheon. Cozy atmosphere, art deco decor, clean rooms, and easy access to dining, shops, and public transit.",,,"Welcome to Hotel Design Sorbonne, a secret adress for travelers like you. Closeby near emblematic places such as the Place de la Sorbonne, and the Luxembourg Gardens; the Hotel Design Sorbonne is ideally located to discover the various attractions of Paris, city also known for its famous monuments, including the Pantheon, Notre Dame Cathedral, Sainte Chapelle or the Hôtel des Invalides, which are very close to the Hotel Sorbonne design. Hotel De La Sorbonne offers a bunch of amenities, including a SmartTV or an iMac in every room and air conditioning. It is also possible to stay connected via free Wi-Fi (fiber optic). The hotel has a 24-hour front desk and concierge service. The establishment also propose breakfasts and you can admire photo exhibition on each floor. The Sorbonne district has a multitude of restaurants, in order to satisfy all your desires and all taste buds, the reception of the Hotel will be able to guide you. Hotel Design Sorbonne looks forward to welcoming you on your business or leisure trip to Paris."
paris,9,240,649965,First Hotel,https://dynamic-media-cdn.tripadvisor.com/media/photo-o/34/0d/57/3f/facade.jpg,https://www.tripadvisor.co.uk/Hotel_Review-g187147-d649965-Reviews-First_Hotel-Paris_Ile_de_France.html,4.3,1801,"#519 of 1,885 hotels in Paris",535,2446,"2 Boulevard Garibaldi, 75015 Paris France",+33 1 43 06 93 26,48.8475,2.302314,Paris,,,163,419,Hotel,,Restaurant|Bar/Lounge|Air conditioning|Airport transportation,,是,2026 Travelers' Choice,"Modern hotel near the Eiffel Tower with metro access across the street. Spacious rooms with some offering Eiffel Tower views. Surrounded by shops and restaurants, ideal for exploring Paris.",,,"ideally located in the middle of the business and the pleasure districts close to eiffel-tower many rooms with exceptionnal view, invalides, unesco.Hotel completly renovated one years for the renovation openning first september 2010 HIGH STANDING HOTEL UNLIMITED WIFI CONNECTION Near to the porte de versailles exhibition hall A warm welcome and quality know-how are the trump cards that will help make your stay in the capital a successful one"
paris,5,120,12455412,citizenM Paris Gare de Lyon,https://dynamic-media-cdn.tripadvisor.com/media/photo-o/32/0c/18/2e/lobby.jpg,https://www.tripadvisor.co.uk/Hotel_Review-g187147-d12455412-Reviews-CitizenM_Paris_Gare_de_Lyon-Paris_Ile_de_France.html,4.2,3280,"#788 of 1,885 hotels in Paris",819,2446,"8 Rue Van Gogh, 75012 Paris France",+33 1 86 65 07 40,48.84383,2.372847,Paris,$119,$119,137,336,Hotel,,,,是,2026 Travelers' Choice,"Modern hotel with high-tech rooms near bars, restaurants, and public transport. Features a rooftop bar with Eiffel Tower views, excellent food, multilingual staff, and cozy spaces for business travelers.",,,"In Paris for business, pleasure or both? Find your perfect room at citizenM Gare de Lyon - just two minutes from the train/metro/RER station, connected to all of Paris and the airports. Admire the old-time grandeur of Paris while sleeping in modern affordable luxury in our smart, stylish bedrooms with wall-to-wall windows, XL king-size beds, power showers and smart TVs with free movies. Control the room ambiance with our free app (part of our unique contactless stay experience), or the bedside MoodPad tablet. All rooms get a world-class deep-clean after every single stay. When not sleeping or relaxing, feel right at home in the living room filled with designer furniture, books and intriguing art. There's spaces to relax or to work while surfing our superfast free Wi-Fi. canteenM kitchen is open 24/7 for drinks, food and snacks, as well as cocktails, breakfast and hot meals throughout the day. Pay a visit to our 16th floor cloudM rooftop bar for sensational Seine-side views."
paris,11,300,595754,Hyatt Regency Paris Étoile,https://dynamic-media-cdn.tripadvisor.com/media/photo-o/2c/6c/62/81/caption.jpg,https://www.tripadvisor.co.uk/Hotel_Review-g187147-d595754-Reviews-Hyatt_Regency_Paris_Etoile-Paris_Ile_de_France.html,4.2,2849,"#461 of 1,885 hotels in Paris",476,2446,"3 Place du General Koenig, 75017 Paris France",+33 1 40 68 12 34,48.880524,2.284563,Paris,$178,$178,212,608,Hotel,,Restaurant|Bar/Lounge|Fitness centre|Air conditioning,,是,2026 Travelers' Choice,"Modern hotel near Porte Maillot with stunning Eiffel Tower and Arc de Triomphe views. Features a rooftop bar, fitness center, spacious rooms, and club level with snacks, drinks, and panoramic views. Walking distance to Champs Elysees, metro, and iconic landmarks.",,,"Standing 34 stories high, Hyatt Regency Paris Étoile offers breathtaking views of Paris and its iconic monuments. Ideally located between the business district of La Défense and the Champs-Élysées, this hotel is one of the largest in Europe, featuring 995 modern rooms and suites, all with stunning panoramic views. The hotel provides flexible event spaces, including 35 meeting rooms and one of the largest kitchens in Europe, ensuring tailored experiences for every guest. Guests have 24/7 access to a fitness center and Clés d’Or Concierges. The hotel also boasts Windo Skybar, the highest panoramic bar in the French capital, and Restaurant Mayo, which highlights local produce with a menu designed for sharing."
paris,80,2370,228728,Renaissance Paris Vendome Hotel,https://dynamic-media-cdn.tripadvisor.com/media/photo-o/2f/d2/68/c6/king-parisian-corner.jpg,https://www.tripadvisor.co.uk/Hotel_Review-g187147-d228728-Reviews-Renaissance_Paris_Vendome_Hotel-Paris_Ile_de_France.html,4.2,1699,"#769 of 1,885 hotels in Paris",799,2446,"4 Rue du Mont Thabor, 75001 Paris France",+33 1 40 20 20 00,48.86549,2.329529,Paris,,,,,Hotel,,Air conditioning|Airport transportation,,否,,"Centrally located hotel near top Paris attractions like the Louvre and Tuileries Garden. Known for its excellent service, stylish public spaces, on-site dining, and easy access to shops and restaurants.",,,"The Renaissance Paris Vendôme has temporarily closed its doors on October 11 as we embark on a remarkable transformation. We are reimagining every detail to offer an experience that celebrates sophistication, comfort, and the art of exceptional hospitality. We cannot wait to share this next chapter with you and unveil the next level of luxury that awaits."
paris,17,480,2292234,Le VIP Paris Yacht Hotel,https://dynamic-media-cdn.tripadvisor.com/media/photo-o/2a/83/d3/73/le-vip-paris-yacht-hotel.jpg,https://www.tripadvisor.co.uk/Hotel_Review-g187147-d2292234-Reviews-Le_VIP_Paris_Yacht_Hotel-Paris_Ile_de_France.html,4.2,1552,#8 of 417 Speciality lodging in Paris,506,2446,"Port de la Rapee, 75012 Paris France",+33 1 44 68 06 38,48.840714,2.372878,Paris,,,167,594,Speciality Hotel,,Restaurant|Bar/Lounge|Air conditioning,,是,2026 Travelers' Choice,Unique floating hotel near the Seine with small but comfortable rooms and beautiful night views of Paris. Convenient to Bercy Arena and Gare de Lyon. Features dinner cruises with live music.,Great location for our purposes (concert at Accor Stadium) and right between two main stations G de Lyon and G d’Austerlitz. Room was tiny but comfy. Shower was great and air con worked really well which was a...,Lesley J,"The VIP Paris is the only Navigator Yacht-Hotel in the capital. It offers lovers the opportunity to live a unique romantic experience in Paris: sailing, dining and sleeping on the Seine. An aperitif cruise from the roof with a breathtaking view of Paris, a refined dinner in our Thalattata restaurant or an overnight stay on board in our 17 double cabins including 7 Suites with private Jacuzzi and Sauna, create the stay of your dreams."
paris,5,120,264550,Hotel Paris Louis Blanc,https://dynamic-media-cdn.tripadvisor.com/media/photo-o/22/02/09/c4/hotel-paris-louis-blanc.jpg,https://www.tripadvisor.co.uk/Hotel_Review-g187147-d264550-Reviews-Hotel_Paris_Louis_Blanc-Paris_Ile_de_France.html,4.1,1663,"#303 of 1,885 hotels in Paris",313,2446,"232 Rue du Faubourg Saint-Martin, 75010 Paris France",+33 1 40 34 38 38,48.88109,2.365392,Paris,$98,$98,108,278,Hotel,,Restaurant|Air conditioning|Pets Allowed|Free Wifi,,是,2026 Travelers' Choice,"Well-kept hotel with daily room cleaning, charming common areas, and outdoor breakfast space. Convenient location near Gare du Nord, metro stations, vibrant dining options, shops, and the canal.",,,"Looking for a place to stay in Paris? Then look no further than Hotel Paris Louis Blanc, a quiet hotel that brings the best of Paris to your doorstep.
The rooms offer a flat screen TV, air conditioning, and a desk, and getting online is possible, as free wifi is available, allowing you to rest and refresh with ease.
Hotel Paris Louis Blanc features 24 hour front desk, outdoor furniture, and baggage storage. In addition, as a valued Hotel Paris Louis Blanc guest, you can enjoy breakfast buffet that is available on-site. Guests arriving by vehicle have access to parking.
Close to some of Paris' most popular landmarks, such as Montmartre (1.3 mi) and Le Marais (1.6 mi), Hotel Paris Louis Blanc is a great destination for tourists.
If you like steakhouses, Hotel Paris Louis Blanc is conveniently located near La Poule au Pot, Sacrée fleur, and Chez Robert et Louise.
Looking to explore? Then look no further than Basilique du Sacre-Coeur de Montmartre (1.1 mi), Canal Saint-Martin (0.7 mi), and Parc des Buttes Chaumont (0.8 mi), which are some popular Paris attractions – all conveniently located within walking distance of the hotel.
We’re sure you’ll enjoy your stay at Hotel Paris Louis Blanc as you experience everything Paris has to offer."
paris,68,2010,229535,Hotel Elysees Union,https://dynamic-media-cdn.tripadvisor.com/media/photo-o/1c/dc/32/71/hotel-elysees-union.jpg,https://www.tripadvisor.co.uk/Hotel_Review-g187147-d229535-Reviews-Hotel_Elysees_Union-Paris_Ile_de_France.html,4.1,1593,"#646 of 1,885 hotels in Paris",672,2446,"44, Rue de l'Amiral Hamelin, 75016 Paris France",+33 1 44 34 14 00,48.868343,2.291845,Paris,,,178,628,Hotel,,Bar/Lounge|Air conditioning|Airport transportation|Pets Allowed,,否,,"Cozy hotel in the 16th arrondissement near the Eiffel Tower and Arc de Triomphe. Offers rooms with Eiffel Tower views, some with balconies. Walking distance to metro, restaurants, and major attractions.",,,"Located on a quiet street just off Avenue Kleber, this elegant hotel offers you a peaceful and refined environment within walking distance of the world famous Champs-Elysées, high-end Avenue Montaigne or the Trocadero. The Arc de Triomphe stands proud at the top end of the Champ-Elysées and offers an amazing perspective on the modern Defense business district to the west and the Place de la Concorde to the east. Located about 10 minutes walk from our hotel, this elegant monument is a great place to start your visit of the Champs-Elysées. The most beautiful avenue in the world is home to high-end brands, award winning restaurants and prestigious entertainment venues such as the Lido or Queen."
paris,1,0,207683,Holiday Inn Paris - Gare de Lyon Bastille by IHG,https://dynamic-media-cdn.tripadvisor.com/media/photo-o/30/2d/52/a3/best-hotel-to-stay-only.jpg,https://www.tripadvisor.co.uk/Hotel_Review-g187147-d207683-Reviews-Holiday_Inn_Paris_Gare_de_Lyon_Bastille_by_IHG-Paris_Ile_de_France.html,4.1,1517,"#614 of 1,885 hotels in Paris",640,2446,"11 Rue De Lyon, 75012 Paris France",+33 1 53 02 20 00,48.846905,2.371683,Paris,$133,$133,150,438,Hotel,,Restaurant|Bar/Lounge|Air conditioning|Pets Allowed,Sponsored,是,2026 Travelers' Choice,"Modern hotel with comfortable rooms and small balconies located near Gare de Lyon. Convenient access to public transport, dining, and shopping options. Notable breakfast and helpful staff.",,,"Press on this following link to discover our hotel video de l'Holiday Inn Paris Bastille. The Holiday Inn Paris Bastille hotel is ideally located in the historical heart of Paris with its famous Place de la Bastille and only a 5 minute walk from the Gare de Lyon train station with its direct access to Disneyland Resort Paris and convenient metro access to Paris Expo Porte of Versailles Exhibition Center. Only walking distances away and easy metro accesses ( metro Bastille ) from the most famous Paris leisure attractions like the Louvre Museum, Notre Dame of Paris, and George Pompidou Center. Stroll along the Seine, or go for a nice shopping spree and enjoy the exclusive Shopping District Rivoli where you can enjoy the latest Paris fashion and visit various well known Department Stores.Only a short distance away from Orly and Charles de Gaulle airports, the Stade de France, and La Defense business district, this 3 star hotel is the place to be for both leisure as well as business travellers."
paris,33,960,275102,Hotel Magenta 38 by HappyCulture,https://dynamic-media-cdn.tripadvisor.com/media/photo-o/33/5e/76/47/caption.jpg,https://www.tripadvisor.co.uk/Hotel_Review-g187147-d275102-Reviews-Hotel_Magenta_38_by_HappyCulture-Paris_Ile_de_France.html,4.1,1167,"#651 of 1,885 hotels in Paris",677,2446,"38 Boulevard de Magenta, 75010 Paris France",+33 1 42 38 02 55,48.872093,2.360087,Paris,,,126,356,Hotel,,Air conditioning|Airport transportation|Pets Allowed|Family Friendly,,否,,"Modern, clean hotel near public transport, bars, and restaurants. Compact, comfortable rooms with good amenities. Friendly, helpful staff and convenient location make it a great base for exploring Paris.",,,"Revamped throughout by architects Didier & Fabrice KNOLL, Hotel Magenta 38 is an establishment with contemporary, uncluttered decor, situated at the very heart of Paris."
paris,52,1530,197537,La Maison Champs Elysées,https://dynamic-media-cdn.tripadvisor.com/media/photo-o/33/74/4f/da/la-maison-champs-elysees.jpg,https://www.tripadvisor.co.uk/Hotel_Review-g187147-d197537-Reviews-La_Maison_Champs_Elysees-Paris_Ile_de_France.html,4.1,1159,"#865 of 1,885 hotels in Paris",899,2446,"8 Rue Jean Goujon, 75008 Paris France",+33 1 40 74 64 64,48.866657,2.309013,Paris,,,376,807,Hotel,,Restaurant|Bar/Lounge|Air conditioning|Free Wifi,,否,,"Elegant Parisian-style hotel near the Champs-Élysées and Eiffel Tower, offering unique design and proximity to luxury shopping, dining, and landmarks. Features a restaurant and helpful, professional staff.",,,"Today, discovering No. 8 rue Jean Goujon is a unique experience in an unexpected place that combines generosity, poetry, luxury and lightness, pleasure and an offbeat vision. You set off on a journey within a journey, as in a film. Camera! Action!Discover 57 rooms and suites, very peaceful, among which 17 have been designed by Maison Margiela, famous French designer house."
paris,13,360,664226,9Hotel Opéra,https://dynamic-media-cdn.tripadvisor.com/media/photo-o/34/01/04/30/caption.jpg,https://www.tripadvisor.co.uk/Hotel_Review-g187147-d664226-Reviews-9Hotel_Opera-Paris_Ile_de_France.html,4.1,1073,"#762 of 1,885 hotels in Paris",792,2446,"14 Rue Papillon 9th Arr., 75009 Paris France",+33 1 47 70 78 34,48.876343,2.347139,Paris,,,121,320,Boutique Hotel,,Bar/Lounge|Free Wifi,,是,2026 Travelers' Choice,"Conveniently located near Gare du Nord, metro stops, and the Eiffel Tower. Features clean rooms, comfortable seating areas, complimentary hot drinks, helpful staff, and a breakfast with diverse options.",,,"Welcome to 9HOTEL OPERA, your Paris “home away from home.” 9HOTEL OPERA aims to make your visit as relaxing and enjoyable as possible, which is why so many guests continue to come back year after year.
While staying at 9HOTEL OPERA, visitors can check out Le Marais (1.3 mi) and Cathédrale Notre-Dame de Paris (1.6 mi), some of Paris' top attractions.
Rooms at 9 Hotel Paris provide a flat screen TV and a desk, and guests can stay connected with free wifi.
In addition, while staying at 9 Hotel Paris guests have access to 24 hour front desk, a concierge, and baggage storage. You can also enjoy a lounge. Need a place to park? There is paid public parking available nearby.
If you like French restaurants, 9HOTEL OPERA is conveniently located near 58 Tour Eiffel, Le Bouillon Chartier, and L'Avenue.
Looking to explore? Then look no further than Louvre Museum (1.2 mi), Montmartre (0.8 mi), and Basilique du Sacre-Coeur de Montmartre (0.7 mi), which are some popular Paris attractions – all conveniently located within walking distance of the boutique hotel.
9HOTEL OPERA puts the best of Paris at your fingertips, making your stay both relaxing and enjoyable."
paris,1,0,219978,Hôtel Alhambra,https://dynamic-media-cdn.tripadvisor.com/media/photo-o/04/6b/63/b2/hotel-alhambra.jpg,https://www.tripadvisor.co.uk/Hotel_Review-g187147-d219978-Reviews-Hotel_Alhambra-Paris_Ile_de_France.html,4.1,1031,"#680 of 1,885 hotels in Paris",706,2446,"13 Rue de Malte, 75011 Paris France",+33 1 47 00 35 52,48.864,2.3687,Paris,$101,$101,125,357,Hotel,,Air conditioning|Free Wifi,,是,2026 Travelers' Choice,"Conveniently located near Oberkampf metro, surrounded by shops, bars, and restaurants. Clean, comfortable rooms with great AC and some views. Quiet atmosphere, friendly staff, and delicious food.",,,"Hotel Alhambra is located in a lively district of Paris, 400 metres from Place de la République. It features design decoration, a 400 m² private garden and a 24-hour reception with ticket service and offers an airport shuttle.The soundproofed guest rooms are equipped with a flat-screen TV with satellite channels and free Wi-Fi access. Most rooms offer a view of the garden and each room has a private bathroom with a walk-in shower.Every morning, a buffet breakfast is served and can be enjoyed in the comfort of guest rooms or in the garden. Guests can dine on the shaded terrace set in the flowery garden. Traditional restaurants are located just 40 metres away.Popular entertainment venues, the Cirque d'Hiver and the Bataclan are just 100 metres from the hotel. Oberkampf Metro Station is just 40 metres away and provides access to Place de la Bastille. The lively Marais district is 200 metres from the hotel."
paris,41,1200,219997,Opera Opal Hotel,https://dynamic-media-cdn.tripadvisor.com/media/photo-o/12/78/04/6a/nouvelle-salle-de-bain.jpg,https://www.tripadvisor.co.uk/Hotel_Review-g187147-d219997-Reviews-Opera_Opal_Hotel-Paris_Ile_de_France.html,4.1,996,"#668 of 1,885 hotels in Paris",694,2446,"19 rue Tronchet, 75008 Paris France",+33 1 42 65 77 97,48.872196,2.326015,Paris,,,137,473,Hotel,,Air conditioning|Airport transportation|Pets Allowed|Free Wifi,,否,,"Centrally located hotel with spacious, well-lit rooms and large windows. Close to metro stations, historical sites, and major attractions. Features dining options and supportive staff. Ideal for exploring Paris.",,,"In the heart of the 8th arrondissement of Paris, perfectly situated two steps away from Place de la Madeleine the Opera Opal Hotel 4* in the Opera district at 19 rue Tronchet in a beautiful 19th Century building offers a pleasant relaxing atmosphere in a refined contemporary setting. This 4-star boutique-hotel is a convergence of history, art and fashion and has the advantage of a privileged location close to the most beautiful museums and monuments in Paris. Perfectly served by public transportation (metro lines 8, 12, 14, 3 & 9), the Opera Opal Hotel represents the ideal place for your Business and/or leisure stays in Paris."
paris,40,1170,197486,Novotel Paris Gare de Lyon,https://dynamic-media-cdn.tripadvisor.com/media/photo-o/06/12/37/23/novotel-paris-gare-de.jpg,https://www.tripadvisor.co.uk/Hotel_Review-g187147-d197486-Reviews-Novotel_Paris_Gare_de_Lyon-Paris_Ile_de_France.html,4,3913,"#826 of 1,885 hotels in Paris",858,2446,"2 Rue Hector Malot, 75012 Paris France",+33 1 44 67 60 00,48.845394,2.375591,Paris,,,208,457,Hotel,,Pool|Restaurant|Bar/Lounge|Fitness centre,,否,,"Modern hotel near Gare de Lyon with renovated rooms, complimentary minibar, indoor pool, and gym. Convenient location near metro stations, restaurants, and shops. Executive rooms include added amenities.",,,"Need a place to stay in the heart of Paris and right by Gare de Lyon train station ? The NGDL teams welcome you! Relax in our swimming pool and its urban jungle atmosphere in the heart of Paris, and enjoy a pure moment of indulgence in our brand new restaurant! Novotel Paris Gare de Lyon is ideally situated by Gare de Lyon. For family weekends or business trips, you'll enjoy a great stay in Paris! Discover our new living spaces combining relaxation and conviviality, and let our baristas help you choose cocktails and mezzes to share. Need an office for a few hours? Take a seat in our new co-working space, and share a moment of conviviality. Need to get together? Meet in one of our 6 meeting rooms with daylight! Thanks to our ideal location near Gare de Lyon, you can visit the monuments of Paris by metro/bus. Shopping or leisure, 15 minutes The Louvre, the Opéra and the department stores are 15 minutes by metro. This 4-star midscale hotel offers an indoor swimming pool and fitness room. A paying car park is also available. For a stay in the heart of the capital, choose the Novotel Paris Gare de Lyon hotel! Whether visiting with family or friends, enjoy a day of discovery at Vincennes Zoo or Disneyland® Paris (direct access via public transport), or a concert at Bercy Arena."
paris,56,1650,197567,Mercure Paris Montmartre Sacre Coeur,https://dynamic-media-cdn.tripadvisor.com/media/photo-o/13/ea/90/fe/mercure-paris-montmartre.jpg,https://www.tripadvisor.co.uk/Hotel_Review-g187147-d197567-Reviews-Mercure_Paris_Montmartre_Sacre_Coeur-Paris_Ile_de_France.html,4,3497,"#970 of 1,885 hotels in Paris",1014,2446,"3 rue Caulaincourt, 75018 Paris France",+33 1 44 69 70 70,48.885338,2.330244,Paris,,,155,370,Hotel,,Bar/Lounge|Air conditioning|Pets Allowed|Family Friendly,,否,,"Charming Montmartre hotel near Sacré Coeur, Moulin Rouge, and dining options. Some rooms offer Eiffel Tower views. Friendly reception, convenient location for exploring Parisian landmarks and culture.",,,"Located at the foot of Sacré Coeur, close to the Moulin Rouge and the Haussmann-Opéra district's stores, the Mercure Paris Montmartre Sacré Coeur hotel offers spacious and modern rooms. Perfect for business travel or romantic weekends in Paris, the hotel is within easy reach of the Gare du Nord station, St Lazare train station, the metro and the main tourist attractions such as the Eiffel Tower, Champs Elysées, the La Défense business district, Carrefour Pleyel and the Stade de France"
paris,12,330,197578,Paris Marriott Opera Ambassador Hotel,https://dynamic-media-cdn.tripadvisor.com/media/photo-o/25/6d/2b/57/paris-marriott-opera.jpg,https://www.tripadvisor.co.uk/Hotel_Review-g187147-d197578-Reviews-Paris_Marriott_Opera_Ambassador_Hotel-Paris_Ile_de_France.html,4,2573,"#210 of 1,885 hotels in Paris",216,2446,"16 Boulevard Haussmann, 75009 Paris France",+33 1 44 83 40 40,48.87261,2.336603,Paris,$354,$354,344,818,Hotel,,Restaurant|Bar/Lounge|Fitness centre|Air conditioning,,是,2026 Travelers' Choice,"Elegant Parisian-style hotel with spacious, modern rooms and stunning Eiffel Tower views. Exceptional Executive Lounge with premium food and attentive service. Prime location on Boulevard Haussmann near shops, dining, and landmarks. Helpful concierge and great sightseeing tips.",,,"Discover Paris and luxury like never before at Paris Marriott Opera Ambassador Hotel. Our perfectly located hotel in Paris, France sits nestled in the heart of the Opera District, the Galeries Lafayette and Palais Garnier are just steps away. Enjoy 4-star accommodations and amenities here, along with elegant French cuisine at Brasserie Sixtine and a state-of-the-art fitness center all within our doors."
paris,5,120,229623,Timhotel Montmartre,https://dynamic-media-cdn.tripadvisor.com/media/photo-o/27/e9/d2/17/salle-petit-dejeuner.jpg,https://www.tripadvisor.co.uk/Hotel_Review-g187147-d229623-Reviews-Timhotel_Montmartre-Paris_Ile_de_France.html,4,1748,"#559 of 1,885 hotels in Paris",577,2446,"11 Rue Ravignan Place Émile Goudeau, 75018 Paris France",+33 1 42 55 74 79,48.885902,2.337595,Paris,$105,$105,102,310,Hotel,,Air conditioning|Free Wifi,,是,2026 Travelers' Choice,"Charming hotel in Montmartre near Abbesses metro, surrounded by shops, restaurants, and attractions. Offers stunning views of Paris and the Eiffel Tower. Cozy rooms, friendly staff, and quality breakfast.",,,Hotel set in restored historic building with ironwork at the windows; sits in a chestnut tree square on the slopes of Montmartre.
paris,6,150,235587,Minerve Hotel,https://dynamic-media-cdn.tripadvisor.com/media/photo-o/03/bc/f5/16/minerve-hotel.jpg,https://www.tripadvisor.co.uk/Hotel_Review-g187147-d235587-Reviews-Minerve_Hotel-Paris_Ile_de_France.html,4,1397,"#488 of 1,885 hotels in Paris",503,2446,"13 Rue des Ecoles, 75005 Paris France",+33 1 43 26 26 04,48.847713,2.351516,Paris,$109,$109,136,385,Hotel,,Air conditioning|Free Wifi,,是,2026 Travelers' Choice,"Located in the Latin Quarter near cafes, shops, and attractions like Notre Dame, this cozy hotel offers modern amenities, excellent showers, and easy access to public transportation for a charming stay.",,,"The Minerve Hotel, with character and charm, situated in the centre of the Latin quarter in the 5th district of Paris, accommodates you in quiet surroundings close to Notre Dame and the Sorbonne. This charming hotel with air conditionning, was renovated and decorated using natural materials, tapestries, walls of stone, woodwork, visible beams and mural frescos painted by an artist specializing in fine arts and architecture. A noble Haussmanian building dated 1864, adorned with flowered balconies with a view."
paris,37,1080,228697,NH Paris Opéra Faubourg,https://dynamic-media-cdn.tripadvisor.com/media/photo-o/31/26/eb/1b/nh-paris-opera-faubourg.jpg,https://www.tripadvisor.co.uk/Hotel_Review-g187147-d228697-Reviews-NH_Paris_Opera_Faubourg-Paris_Ile_de_France.html,4,1141,"#743 of 1,885 hotels in Paris",773,2446,"49-51 Rue La Fayette, 75009 Paris France",+33 1 42 85 05 44,48.87517,2.341312,Paris,,,170,521,Hotel,,Bar/Lounge|Air conditioning|Pets Allowed|Free Wifi,,否,,"Centrally located hotel with easy access to metro stations, attractions, cafes, and restaurants. Features comfortable beds, helpful staff, mini fridge, Nespresso maker, and Parisian charm.",,,"NH Paris Opéra Faubourg is located on Rue La Fayette in the 9th arrondissement of Paris. Thanks to its excellent location, many tourist attractions such as Opéra Garnier, Galeries Lafayette, Boulevard Haussmann, the Louvre, Place Vendôme and Sacré-Cœur are within a 30-minute walk. Additionally, Rue La Fayette is on the northern edge of the so-called ‘Silicon Sentier’, where many big corporations, including tech giants, have their head offices. The hotel is situated within a six-story Haussmann-style building that dates back to 1880. Within, it contains 103 guest rooms and suites of various sizes, as well as connecting rooms. The décor in these spaces is either inspired by the cult TV show series The Avengers, Pop-Art and the British style of ‘Chapeau Melon’, or by the retro tradition of the 1950s. Many guest rooms also feature a balcony that provides a stunning view of the city. It’s thought that the same views inspired Edvard Munch to paint ‘Rue Lafayette’ in 1891. Elsewhere, guests"
paris,1,0,497164,Libertel Gare de l'Est Francais,https://dynamic-media-cdn.tripadvisor.com/media/photo-o/04/4c/ce/b6/libertel-gare-de-l-est.jpg,https://www.tripadvisor.co.uk/Hotel_Review-g187147-d497164-Reviews-Libertel_Gare_de_l_Est_Francais-Paris_Ile_de_France.html,4,1129,"#708 of 1,885 hotels in Paris",735,2446,"13 rue du 8 Mai 1945, 75010 Paris France",+33 1 40 35 94 14,48.87623,2.357085,Paris,$90,$90,82,259,Hotel,,Air conditioning|Pets Allowed|Family Friendly|Free Wifi,,是,2026 Travelers' Choice,"Conveniently located near Gare de l’Est with easy access to metro and train links. Features clean, comfortable rooms with amenities like mini fridges and coffee machines. Nearby shops, restaurants, and great views.",,,"Behind its very fine facade, Hotel Libertel Gare de l'Est Francais offers 70 rooms. At once traditional, innovative and elegant, it is strategically located near gare du Nord and in front of gare de l'Est, 10 min from the Stade de France, 20 min from the Parc des Expositions in Villepinte, 30 min from Roissy Charles de Gaulle by the RER line B, close to the main boulevards, the large department stores and the Opera Garnier."
paris,49,1440,240923,Villa Royale,https://dynamic-media-cdn.tripadvisor.com/media/photo-o/05/5d/a8/97/vr.jpg,https://www.tripadvisor.co.uk/Hotel_Review-g187147-d240923-Reviews-Villa_Royale-Paris_Ile_de_France.html,4,1126,"#728 of 1,885 hotels in Paris",755,2446,"2 rue Duperré, 75009 Paris France",+33 1 42 00 25 75,48.88226,2.336762,Paris,,,120,448,Hotel,,Bar/Lounge|Air conditioning|Free Wifi,,否,,"Boutique hotel with vintage charm in a lively area near nightlife, metro, and Gare du Nord. Features balconies, great views, jacuzzi bathtubs, and helpful staff. Convenient for exploring local attractions.",,,"The Villa Royale surrounds one of the most legendary squares in Paris, Place Pigalle, the heart and soul of a district that’s both touristy and trendy. Because of the shape of the building, most of the rooms have a view on Montmartre and Sacré-Coeur.In their time, Toulouse-Lautrec and Picasso frequented the establishment. The décor takes its inspiration from the world of the theatre. Details are numerous and the rococo style is clearly evident. Deep reds, tassels and tufted velvets are omnipresent, as is the decorative gilding, which even surrounds the plasma TV screens.In the Suites, a fireplace adds to the cosy atmosphere and a whirlpool bath invites guests to let laziness take over. Another option: fall asleep below the star-studded ceiling of the de la “Michou” room, blue, of course"
paris,33,960,587294,The Westin Paris - Vendôme,https://dynamic-media-cdn.tripadvisor.com/media/photo-o/0d/54/6d/53/the-westin-paris-vendome.jpg,https://www.tripadvisor.co.uk/Hotel_Review-g187147-d587294-Reviews-The_Westin_Paris_Vendome-Paris_Ile_de_France.html,3.9,4670,"#1,072 of 1,885 hotels in Paris",1126,2446,"3 Rue De Castiglione, 75001 Paris France",+33 1 44 77 11 11,48.865612,2.32785,Paris,,,,,Hotel,,Restaurant|Bar/Lounge|Fitness centre|Air conditioning,Breakfast included,否,,"Centrally located near Place Vendome, the Louvre, and Tuileries Garden with stunning views of Paris landmarks. Features historic charm, spacious rooms, a popular bar, and friendly front desk staff.",,,"Discover Paris in style at The Westin Paris - Vendôme, ideally located in the heart of the city and just steps away from iconic attractions like the Louvre, Tuileries Garden, and Place Vendôme. Our iconic 4-star hotel is the perfect base for your City of Lights adventure. Relax in our beautifully designed rooms and suites, complete with stunning views of Paris' famous landmarks right from your window. Make the most of your summer by indulging in our outdoor patio, situated in our historical courtyard. This is the perfect opportunity to unwind in style and soak up the Parisian atmosphere. Looking for the perfect venue for your special event? Our spectacular ballrooms and venues are ideal for unforgettable wedding celebrations, corporate events, and fashion galas. Our expert team will provide excellent service and custom catering to ensure that your event is a resounding success. Don't miss out on the opportunity to experience the magic of Paris from the unparalleled setting of The Westin Paris - Vendôme."
paris,30,870,229597,Hotel Paris Opera Affiliated by Melia,https://dynamic-media-cdn.tripadvisor.com/media/photo-o/21/d5/f8/35/hotel-paris-opera-affiliated.jpg,https://www.tripadvisor.co.uk/Hotel_Review-g187147-d229597-Reviews-Hotel_Paris_Opera_Affiliated_by_Melia-Paris_Ile_de_France.html,3.9,1941,"#502 of 1,885 hotels in Paris",518,2446,"3 Boulevard Montmartre, 75002 Paris France",+33 1 42 33 51 53,48.87139,2.342661,Paris,,,194,508,Hotel,,Free Wifi,,否,,"Centrally located hotel on Bd Montmartre near dining, bars, shops, and attractions. Spacious family rooms with privacy doors, helpful staff, and easy metro access. Ideal for city breaks and families.",,,"Hotel Paris Opera Affiliated by Melia is an excellent choice for travelers visiting Paris, offering a family-friendly environment alongside many helpful amenities designed to enhance your stay. For those interested in checking out popular landmarks while visiting Paris, Hotel Paris Opera Affiliated by Melia is located a short distance from Cathédrale Notre-Dame de Paris (1.3 mi) and Champs-Elysees (1.6 mi). The rooms offer a flat screen TV, a minibar, and air conditioning, and getting online is possible, as free wifi is available, allowing you to rest and refresh with ease. Hotel Paris Opera Affiliated by Melia features a 24 hour front desk, a concierge, and room service. In addition, as a valued Hotel Paris Opera Affiliated by Melia guest, you can enjoy a lounge that is available on-site. While in Paris, you may want to check out some of the restaurants that are a short walk away from Hotel Paris Opera Affiliated by Melia, including Le Bouillon Chartier (0.0 mi), Pink Mamma (0.8 mi), and L'As du Fallafel (1.2 mi). If you are interested in exploring Paris, check out one of the history museums, such as Musee de Montmartre, Memorial de la Shoah, and Musée d'Art et d'Histoire du Judaïsme. Enjoy your stay in Paris!"
paris,24,690,228737,Hôtel Trianon Rive Gauche,https://dynamic-media-cdn.tripadvisor.com/media/photo-o/1c/b1/b8/43/some-superior-rooms-have.jpg,https://www.tripadvisor.co.uk/Hotel_Review-g187147-d228737-Reviews-Hotel_Trianon_Rive_Gauche-Paris_Ile_de_France.html,3.9,1764,"#780 of 1,885 hotels in Paris",811,2446,"1B Rue de Vaugirard, 75006 Paris France",+33 1 43 29 88 10,48.848766,2.340972,Paris,,,188,954,Hotel,,Air conditioning|Free Wifi,,否,,"Elegant Parisian hotel near Luxembourg Gardens and the Latin Quarter. Convenient access to metro, Notre Dame, and dining options. Peaceful retreat with proximity to attractions and public transit.",,,"The Trianon Rive Gauche is a charming hotel decorated in a traditional style with antique furniture, centrally located in Paris Saint Germain des Pres. Just minutes away from the Luxembourg Gardens, the Odeon Theater, the Musee d'Orsay and the Louvre, the hotel enjoys a prestigious location in the heart of the Latin Quarter, an area renowned for its enchanting historical streets and lively restaurants and bars. Our attentive, multilingual staff will be delighted to welcome you in one of our 110 comfortable rooms, fully equipped. You'll also enjoy a generous buffet breakfast in our cosy lounge. Direct access to Charles de Gaulle airport as well as most train stations."
paris,30,870,264890,Hotel Aida Marais,https://dynamic-media-cdn.tripadvisor.com/media/photo-o/2c/fb/60/29/caption.jpg,https://www.tripadvisor.co.uk/Hotel_Review-g187147-d264890-Reviews-Hotel_Aida_Marais-Paris_Ile_de_France.html,3.9,1563,"#825 of 1,885 hotels in Paris",857,2446,"19 rue du Chateau D Eau, 75010 Paris France",+33 1 42 01 84 20,48.870075,2.360248,Paris,,,135,420,Hotel,,Air conditioning|Family Friendly|Free Wifi,,否,,"Budget-friendly hotel near metro stations and Gare du Nord. Convenient for exploring Paris, with comfortable rooms, sound insulation, and helpful staff. Surrounded by unique shops and restaurants.",,,"The Hotel Aida Marais is located just two steps from Place de la Republique, with plenty of shopping and entertainment possibilities, and direct access to Thalys and Eurostar. This location is suitable for both leisure and business trips. Its 51 rooms offer you a perfect place to discover Paris, Le Marais, Place des Vosges and the Canal Saint Martin.Our hotel has been recently renovated: all rooms with wooden floors, flat screen satellite TV, wifi access and air conditionned."
paris,64,1890,1072845,St Christopher's Inn Paris - Canal,https://dynamic-media-cdn.tripadvisor.com/media/photo-o/19/21/53/ec/st-christopher-s-inn.jpg,https://www.tripadvisor.co.uk/Hotel_Review-g187147-d1072845-Reviews-St_Christopher_s_Inn_Paris_Canal-Paris_Ile_de_France.html,3.9,1520,#25 of 417 Speciality lodging in Paris,901,2446,"159 Rue de Crimée, 75019 Paris France",+33 1 40 34 34 40,48.88856,2.37887,Paris,,,63,193,Hostel,,Restaurant|Bar/Lounge|Free Wifi,,否,,"Chic hostel in a vibrant, less touristy neighborhood near the metro. Offers clean rooms, a lively bar, privacy curtains, and great customer service. Social atmosphere ideal for solo travelers.","Was helpful to socialize 👍👍
Tanmay 😘",Relax45850314982,"A multi-award winning hostel only three stops away from the Gare du Nord Eurostar station with a waterfront terrace overlooking the Canal St Martin with modern pod beds and FREE WiFi. We offer a variety of rooms including female only dorms and private rooms and every room includes heating, electronic key security, secure locker storage, private or shared bathrooms and modern hostel POD beds with curtains for extra privacy as well as comfort."
paris,53,1560,593277,Libertel Canal Saint-Martin,https://dynamic-media-cdn.tripadvisor.com/media/photo-o/13/ea/ae/4c/libertel-canal-saint.jpg,https://www.tripadvisor.co.uk/Hotel_Review-g187147-d593277-Reviews-Libertel_Canal_Saint_Martin-Paris_Ile_de_France.html,3.9,1314,"#778 of 1,885 hotels in Paris",809,2446,"5 Avenue Secretan, 75019 Paris France",+33 1 42 06 62 00,48.88234,2.371042,Paris,,,79,228,Hotel,,Air conditioning|Pets Allowed|Family Friendly|Free Wifi,,否,,"Budget-friendly hotel near St Martin Canal, Jaurès Metro, and Gare du Nord. Spacious, clean rooms with comfortable beds and French doors. Close to dining, bars, and major metro lines. 24-hour reception.",,,"The Hotel's 69 rooms, entirely renovated and air-conditioned, are contained in 3 small typical Parisian buildings joined by a courtyard and a garden. The largest building has 38 rooms overlooking the main street. Some, named ""Paris Comfort"" offers a balcony with stunning views of the Butte Montmartre and the Sacre-Coeur. The 25 rooms of the second building, called ""Privilege"" as is peacefully located in the yard and garden. Warm tones married to white duvets give their charm and intimacy. The 6 remaining rooms, named ""Villa Cosi"", renovated in warm colors are located in a charming town house, surprisingly quiet for the middle of Paris. The approach of our architects was to rethink the rooms as comfortable cocoons using a rational and highly practical layout to make all the services immediately accessible along the walls. The choice of materials and subtly contemporary colours give a chic touch of elegance and design to the decor. The comfort and modernity are enhanced by the presence of large flat screen television with TNT and satellite, new bedding with quilt instead of the traditional bedspreads."
paris,51,1500,197437,Le Patio Bastille,https://dynamic-media-cdn.tripadvisor.com/media/photo-o/2d/ba/21/69/caption.jpg,https://www.tripadvisor.co.uk/Hotel_Review-g187147-d197437-Reviews-Le_Patio_Bastille-Paris_Ile_de_France.html,3.9,1173,"#914 of 1,885 hotels in Paris",954,2446,"289 Bis Rue du Faubourg Saint-Antoine, 75011 Paris France",+33 1 40 09 40 00,48.84936,2.39042,Paris,,,118,355,Hotel,,Air conditioning|Pets Allowed|Free Wifi,,否,,"Well-located hotel in the 11th arrondissement near Metro and dining. Offers clean, practical rooms, some with kitchenettes or garden views. Features air conditioning and complimentary breakfast.",,,"This charming hotel is on the stylish Rue du Faubourg Saint Antoine, central to historical Parisian sites including the Place de la Bastille, the Marais district, the Place des Vosges, and the Place de la Nation. The hotel is decorated in an Art Deco style with furniture and art from the 1930s; a pretty courtyard features private gardens and terraces. Spacious and air-conditioned guestrooms are decorated with contemporary furniture."
paris,18,510,498038,Hotel Elixir,https://dynamic-media-cdn.tripadvisor.com/media/photo-o/0d/b1/99/0f/lounge.jpg,https://www.tripadvisor.co.uk/Hotel_Review-g187147-d498038-Reviews-Hotel_Elixir-Paris_Ile_de_France.html,3.9,1031,"#837 of 1,885 hotels in Paris",870,2446,"7 Rue Jean Lantier, 75001 Paris France",+33 1 42 33 45 38,48.858425,2.346502,Paris,$249,$249,163,507,Hotel,,Air conditioning|Family Friendly|Free Wifi,,否,,"Centrally located hotel on rue Rivoli near the Louvre, Notre Dame, and Chatelet metro. Quiet, clean rooms with easy access to restaurants, shops, and public transport. Ideal for exploring Paris.",,,"Independent hotel with central location, open 24 hours. 30 bedrooms in the heart of paris in a quite street near from everything, refurbished in 2009 and 2nd semester 2013.Every room has air conditioning, double glass, TV with satellite including CNN & BBC, minibar, safe for a laptop up to 15 inch, telephone, free WiFi, Ipod alarm clock player, iron & board, hair dryer, bathtub or large shower, kettle with tea and coffee facility, ecologic welcome products, quality hanger.Our entry has a ramp access, our lift, breakfast room and one room are able to welcome any hand wheelchair.We do speak french, english, spanish & russian. A computer is available 24 hours at the lobby. Services available : airport shuttle, restaurant table, baby sitting, laundry. A baby cot, nat, baby chair and boiling baby bottle are available (free services).Do not hesitate to contact us for any information. During the day, Victoria, Virginie or Laurent will be pleased to guide you !"
paris,97,2880,197571,Ibis Paris Montmartre Sacré-Coeur,https://dynamic-media-cdn.tripadvisor.com/media/photo-o/04/0e/b0/b2/ibis-paris-montmartre.jpg,https://www.tripadvisor.co.uk/Hotel_Review-g187147-d197571-Reviews-Ibis_Paris_Montmartre_Sacre_Coeur-Paris_Ile_de_France.html,3.8,4395,"#1,161 of 1,885 hotels in Paris",1224,2446,"5 Rue Caulaincourt, 75018 Paris France",+33 1 55 30 18 18,48.88548,2.330233,Paris,,,202,403,Hotel,,Bar/Lounge|Air conditioning|Free Wifi,,否,,"Conveniently located near the Sacre Coeur, Moulin Rouge, and metro, this budget-friendly hotel offers clean, comfortable rooms, friendly staff, and easy access to restaurants, bars, and key Paris attractions.",,,"The ibis Paris Montmartre hotel is located in the heart of Paris, at the foot of the Sacré Coeur and 219 yards (200 m) from the Moulin Rouge. A 10-minute direct metro ride will take you from the hotel to the Champs-Elysées, the Gare du Nord/Est/Saint Lazare train stations and the main department stores. The Eiffel Tower and the Stade de France are a 15-minute metro ride away. The hotel offers 326 air-conditioned rooms with free WIFI, a bar lounge, 24-hour snack service and public car park (paying)."
paris,27,780,197438,Les Jardins Du Marais,https://dynamic-media-cdn.tripadvisor.com/media/photo-o/19/5f/e7/aa/hotel-les-jardins-du.jpg,https://www.tripadvisor.co.uk/Hotel_Review-g187147-d197438-Reviews-Les_Jardins_Du_Marais-Paris_Ile_de_France.html,3.8,3371,"#1,097 of 1,885 hotels in Paris",1154,2446,"74 Rue Amelot, 75011 Paris France",+33 1 40 21 20 00,48.86053,2.368055,Paris,$181,$181,170,523,Hotel,,Restaurant|Bar/Lounge|Fitness centre|Air conditioning,Sponsored,否,,"Elegant hotel in the Marais with a serene courtyard, spacious rooms, and views of the surrounding area. Conveniently located near metro stations, shops, cafes, and restaurants, ideal for exploring Paris.",,,"Located in the heart of Le Marais, historical and trendy district, near Place des Vosges and Bastille Opera, Les Jardins du Marais present 263 elegant rooms and suites and a beautiful private garden terrace. A real oasis of charm and tranquility in the heart of Paris. The restaurant and its beautiful terrace offer a French inspired contemporary cuisine. With its 10800 sqft of conference facilities, the hotel, with its five modular room located around the private gardens and a glass canopy, can accommodate up to 450 people."
paris,34,990,258369,Pavillon Opera Grands Boulevards,https://dynamic-media-cdn.tripadvisor.com/media/photo-o/2c/28/29/7b/exterior.jpg,https://www.tripadvisor.co.uk/Hotel_Review-g187147-d258369-Reviews-Pavillon_Opera_Grands_Boulevards-Paris_Ile_de_France.html,3.8,1201,"#821 of 1,885 hotels in Paris",852,2446,"15 Rue Geoffroy Marie, 75009 Paris France",+33 1 53 34 12 12,48.87393,2.344576,Paris,,,106,361,Hotel,,Bar/Lounge|Airport transportation|Pets Allowed|Free Wifi,,否,,"Budget-friendly boutique hotel near central Paris with metro access and walkable to Gare du Nord. Unique layout, triple rooms for families, and close to attractions, dining, and shopping passages.",The area was perfect for sightseeing which is what we were there for. We walked everywhere (our choice) and the Eiffel Tower was a 45 minute walk which was fine. Good Metro service which we only used once. The room...,Amanda J,"Finding an ideal charming hotel in Paris does not have to be difficult. Welcome to Pavillon Opera Grands Boulevards, a nice option for travellers like you.
Given the close proximity of popular landmarks, such as Cathédrale Notre-Dame de Paris (1.5 mi) and Champs-Elysees (1.7 mi), guests of Pavillon Opera Grands Boulevards can easily experience some of Paris' most well known attractions.
As your “home away from home,” the hotel rooms offer a flat screen TV, a minibar, and a desk, and getting online is easy, with free wifi available.
Guests have access to 24 hour front desk, a concierge, and baggage storage while staying at Pavillon Opera Grands Boulevards. In addition, Pavillon Opera Grands Boulevards offers breakfast buffet, which will help make your Paris trip additionally gratifying. And, as an added convenience, there is parking available to guests.
If you’re looking for a cafe, consider a visit to The Hardware Societe, Holybelly5, or Cafe Les Deux Magots, which are all conveniently located a short distance from Pavillon Opera Grands Boulevards Hotel.
During your visit, be sure to check out popular attractions like Louvre Museum (1.0 mi), Musée d'Orsay (1.2 mi), and Montmartre (0.9 mi), which are all within walking distance of the hotel.
Pavillon Opera Grands Boulevards looks forward to welcoming you on your visit to Paris."
paris,41,1200,2187907,Ibis Styles Paris Cadet Lafayette,https://dynamic-media-cdn.tripadvisor.com/media/photo-o/31/29/b2/d2/exterior.jpg,https://www.tripadvisor.co.uk/Hotel_Review-g187147-d2187907-Reviews-Ibis_Styles_Paris_Cadet_Lafayette-Paris_Ile_de_France.html,3.8,1151,"#921 of 1,885 hotels in Paris",961,2446,"11 Bis Rue Pierre Semard, 75009 Paris France",+33 1 48 78 28 94,48.87829,2.347637,Paris,,,147,326,Hotel,,Bar/Lounge|Air conditioning|Free Wifi,,否,,"Conveniently located near metro stations, train terminals, and restaurants. Features clean, comfortable rooms, friendly staff, complimentary snacks, a coffee machine, and a fresh breakfast with variety.",,,"Ibis Styles Paris Cadet Lafayette is an excellent choice for travellers visiting Paris, offering a quiet environment alongside many helpful amenities designed to enhance your stay.
Close to some of Paris' most popular landmarks, such as Louvre Museum (1.3 mi) and Le Marais (1.4 mi), Ibis Styles Paris Cadet Lafayette is a great destination for tourists.
Ibis Styles Paris Cadet Lafayette offers guests an array of room amenities including a flat screen TV and air conditioning, and getting online is possible, as free wifi is available.
The hotel offers 24 hour front desk and baggage storage, to make your visit even more pleasant. The property also features a lounge.
While in Paris be sure to experience local crab favourites at L'Avenue, Les Ombres, or L'Avant Comptoir.
Should time allow, Montmartre, Basilique du Sacre-Coeur de Montmartre, and Palais Garnier - Opéra National de Paris are some popular attractions that are within walking distance.
Enjoy your stay in Paris!"
paris,57,1680,274979,55 Montparnasse,https://dynamic-media-cdn.tripadvisor.com/media/photo-o/2f/db/57/6f/caption.jpg,https://www.tripadvisor.co.uk/Hotel_Review-g187147-d274979-Reviews-55_Montparnasse-Paris_Ile_de_France.html,3.8,876,"#974 of 1,885 hotels in Paris",1018,2446,"55 rue de Plaisance, 75014 Paris France",+33 1 45 42 81 43,48.8336,2.317765,Paris,,,88,297,Hotel,,Air conditioning|Family Friendly|Free Wifi,,否,,"Charming hotel in a lively neighborhood near metro and train stations, surrounded by restaurants, cafes, and shops. Clean, boutique-style rooms with helpful staff offering local recommendations.",,,"Finding an ideal hotel in Paris does not have to be difficult. Welcome to Le 55 Montparnasse Hotel, a nice option for travelers like you. Located in South West part of Paris and right in front of the metro station Pernety (line 13), visitors can check out Latin Quarter (1.7 mi) and Cathédrale Notre-Dame de Paris (2.0 mi), some of Paris' top attractions. Le 55 Montparnasse Hotel offers guests an array of room amenities including a flat screen TV, air conditioning, and a desk, and getting online is possible, as free wifi is available. The hotel offers a 24 hour front desk, to make your visit more confortable. The property also features breakfast buffet (11€ per guests). Guests arriving by vehicle have access to parking (20€ per day). If you like steakhouses, Le 55 Montparnasse Hotel is conveniently located near Le Relais de l'Entrecote, Il Etait Un Square, and La Poule au Pot. If you’re looking for things to do, you can check out The Catacombs of Paris (0.7 mi), Observatoire Panoramique de la Tour Montparnasse (0.6 mi), or Montparnasse (0.6 mi), which are popular attractions amongst tourists, and they are all within walking distance. Le 55 Montparnasse Hotel looks forward to welcoming you on your visit to Paris."
paris,49,1440,197570,Aparthotel Adagio Paris Montmartre,https://dynamic-media-cdn.tripadvisor.com/media/photo-o/0c/6c/1f/8c/entree-hotel.jpg,https://www.tripadvisor.co.uk/Hotel_Review-g187147-d197570-Reviews-Aparthotel_Adagio_Paris_Montmartre-Paris_Ile_de_France.html,3.8,776,"#927 of 1,885 hotels in Paris",967,2446,"10 Place Charles Dullin, 75018 Paris France",+33 1-42-57-14-55,48.88338,2.342858,Paris,,,143,315,Hotel,,Pets Allowed|Family Friendly|Free Wifi,,否,,"Apartment hotel in Montmartre with well-equipped kitchenettes and loaner items. Near metro, dining, and landmarks. Decent-sized rooms, friendly staff, and good value for self-catering travelers.",,,"Looking for a place to stay in Paris? Then look no further than Adagio Paris Montmartre, a quiet hotel that brings the best of Paris to your doorstep.
The rooms offer a flat screen TV, a refrigerator, and a kitchenette, and getting online is possible, as free wifi is available, allowing you to rest and refresh with ease.
Adagio Paris Montmartre Hotel features 24 hour front desk and baggage storage. Guests arriving by vehicle have access to parking.
While staying at Adagio Paris Montmartre Hotel, visitors can check out Louvre Museum (1.6 mi) and Champs-Elysees (1.8 mi), some of Paris' top attractions.
While in Paris be sure to experience local ribs favourites at Au Pied de Cochon, Le Procope, or Chez Robert et Louise.
If you’re looking for something to do, Montmartre (0.3 mi), Basilique du Sacre-Coeur de Montmartre (0.2 mi), and Palais Garnier - Opéra National de Paris (0.9 mi) are a nice way to spend some time, and they are all within walking distance of Adagio Paris Montmartre.
We’re sure you’ll enjoy your stay at Adagio Paris Montmartre as you experience everything Paris has to offer."
paris,74,2190,259318,Novotel Paris 17,https://dynamic-media-cdn.tripadvisor.com/media/photo-o/34/37/33/10/exterior.jpg,https://www.tripadvisor.co.uk/Hotel_Review-g187147-d259318-Reviews-Novotel_Paris_17-Paris_Ile_de_France.html,3.8,767,"#1,007 of 1,885 hotels in Paris",1052,2446,"34 Avenue de la Porte d'Asnieres, 75017 Paris France",+33 1 44 40 52 52,48.892014,2.302275,Paris,,,162,336,Hotel,,Restaurant|Bar/Lounge|Fitness centre|Air conditioning,,否,,"Centrally located Paris hotel with city and Eiffel Tower views. Easy access to public transport, Arc de Triomphe, and charming eateries. Clean rooms, friendly staff, and praised food options.",,,"Novotel Paris 17 is a hotel ideally located 10 minutes from the Porte Maillot and the center of Paris by Metro (line 3 & 13 at 800m), tram at (500m), bus (53 & 341 - at 20m). The hotel offers 140 renovated, air conditioned and soundproof rooms with free Wifi connexion, a fitness room, a lounge bar, a French restaurant and several daylight meeting rooms for seminars. This 4 star hotel is equally suited to a business trip or a holiday in Paris with your partner or your family. The hotel also features private undercover parking."
paris,67,1980,207787,Pavillon Monceau Hotel,https://dynamic-media-cdn.tripadvisor.com/media/photo-o/06/c3/fd/85/pavillon-monceau-hotel.jpg,https://www.tripadvisor.co.uk/Hotel_Review-g187147-d207787-Reviews-Pavillon_Monceau_Hotel-Paris_Ile_de_France.html,3.8,668,"#794 of 1,885 hotels in Paris",825,2446,"43 rue Jouffroy D Abbans, 75017 Paris France",+33 1 56 79 25 00,48.88533,2.3079,Paris,$103,$103,118,384,Hotel,,Air conditioning|Airport transportation|Free Wifi,Sponsored,否,,"Quiet hotel with modern, clean, and cozy rooms. Conveniently located near public transportation, restaurants, and cafes. Easy access to iconic landmarks and amenities. Friendly, helpful staff.",,,"Located in the prestigious area of Ternes Arc de Triomphe & Monceau Park,with a direct acess to Levallois Perret business center, the Pavillon Monceau hotel offers 36 rooms & 6 junior suites decorated in a contemporary style. Welcome at the Pavillon Monceau Hotel, ideal for business & leisure trips: tea & coffee courtesy set international Tv channels free WIFI acess The breakfast is served in the breakfast room or room service can be required. The Piano Bar is your disposal. Junior Suites slippers & bathrobe. The Pavillon Monceau is a very parisian Hotel nice cosy little rooms; a reception team at your disposal to make your stay wonderful."
paris,43,1260,276947,Hôtel Le Rocroy Paris Gare du Nord,https://dynamic-media-cdn.tripadvisor.com/media/photo-o/34/1f/0a/52/front-desk.jpg,https://www.tripadvisor.co.uk/Hotel_Review-g187147-d276947-Reviews-Hotel_Le_Rocroy_Paris_Gare_du_Nord-Paris_Ile_de_France.html,3.8,601,"#949 of 1,885 hotels in Paris",990,2446,"13 rue de Rocroy, 75010 Paris France",+33 1 49 70 70 70,48.87963,2.350748,Paris,,,132,351,Hotel,,Air conditioning|Free Wifi,,否,,"Modern hotel near Gare du Nord with spacious, well-equipped rooms and convenient access to transportation, shops, and restaurants. Offers a local experience close to Montmartre and Galeries Lafayette.",,,"Located in the center of the french capital, The hotel*** Le Rocroy has the perfect location to make the most out of your stay. Next to Gare du Nord, Gare de l'Est, you can easily walk to the Montmartre area, visit the Sacré-Coeur or the famous Place du Tertre. Whether traveling for business or pleasure, you will enjoy the large spacious rooms all equipped with AC, wifi and a personal desk, the friendly lobby in a authentic exposed stoned room, and the conference room for your buisness meetings. The team willl be available to answer any of your request. Enjoy a typical breakfast every morning."
paris,62,1830,197658,Novotel Paris Vaugirard Montparnasse,https://dynamic-media-cdn.tripadvisor.com/media/photo-o/1e/6f/8f/d9/lobby.jpg,https://www.tripadvisor.co.uk/Hotel_Review-g187147-d197658-Reviews-Novotel_Paris_Vaugirard_Montparnasse-Paris_Ile_de_France.html,3.7,2495,"#1,026 of 1,885 hotels in Paris",1075,2446,"257 rue de Vaugirard, 75015 Paris France",+33 1 40 45 10 00,48.839993,2.303121,Paris,,,189,491,Hotel,,Restaurant|Bar/Lounge|Air conditioning|Pets Allowed,,否,,"Conveniently located near a metro station and main attractions, this hotel features a rooftop bar with stunning Eiffel Tower views, spacious rooms, excellent service, nearby dining, and amenities.",,,"The Novotel Paris Vaugirard Montparnasse hotel is located in the center of Paris near the Montparnasse train station, between the Eiffel Tower and the Porte de Versailles. The Novotel Paris Vaugirard Montparnasse is easily accessible by metro and has 187 air-conditioned rooms."
paris,30,870,263657,Hotel André Latin,https://dynamic-media-cdn.tripadvisor.com/media/photo-o/34/1e/d8/2d/exterior.jpg,https://www.tripadvisor.co.uk/Hotel_Review-g187147-d263657-Reviews-Hotel_Andre_Latin-Paris_Ile_de_France.html,3.7,854,"#850 of 1,885 hotels in Paris",883,2446,"50 Rue Gay-Lussac, 75005 Paris France",+33 1 43 54 76 60,48.842873,2.342608,Paris,,,134,334,Hotel,,Air conditioning|Pets Allowed|Free Wifi,,否,,"Charming hotel in the Latin Quarter near the RER B line, Notre Dame, the Pantheon, and Luxembourg Gardens. Surrounded by cafes and restaurants. Convenient for exploring Paris with reasonable prices.",,,"Dandy spirit in the heart of Paris§ Between the Jardin du Luxembourg and the Place du Panthéon, the Hôtel André Latin cultivates a chic and relaxed atmosphere, faithful to the dandy spirit that inspires it. Nestled in the heart of the 5th arrondissement, between cobbled streets, literary cafés and prestigious schools, the hotel immerses you in a Parisian atmosphere that is both timeless and full of life. The André Latin reveals a décor designed to be an elegant interlude: clean lines, noble materials, retro touches and meticulous details. A modern tribute to ‘André’, the owners' grandfather and a 19th-century dandy, symbolising a French art de vivre where style and lightness meet. Our 69 rooms combine contemporary comfort with old-world charm, perfect for recharging your batteries after a day in the capital. Whether you are travelling alone, as a couple or with a group, our rooms can accommodate up to four people and offer an intimate, warm and elegant atmosphere."
paris,51,1500,197996,Hôtel Derby Eiffel,https://dynamic-media-cdn.tripadvisor.com/media/photo-o/2c/31/2b/5f/renovated-in-2024.jpg,https://www.tripadvisor.co.uk/Hotel_Review-g187147-d197996-Reviews-Hotel_Derby_Eiffel-Paris_Ile_de_France.html,3.7,713,"#1,002 of 1,885 hotels in Paris",1047,2446,"5 Avenue Duquesne, 75007 Paris France",+33 1 47 05 12 05,48.85368,2.307489,Paris,,,170,457,Hotel,,Bar/Lounge|Air conditioning,,否,,"Paris hotel near the Eiffel Tower and metro stations. Cozy rooms with comfortable beds and modern bathrooms. Surrounded by shops, restaurants, and grocery options. Some rooms offer Eiffel Tower views.",,,"Pleasant Hotel occupying a small, traditional building dating from the turn of the century."
paris,25,720,229626,Timhotel Palais Royal,https://dynamic-media-cdn.tripadvisor.com/media/photo-o/04/92/5e/d9/timhotel-palais-royal.jpg,https://www.tripadvisor.co.uk/Hotel_Review-g187147-d229626-Reviews-Timhotel_Palais_Royal-Paris_Ile_de_France.html,3.7,640,"#855 of 1,885 hotels in Paris",888,2446,"3 rue de la Banque, 75002 Paris France",+33 1 42 61 53 90,48.86638,2.340161,Paris,,,146,366,Hotel,,Air conditioning|Free Wifi,,否,,"Conveniently located near attractions, restaurants, and shops, this hotel offers clean rooms, air conditioning, an elevator, and balcony views. Ideal for solo trips or short stays with nearby transit access.",,,"Small, charming hotel with traditional design located in the center of the shopping district; walking distance to the Louvre."
paris,55,1620,559692,Eiffel Villa Garibaldi,https://dynamic-media-cdn.tripadvisor.com/media/photo-o/2c/20/32/dd/exterior.jpg,https://www.tripadvisor.co.uk/Hotel_Review-g187147-d559692-Reviews-Eiffel_Villa_Garibaldi-Paris_Ile_de_France.html,3.7,528,"#913 of 1,885 hotels in Paris",953,2446,"48 boulevard Garibaldi, 75015 Paris France",+33 1 56 58 56 58,48.84645,2.306048,Paris,,,107,339,Hotel,,Bar/Lounge|Free Wifi,,否,,"Conveniently located near the Eiffel Tower and metro stations. Offers a genuine Parisian experience with nearby markets and brasseries. Clean, comfortable rooms, friendly staff, and personalized recommendations.",,,"See why so many travellers make Eiffel Villa Garibaldi their hotel of choice when visiting Paris. Providing an ideal mix of value, comfort and convenience, it offers an array of amenities designed for travellers like you.
Eiffel Villa Garibaldi Hotel is a hotel offering a flat screen TV in the rooms, and it is easy to stay connected during your stay as free wifi is offered to guests.
Plus, guests can enjoy a lounge, which has made this a popular choice among travellers visiting Paris.
For those interested in checking out popular landmarks while visiting Paris, Eiffel Villa Garibaldi is located a short distance from The Catacombs of Paris (1.5 mi) and Champs-Elysees (1.6 mi).
While in Paris, you may want to check out some of the restaurants that are a short walk away from Eiffel Villa Garibaldi, including 58 Tour Eiffel (1.0 mi), Le Jules Verne (1.0 mi), and Le Relais de l'Entrecote (1.1 mi).
During your visit, be sure to check out popular attractions like Eiffel Tower (1.0 mi), Observatoire Panoramique de la Tour Montparnasse (0.8 mi), and Musée de l’Armée des Invalides (0.8 mi), which are all within walking distance of the hotel.
We’re sure you’ll enjoy your stay at Eiffel Villa Garibaldi as you experience all of the things Paris has to offer."
paris,18,510,596179,Hotel Andrea,https://dynamic-media-cdn.tripadvisor.com/media/photo-o/34/1e/f3/e1/business-room.jpg,https://www.tripadvisor.co.uk/Hotel_Review-g187147-d596179-Reviews-Hotel_Andrea-Paris_Ile_de_France.html,3.7,505,"#1,112 of 1,885 hotels in Paris",1170,2446,"3 Rue Saint Bon, 75004 Paris France",+33 1 42 78 43 93,48.858215,2.3502,Paris,,,145,638,Hotel,,Air conditioning|Free Wifi,,否,,"Boutique hotel in Le Marais near Notre Dame, Louvre, and Centre Pompidou. Conveniently located by Metro stations, shops, restaurants, and bars. Air-conditioned rooms, ideal for exploring Paris.",,,"Andrea Hotel, nestled in a small typical Parisian building is located in the heart of Paris, between Notre Dame and the Musee Beaubourg, close to the Palais du Louvre, the Tour Saint Jacques, the Rivoli street and the Marais district. Completely renovated, the hotel is equipped with all modern amenities like air conditioning, elevator, internet access point ... All rooms are equipped with toilets, bathrooms with shower, air conditioning, telephone, flat screen TV with channels SAT, modem, free wireless access."
paris,51,1500,197493,Ibis Styles Paris Bercy,https://dynamic-media-cdn.tripadvisor.com/media/photo-o/33/98/cb/7b/exterior.jpg,https://www.tripadvisor.co.uk/Hotel_Review-g187147-d197493-Reviews-Ibis_Styles_Paris_Bercy-Paris_Ile_de_France.html,3.6,3645,"#1,425 of 1,885 hotels in Paris",1536,2446,"77 rue de Bercy, 75012 Paris France",+33 1 53 46 50 50,48.838463,2.380986,Paris,,,114,303,Hotel,,Bar/Lounge|Air conditioning|Pets Allowed|Family Friendly,Breakfast included,否,,"Conveniently located near the metro and Accor Arena, ideal for event-goers and city exploration. Offers budget-friendly stays with nearby dining options and a well-received breakfast selection.",,,"A few steps away from the Bercy Arena, of the metro and the station of Bercy, this design  hotel is ideal both for your business travels and your stays in family or for two. The ibis styles Bercy has 361 soundproof and air-conditioned rooms.For your comfort and the good(property) to be, the ibis styles Bercy proposes you the breakfast and the free and unlimited WiFi, a lounge bar, a restaurant and a terrace in the peace in front of Park of Bercy.Endowed with 5 meeting rooms for the organization of your seminars and meetings.Most hotel: exceptional location in the heart of the lively district of Bercy.The ibis styles hotel is situated just a step from the Bercy arena, and faced park and at the station of Bercy. In two minutes of the subway, 5 ' of the animated(lively) district of Bercy village and in 8 ' of the station of Lyon."
paris,31,900,197446,Ibis Paris Bastille Opera 11th Hotel,https://dynamic-media-cdn.tripadvisor.com/media/photo-o/28/e9/43/41/caption.jpg,https://www.tripadvisor.co.uk/Hotel_Review-g187147-d197446-Reviews-Ibis_Paris_Bastille_Opera_11th_Hotel-Paris_Ile_de_France.html,3.6,3392,"#1,171 of 1,885 hotels in Paris",1235,2446,"15 Rue Breguet, 75011 Paris France",+33 1 49 29 20 20,48.857475,2.372853,Paris,,,130,331,Hotel,,Restaurant|Bar/Lounge|Air conditioning|Pets Allowed,,否,,"Conveniently located near Bastille with easy metro access, this clean, budget-friendly hotel offers comfortable rooms, a bar, and nearby dining options. Ideal for short stays and exploring Paris.",,,"The ibis Paris Bastille Opera hotel is located in the historic center of Paris, near the banks of the Seine. Notre Dame Cathedral, the Louvre museum, the Champs Elysees, department stores and the Gare de Lyon/Gare du Nord train stations can be reached bymetro and the hotel is near the Bercy and La Defense business districts. Our hotel offers 305 air-conditioned rooms with free Wi-Fi. Book safe! Our hotel has obtained ALLSAFE cleanliness and prevention label, verified by Bureau Veritas. This label ensures that our hygiene and prevention measures meet the highest standards."
paris,38,1110,197647,Ibis Paris Gare de l'Est TGV Hotel,https://dynamic-media-cdn.tripadvisor.com/media/photo-o/09/81/b9/cf/ibis-paris-gare-de-l.jpg,https://www.tripadvisor.co.uk/Hotel_Review-g187147-d197647-Reviews-Ibis_Paris_Gare_de_l_Est_TGV_Hotel-Paris_Ile_de_France.html,3.6,1211,"#1,031 of 1,885 hotels in Paris",1080,2446,"6 rue Saint Laurent, 75010 Paris France",+33 1 40 38 05 05,48.875614,2.358543,Paris,$130,$130,130,300,Hotel,,Bar/Lounge|Air conditioning|Free Wifi,Sponsored,否,,"Centrally located Paris hotel near train stations, metro, and dining options. Quiet at night with warm showers, comfortable beds, spacious rooms, and good breakfast. Friendly staff and great for short stays.",,,"L'hôtel est situé face à la Gare de l'Est, à 5 mn de la Gare du Nord. Directement avec le RER rejoignez l'aéroport Charles de Gaulle en 30 mn, le parc des expositions de Villepinte ou le stade de France. Sa localisation permet un accès facile pour la Tour Eiffel, Montmartre, Grands Magasins, l'Opéra, le Louvre, les Champs Elysées. L'hôtel propose 68 chambres climatisées, équipées du Wifi Gratuit, ainsi qu'un bar et encas 24h/24, 3 salles de réunion (capacité 13 personnes chacune)."
paris,45,1320,228760,Timhotel Opera Madeleine,https://dynamic-media-cdn.tripadvisor.com/media/photo-o/2f/d1/34/81/caption.jpg,https://www.tripadvisor.co.uk/Hotel_Review-g187147-d228760-Reviews-Timhotel_Opera_Madeleine-Paris_Ile_de_France.html,3.6,993,"#1,004 of 1,885 hotels in Paris",1049,2446,"113 Rue Saint Lazare, 75008 Paris France",+33 1 43 87 53 53,48.875366,2.32594,Paris,,,122,333,Hotel,,Air conditioning|Free Wifi,,否,,"Conveniently located near Gare St. Lazare with easy access to subway, RER, and buses. Close to shopping, dining, and wine bars. Clean rooms and helpful staff. Some noise from nearby train and road.",,,"Looking for a place to stay in Paris? Then look no further than Timhotel Opera Madeleine, a quiet hotel that brings the best of Paris to your doorstep.
Guest rooms offer a flat screen TV, air conditioning, and a desk, and Timhotel Opera Madeleine makes getting online easy as free wifi is available.
You can also take advantage of some of the amenities offered by the hotel, including 24 hour front desk and baggage storage. In addition, guests can enjoy breakfast buffet during their visit.
Given the close proximity of popular landmarks, such as Eiffel Tower (1.9 mi) and Le Marais (1.9 mi), guests of Timhotel Opera Madeleine can easily experience some of Paris' most well known attractions.
If you’re looking for a French restaurant, consider a visit to 58 Tour Eiffel, Le Bouillon Chartier, or L'Avenue, which are all conveniently located a short distance from Timhotel Opera Madeleine.
If you are interested in exploring Paris, check out one of the architectural buildings, such as Cathédrale Notre-Dame de Paris, Louvre Museum, and Arc de Triomphe.
We’re sure you’ll enjoy your stay at Timhotel Opera Madeleine as you experience everything Paris has to offer."
paris,38,1110,633099,Hotel Paris Lafayette,https://dynamic-media-cdn.tripadvisor.com/media/photo-o/34/2e/e8/2f/695719-exterior.jpg,https://www.tripadvisor.co.uk/Hotel_Review-g187147-d633099-Reviews-Hotel_Paris_Lafayette-Paris_Ile_de_France.html,3.6,704,"#1,207 of 1,885 hotels in Paris",1276,2446,"23 rue des Messageries, 75010 Paris France",+33 1 48 00 00 11,48.876442,2.348899,Paris,,,97,296,Hotel,,Air conditioning,,否,,"Boutique hotel near Gare du Nord and Metro, offering clean, quiet, budget-friendly rooms. Comfy beds ensure a good night’s sleep. Surrounded by amenities and convenient for exploring Paris attractions.",,,"And contemporary design, the Hotel Paris La Fayette is no shortage of style! Completely renovated, modern and colorful features: - 52 comfortable rooms (single, double and triple) - 8 studios of 28 m² fully equipped - 2 reception rooms. Quiet and bright, the hotel is ideally located in the 10th arrondissement of Paris, just minutes from North Station and East and a few meters from the metro stop fishmongers (line 7). The hotel is the ideal base for sightseeing, such as Montmartre, Notre Dame de Paris or the Louvre. Open all year, it's in a warm atmosphere that we welcome you as either short or long trips. Many services are also available such as free wifi, air conditioning, cable television or print free service. You can also relax in our lounge area ."
paris,37,1080,232546,Hotel Nude Paris,https://dynamic-media-cdn.tripadvisor.com/media/photo-o/1c/03/a0/db/hotel-nude-paris.jpg,https://www.tripadvisor.co.uk/Hotel_Review-g187147-d232546-Reviews-Hotel_Nude_Paris-Paris_Ile_de_France.html,3.6,71,"#1,447 of 1,885 hotels in Paris",1568,2446,"155 boulevard du Montparnasse, 75006 Paris France",+33 1 46 33 63 60,48.840626,2.334463,Paris,,,155,378,Hotel,,Free Wifi,,否,,"Boutique hotel in a prime location near public transportation, restaurants, and amenities. Spacious, clean rooms, 24-hour front desk, and charming features like a small elevator.",,,"Situated near Luxembourg Gardens between the Latin Quarter and Montparnasse Station, Hotel Nude Paris is perfectly located for visitors wanting to discover Paris. With easy access to the airports and to two Exhibition Parks, guests can enjoy their break right in the heart of Paris without wasting any precious time getting from A to B. Our 27 spacious, air-conditioned rooms, fully renovated in 2020, are decorated in a contemporary style to bring a touch of magic and comfort to your Parisian experience. Our stylishly modern bar is a warm and welcoming environment for sipping drinks with friends. WiFi broadband is freely available throughout the hotel. Two of our rooms is wheelchair-friendly. A public car park is only 150 metres away."
paris,75,2220,25365365,easyHotel Paris Nord Aubervilliers,https://dynamic-media-cdn.tripadvisor.com/media/photo-o/28/77/76/da/easyhotel-paris-nord.jpg,https://www.tripadvisor.co.uk/Hotel_Review-g187147-d25365365-Reviews-EasyHotel_Paris_Nord_Aubervilliers-Paris_Ile_de_France.html,3.6,45,"#1,463 of 1,885 hotels in Paris",1593,2446,"35 Rue Des Gardinoux Aubervilliers, 93300 Paris France",+33 1 86 90 54 30,48.906223,2.36649,Paris,,,68,256,Hotel,,Air conditioning|Free Wifi,,否,,"Budget-friendly hotel near a metro stop with clean, quiet rooms, helpful staff, and essential amenities. Close to a bakery, restaurants, and supermarkets. Convenient for short stays or longer visits.",,,"easyHotel Paris Nord Aubervilliers is a brand new hotel in France, giving visitors a comfortable and affordable place to stay in the city. This budget hotel in Paris sits within the suburb of Aubervilliers, in the North-East of the French capital. The main sights and attractions can be easily reached by public transport, with Front Populaire Metro Station across the road. Central Paris just 15 minutes from easyHotel Paris Nord Aubervilliers. easyHotel Paris Nord Aubervilliers has 180 ensuite bedrooms. Rooms are comfortable, quiet, and have all the essentials you need for your trip. Accessible bedrooms are available for those with additional requirements. Extra services are available including breakfast, luggage storage, and parking."
paris,60,1770,197674,ibis Paris Tour Eiffel Cambronne 15ème,https://dynamic-media-cdn.tripadvisor.com/media/photo-o/1d/52/2f/e2/chambre-double-standard.jpg,https://www.tripadvisor.co.uk/Hotel_Review-g187147-d197674-Reviews-Ibis_Paris_Tour_Eiffel_Cambronne_15eme-Paris_Ile_de_France.html,3.5,6916,"#1,455 of 1,885 hotels in Paris",1583,2446,"2, Rue Cambronne 15th Arr., 75015 Paris France",+33 1 40 61 21 21,48.847054,2.30134,Paris,,,155,294,Hotel,,Restaurant|Bar/Lounge|Air conditioning|Free Wifi,,否,,"Conveniently located hotel near dining, shopping, and metro stations, with easy access to city sights and the Eiffel Tower. Features cozy rooms, quirky reception, and pleasant staff. Tower views available.",,,"Our Ibis Paris Eiffel Tower Cambronne 15th hotel is located in the center of Paris, near the Eiffel Tower. You can easily access the hotel by car (hotel parking lot) and by train. At the hotel, you will appreciate modern comfort. We propose a continental buffet breakfast. Our restaurant ""La Brasserie Centrale"" is a French bistro serving typical and generous dishes. From April to October, you can take advantage of our terrace for a drink or a meal. We hope to see you soon!"
paris,59,1740,300729,ibis Budget Paris La Villette 19Eme,https://dynamic-media-cdn.tripadvisor.com/media/photo-o/07/5d/9c/e5/ibis-budget-paris-la.jpg,https://www.tripadvisor.co.uk/Hotel_Review-g187147-d300729-Reviews-Ibis_Budget_Paris_La_Villette_19Eme-Paris_Ile_de_France.html,3.5,1790,"#1,300 of 1,885 hotels in Paris",1386,2446,"57-63 Avenue Jean Jaurès, 75019 Paris France",+33 892 68 08 91,48.884525,2.375976,Paris,,,87,229,Hotel,,Air conditioning|Pets Allowed|Family Friendly|Free Wifi,,否,,"Budget-friendly hotel near Adidas Arena with easy metro access, supermarket, and dining options. Basic breakfast available. Vibrant area with shops and cafes. Suitable for short stays and younger travelers.",,,"Welcome to the ibis budget Paris la Villette, our entire team is delighted to welcome you and is happy to assist you as much as possible to ensure you experience unforgettable moments in the capital. Patrice DELBOURG, Hotel Manager Close to the Est and Nord train stations, the ibis budget Paris La Villette hotel offers quick access to the capital's best tourist attractions. The Cité des Sciences and Zénith arena are a 10-minute walk away. Sacré-Coeur and the Champs-Elysées are 15 and 25 minutes away by metro. Rooms in this economy hotel have free WIFI and can accommodate up to three people. From here, you can stroll along the Villette canal basin or enjoy a walk in the Buttes Chaumont park. Paying undercover car park."
paris,74,2190,228818,Le Méridien Paris Arc De Triomphe,https://dynamic-media-cdn.tripadvisor.com/media/photo-o/34/2b/85/5b/exterior.jpg,https://www.tripadvisor.co.uk/Hotel_Review-g187147-d228818-Reviews-Le_Meridien_Paris_Arc_De_Triomphe-Paris_Ile_de_France.html,3.5,1622,"#1,371 of 1,885 hotels in Paris",1471,2446,"81 Boulevard Gouvion Saint-Cyr, 75017 Paris France",+33 1 40 68 34 34,48.879196,2.284536,Paris,,,183,841,Hotel,,Restaurant|Bar/Lounge|Fitness centre|Air conditioning,,否,,"Modern hotel in a residential area near the Arc de Triomphe and metro stations. Features a jazz club, large lobby, and dining options nearby. Popular for tourists, business travelers, and romantic stays.",,,"Le Méridien Paris Arc de Triomphe welcomes you to the City of Lights with effortless elegance and an exceptional service. Our hotel's location facilitates discovery of Paris's luminous attractions; in addition to being across from the Palais des Congrès, we're a short walk from the Champs Élysées and the Arc de Triomphe. Equally suitable for corporate travelers, leisure guests and families, we bear the proud distinction of being the flagship Le Méridien hotel in Paris, France, with captivating modern design and boutique amenities. Artfully appointed accommodation includes modern technology, luxurious bath products and the Le Méridien Signature Bed. Start your day with a meal at the light-filled Espace Latitude and return in the evening to savor dinner in our restaurant. . Host a memorable event in one of our flexible spaces, which can accommodate groups of any size."
paris,72,2130,233807,Novotel Suites Paris Montreuil Vincennes Hotel,https://dynamic-media-cdn.tripadvisor.com/media/photo-o/11/da/b0/a0/novotel-suites-paris.jpg,https://www.tripadvisor.co.uk/Hotel_Review-g187147-d233807-Reviews-Novotel_Suites_Paris_Montreuil_Vincennes_Hotel-Paris_Ile_de_France.html,3.5,1570,"#1,238 of 1,885 hotels in Paris",1311,2446,"22 Av. du Professeur André Lemierre, 75020 Paris France",+33 1 49 93 88 88,48.85604,2.415255,Paris,,,108,269,Hotel,,Bar/Lounge|Fitness centre|Pets Allowed|Family Friendly,,否,,"Conveniently located near the metro for exploring Paris. Spacious rooms with separate toilet, kitchenette, and microwave. Family suites available. Clean hotel with friendly staff and varied breakfast.","If able to, I’d probably rate it a 3 and a half. As others have commented, the hotel location isn’t the most aesthetically pleasing, the streets are dirty and some of the characters outside are less than desirable...",Alvin A,"The Novotel Suites Paris Montreuil Vincennes hotel is located in eastern Paris on the edge of the 20th arrondissement close to Montreuil and Vincennes. The hotel has 166 modular suites measuring 323 sq. ft. (30m²) with free high-speed WIFI. Our suites are ideal for families or business travelers. The hotel offers a multitude of services: fitness center, bar, Comptoir Gourmand available 24 hours a day, ironing room. Make the most of the green area on our terrace and private paying car park. Discover our fully renovated hotel. Make the most of a spacious 323 sq. ft. (30m²) Suite and appreciate the new ""Live N Dream"" bedding, Nespresso machine, bathroom fitted with a shower and tub, and Comptoir Gourmand available 24 hours a day."
paris,47,1380,197650,Ibis Paris Gare du Nord Chateau Landon 10th Hotel,https://dynamic-media-cdn.tripadvisor.com/media/photo-o/0c/11/90/30/entree-de-l-hotel.jpg,https://www.tripadvisor.co.uk/Hotel_Review-g187147-d197650-Reviews-Ibis_Paris_Gare_du_Nord_Chateau_Landon_10th_Hotel-Paris_Ile_de_France.html,3.5,1570,"#975 of 1,885 hotels in Paris",1019,2446,"197-199, rue LaFayette, 75010 Paris France",+33 1 44 65 70 00,48.880985,2.362667,Paris,,,110,314,Hotel,,Bar/Lounge|Air conditioning|Free Wifi,,否,,"Conveniently located near Gare du Nord and metro stations, this modern hotel offers clean, quiet rooms with comfortable beds and good showers. Ideal for budget travelers exploring Paris.",,,"The Ibis Paris North Station Château-Landon is located in northern Paris, 400 meters from the North and Gare de l'Est, and 2.5 km from the city of science or department stores the Opera district. RER B provides direct access to Charles de Gaulle airport and the Stade de France, but also in the center of Paris: Chatelet Les Halles, Saint-Michel, Notre Dame Direct access to Villepinte Exhibition Park by RER B . The hotel offers 165 rooms with Wi-Fi,a private garage, a bar and snacks 24h / 24h."
paris,73,2160,312956,B&B HOME Paris Nord 18ème,https://dynamic-media-cdn.tripadvisor.com/media/photo-o/2a/c5/bf/8b/caption.jpg,https://www.tripadvisor.co.uk/Hotel_Review-g187147-d312956-Reviews-B_B_HOME_Paris_Nord_18eme-Paris_Ile_de_France.html,3.5,1557,"#1,336 of 1,885 hotels in Paris",1429,2446,"1 Impasse Marteau, 75018 Paris France",+33 892 23 32 51,48.9018,2.359589,Paris,,,96,227,Hotel,,Bar/Lounge|Fitness centre|Air conditioning|Pets Allowed,,否,,"Located near Port de la Chapelle metro and close to the city center, this hotel features clean, spacious rooms with a retro ambiance, friendly staff, basic breakfast, in-room kettles, and a takeout machine.","Cosy hotel with retro- mood ambient. Very keen and professional staff. Clean wide room, while bathroom not so comfortable (sort of box). Silent. Breakfast very basic self service under the expectation vs the rest of...",Monica g,"Welcome to the B&B HOTEL Paris Nord 18ème, just a stone's throw from Paris's most popular landmarks, including Montmartre (2.3 km) and the 9th arrondissement (3.1 km).
The B&B HOTEL Paris Nord 18ème offers a host of conveniences, including flat-screen TV, air conditioning and refrigerator. You can also stay connected via free wi-fi.
The hotel has a 24-hour reception and concierge service to make your stay even more pleasant. There's also a fitness center and lounge. Parking is available for guests with vehicles."
paris,32,930,197582,Best Western Hotel Ronceray Opera,https://dynamic-media-cdn.tripadvisor.com/media/photo-o/06/0f/17/5e/caption.jpg,https://www.tripadvisor.co.uk/Hotel_Review-g187147-d197582-Reviews-Best_Western_Hotel_Ronceray_Opera-Paris_Ile_de_France.html,3.5,1234,"#1,149 of 1,885 hotels in Paris",1211,2446,"10 Boulevard Montmartre, 75009 Paris France",+33 1 42 47 13 45,48.871967,2.341959,Paris,$111,$111,111,319,Hotel,,Bar/Lounge|Air conditioning|Free Wifi,Sponsored,否,,"Centrally located near metro, restaurants, bars, and attractions. Features clean, functional rooms, some with Sacre Coeur views. Welcoming staff and prompt service. Ideal base for exploring the city.",,,"The BEST WESTERN Ronceray Opéra is a magnificent building dating from the beginning of the 19th century. It is situated in the heart of Paris with the entrance in the charming Passage Jouffroy and a few minutes walk from the Opéra Garnier, The Louvre Museum and the major Parisian Department stores, Galéries Lafayette and Printemps. The 130 rooms offers services and facilities combining history and modern technology."
paris,45,1320,264709,Avalon Hotel Paris,https://dynamic-media-cdn.tripadvisor.com/media/photo-o/2c/7a/83/d2/caption.jpg,https://www.tripadvisor.co.uk/Hotel_Review-g187147-d264709-Reviews-Avalon_Hotel_Paris-Paris_Ile_de_France.html,3.4,1248,"#1,327 of 1,885 hotels in Paris",1417,2446,"131 Boulevard de Magenta, 75010 Paris France",+33 1 42 85 50 00,48.88104,2.35178,Paris,,,109,306,Hotel,,Bar/Lounge|Airport transportation|Family Friendly|Free Wifi,,否,,"Conveniently located near Gare du Nord, ideal for sightseeing and transport access. Offers continental breakfast with variety. Close to dining options, suitable for budget-conscious and short stays.",,,"The Hotel Avalon is the favorite of guest who believes that confort, a quality service and a central location are the key to an enjoyable stay in the City of Light. Located three minutes walking from Gare du Nord, this is the perfect location if you need a direct access to Charles de Gaules Airport, the Thalys or the Eurostar. The Sacré-Coeur and the Canal Saint Martin are only ten minutes walking distance, and the Galeries Lafayette, République, Pigalle and the famous Moulin Rouge, only twenty minutes. In a typical Parisian building, The Hotel*** Avalon offers a large choice of accommodation. Chose between our confortable, modern and tastefully decorated single, double or triple rooms. Every morning you will enjoy a french breakfast. The wifi is available for free in the entire hotel. We offer daily housecleaning of every room. Notice that one room is accessible for people with disabilities."
paris,22,630,207844,Timhotel Le Louvre,https://dynamic-media-cdn.tripadvisor.com/media/photo-o/14/9d/dd/e9/timhotel-le-louvre.jpg,https://www.tripadvisor.co.uk/Hotel_Review-g187147-d207844-Reviews-Timhotel_Le_Louvre-Paris_Ile_de_France.html,3.4,1027,"#1,138 of 1,885 hotels in Paris",1198,2446,"4 rue Croix des Petits Champs, 75001 Paris France",+33 1 42 60 34 86,48.862465,2.33945,Paris,,,143,363,Hotel,,Air conditioning|Free Wifi,,否,,"Centrally located near the Louvre, Notre Dame, and public transit. Surrounded by restaurants and shops. Budget-friendly option with clean rooms, basic amenities, and easy access to Paris attractions.",,,"The two stars hotel Timhotel Le Louvre is pleased to welcome you to the historical and cultural heart of Paris. A stones throw from Notre-Dame, Palais Royal, Champs Elysées, Musée d’Orsay. Underground station at 100 m. Charming & very central hotel with a flowery patio. 56 bedrooms in total, but 49 rooms with air conditioning. Free wifi access. Tea and coffee making facilities, Flat LCD TV with 35 international channels. Buffet Breakfast"
paris,34,990,236564,Timhotel Paris Gare De Lyon,https://dynamic-media-cdn.tripadvisor.com/media/photo-o/12/11/c9/c2/timhotel-paris-gare-de.jpg,https://www.tripadvisor.co.uk/Hotel_Review-g187147-d236564-Reviews-Timhotel_Paris_Gare_De_Lyon-Paris_Ile_de_France.html,3.4,762,"#1,073 of 1,885 hotels in Paris",1127,2446,"3 Rue D Austerlitz, 75012 Paris France",+33 1 43 44 13 47,48.84673,2.370072,Paris,,,875,1168,Hotel,,Air conditioning|Free Wifi,,否,,"Conveniently located near Gare de Lyon with easy access to public transport, restaurants, and bars. Cozy, clean rooms with comfortable beds and low noise levels. Inner courtyard. Great for short stays.",,,The Timhotel Paris Gare de Lyon is a very nice hotel located just 400 meters away from the Gare de Lyon Train stop. The staff is friendly and helpfull. Daily luggage storage available for early arrivals or late departures. From the hotel guests can reach any famous place of Paris within a few minutes of public transport.
paris,72,2130,228024,Hotel Mercure Paris 19 Philharmonie La Villette,https://dynamic-media-cdn.tripadvisor.com/media/photo-o/06/d8/ee/54/chambre-2-grands-lits.jpg,https://www.tripadvisor.co.uk/Hotel_Review-g187147-d228024-Reviews-Hotel_Mercure_Paris_19_Philharmonie_La_Villette-Paris_Ile_de_France.html,3.3,1192,"#1,671 of 1,885 hotels in Paris",2025,2446,"216 Avenue Jean Jaures, 75019 Paris France",+33 1 44 84 18 18,48.888855,2.394257,Paris,,,104,204,Hotel,,Restaurant|Bar/Lounge|Air conditioning|Pets Allowed,,否,,"Conveniently located near Philharmonie de Paris and a metro station, offering easy access to events and central attractions. Helpful staff, nearby amenities, and well-priced for the area.",,,"Mercure Paris La Villette, in Paris, is located nearby the Philharmonie, Parc de la Villette, next to the Zenith, Cite des Sciences et de l'Industrie. Large rooms with TV, minibar, kettle, safety box, tea and coffee facilities and large bathrooms . Enjoy our restaurant with two terrasses, our bar. For leisure, minigym & with sauna are available Very easy to travel in Paris, metro and tramway stations are nearby and a private garage is also available. Idealistic area to travel easily in Paris. Reception: 24 hours. Access: subway line 5 porte de pantin,tramway line 3, exit Porte de pantin from the ring."
paris,76,2250,197465,City Kamp Paris,https://dynamic-media-cdn.tripadvisor.com/media/photo-o/2a/60/ef/96/camping-de-paris.jpg,https://www.tripadvisor.co.uk/Hotel_Review-g187147-d197465-Reviews-City_Kamp_Paris-Paris_Ile_de_France.html,3.3,797,"#1,435 of 1,885 hotels in Paris",1551,2446,"2 Allée du Bord de l'Eau, 75016 Paris France",,48.86848,2.23448,Paris,,,130,248,Hotel,,Free parking|Restaurant|Bar/Lounge|Pets Allowed,,否,,"Family-friendly campsite near Paris with spacious chalets, a shuttle to public transport, and a ""center parc"" atmosphere. Features good food, entertainment screens, and a relaxed environment.","The site itself is reasonaubly quiet away from the road, convenient for the centre of Paris and the sanitary blocks are clean and well maintained. 

However, the receptionist initially gave us a small, awkward pitch...",Ann,"Camping de Paris welcomes you all year in a natural park of 7 hectares on the Seine's edge. Set out to explore the capital to discover the unique heritage and unmissable sights. Taste the pleasure of walks in the different districts, each with their own unique atmospheres and think of a stop at Disneyland Paris, located 45 minutes by car from the campsite. Treat yourself to a comfortable stay in one of our accommodation and enjoy the many services."
paris,40,1170,253115,Hotel Antin Trinite,https://dynamic-media-cdn.tripadvisor.com/media/photo-o/2c/20/34/20/reception.jpg,https://www.tripadvisor.co.uk/Hotel_Review-g187147-d253115-Reviews-Hotel_Antin_Trinite-Paris_Ile_de_France.html,3.3,654,"#1,341 of 1,885 hotels in Paris",1435,2446,"74 rue de Provence 09 Arr., 75009 Paris France",+33 1 48 74 29 07,48.874325,2.332097,Paris,,,106,288,Hotel,,Free Wifi,,否,,"Centrally located hotel in Paris' Opera District near main attractions. Small rooms, no air conditioning. Staff praised for helpfulness. Some guests experienced last-minute room changes.",,,"See why so many travellers make Hotel Antin Trinite their hotel of choice when visiting Paris. Providing an ideal mix of value, comfort and convenience, it offers a quiet setting with an array of amenities designed for travellers like you.
Given the close proximity of popular landmarks, such as Le Marais (1.6 mi) and Eiffel Tower (2.0 mi), guests of Antin Trinite can easily experience some of Paris' most well known attractions.
Free wifi is offered to guests, and rooms at Antin Trinite offer a flat screen TV and a desk.
During your stay, take advantage of some of the amenities offered, including 24 hour front desk, a concierge, and 24 hour check-in. Guests of Antin Trinite are also welcome to enjoy breakfast buffet, located on site. For travellers arriving by car, parking is available.
During your visit, be sure to check out one of Paris' popular oyster restaurants such as Septime, Epicure, and Le Train Bleu, all a short distance from Hotel Antin Trinite.
During your visit, be sure to check out popular attractions like Louvre Museum (0.9 mi), Musée d'Orsay (1.0 mi), and Montmartre (0.9 mi), which are all within walking distance of the hotel.
At Hotel Antin Trinite, your comfort and satisfaction come first, and they look forward to welcoming you to Paris."
paris,19,540,599123,Hotel du Mont Blanc,https://dynamic-media-cdn.tripadvisor.com/media/photo-o/30/8c/b5/3f/suite-lit-king-size-hotel.jpg,https://www.tripadvisor.co.uk/Hotel_Review-g187147-d599123-Reviews-Hotel_du_Mont_Blanc-Paris_Ile_de_France.html,3.3,583,"#1,421 of 1,885 hotels in Paris",1531,2446,"28 Rue de la Huchette, 75005 Paris France",+33 1 43 54 49 44,48.853207,2.345063,Paris,,,168,440,Hotel,,Restaurant|Air conditioning|Free Wifi,,否,,"Centrally located in the Latin Quarter near Notre Dame and public transit. Surrounded by dining and historic sites. Budget-friendly option with air conditioning, luggage storage, and late checkout.",,,"Finding an ideal hotel in Paris does not have to be difficult. Welcome to Hotel du Mont Blanc, a nice option for travellers like you.
Free wifi is offered to guests, and rooms at Hotel du Mont Blanc offer a flat screen TV and air conditioning.
During your stay, take advantage of some of the amenities offered, including 24 hour front desk and baggage storage. Guests of Hotel du Mont Blanc are also welcome to enjoy an on-site restaurant. For travellers arriving by car, there is paid public parking available nearby.
While staying at Hotel du Mont Blanc, visitors can check out Palais Garnier - Opéra National de Paris (1.4 mi) and The Catacombs of Paris (1.4 mi), some of Paris' top attractions.
While in Paris, you may want to check out some of the restaurants that are a short walk away from Hotel du Mont Blanc, including L'As du Fallafel (0.7 mi), Angelina (1.1 mi), and Le Comptoir (0.3 mi).
If you’re looking for something to do, Cathédrale Notre-Dame de Paris (0.2 mi), Louvre Museum (0.7 mi), and Musée d'Orsay (1.0 mi) are a nice way to spend some time, and they are all within walking distance of Hotel du Mont Blanc.
Hotel du Mont Blanc puts the best of Paris at your fingertips, making your stay both relaxing and enjoyable."
paris,38,1110,233781,Hotel Opera Lafayette,https://dynamic-media-cdn.tripadvisor.com/media/photo-o/1b/a7/99/85/hotel-opera-lafayette.jpg,https://www.tripadvisor.co.uk/Hotel_Review-g187147-d233781-Reviews-Hotel_Opera_Lafayette-Paris_Ile_de_France.html,3.3,449,"#1,346 of 1,885 hotels in Paris",1441,2446,"80 Rue La Fayette, 75009 Paris France",+33 1 47 70 43 43,48.876312,2.346012,Paris,,,118,314,Hotel,,Bar/Lounge|Air conditioning|Free Wifi,,否,,"Well-located Paris hotel near public transportation, Gare du Nord, and dining. Clean rooms with modern bathrooms, daily cleaning, and French windows in some. Helpful staff and convenient for exploring the city.",,,"Hotel Opera Lafayette is an excellent choice for travellers visiting Paris, offering many helpful amenities designed to enhance your stay.
Guest rooms offer a flat screen TV, a minibar, and air conditioning, and Opera Lafayette makes getting online easy as free wifi is available.
You can also take advantage of some of the amenities offered by the hotel, including 24 hour front desk, 24 hour check-in, and baggage storage. In addition, guests can enjoy breakfast buffet during their visit.
Nearby landmarks such as Le Marais (1.4 mi) and Cathédrale Notre-Dame de Paris (1.6 mi) make Hotel Opera Lafayette a great place to stay when visiting Paris.
During your visit, be sure to check out one of Paris' popular filet mignon restaurants such as L'Avenue, Le Ciel de Paris, and Monsieur Bleu, all a short distance from Opera Lafayette.
Plus, during your trip, don’t forget to check out some of the popular ancient ruins, such as Archeological Crypt of the Parvis of Notre-Dame, Arenes de Lutece, and Les vestiges des Tuileries.
Enjoy your stay in Paris!"
paris,36,1050,649880,Hotel Beauvoir,https://dynamic-media-cdn.tripadvisor.com/media/photo-o/31/6b/2f/e5/caption.jpg,https://www.tripadvisor.co.uk/Hotel_Review-g187147-d649880-Reviews-Hotel_Beauvoir-Paris_Ile_de_France.html,3.3,255,"#1,386 of 1,885 hotels in Paris",1489,2446,"43 Avenue Georges Bernanos, 75005 Paris France",+33 1 43 25 57 10,48.83991,2.337432,Paris,,,102,277,Hotel,,Free Wifi,,否,,"Conveniently located near RER B and Luxembourg Gardens, this affordable 3* hotel offers multilingual staff, balcony views, and clean rooms. Compact spaces, ideal for younger, adaptable travelers.",,,"Easy access reach, just steps from the Port Royal RER commuter station connecting Roissy Charles de Gaulle and Orly airports, the hotel enables you to make the most of Parisian life.On one side Boulevard Saint-Michel and Saint-Germain-des-Prés, on the other Boulevard du Montparnasse and its famous brasseries. In the heart of the Paris of intellectuals, Hôtel Beauvoir is opposite the celebrated restaurant La Closerie des Lilas, the gathering place of such famous writers as Baudelaire, Verlaine, Jean Paul Sartre, Simone de Beauvoir, Ernest Hemingway and Henry Miller. Take advantage of the calm setting and the friendly, cheerful, dynamic staff for a most enjoyable stay."
paris,50,1470,231059,Hôtel Claret Bercy,https://dynamic-media-cdn.tripadvisor.com/media/photo-o/17/e8/98/7a/claret-hotel.jpg,https://www.tripadvisor.co.uk/Hotel_Review-g187147-d231059-Reviews-Hotel_Claret_Bercy-Paris_Ile_de_France.html,3.1,851,"#1,586 of 1,885 hotels in Paris",1824,2446,"44 Boulevard de Bercy 12th ARR, 75012 Paris France",+33 1 46 28 41 31,48.839893,2.381631,Paris,,,78,300,Hotel,,Restaurant|Bar/Lounge|Free Wifi,,否,,"Conveniently located near Bercy train station, metro, and Bercy Stadium. Easy access to restaurants, museums, and attractions. Features friendly staff and a continental breakfast with hot options.","This hotel is fairly basic, but clean. Staff were friendly and check-in was straightforward. One of the rooms had the heating on full blast but once that was off it became a more bearable temperature. Conveniently...",AnnaCM,"Small 4-story hotel housed in an Inn dating from 1850, facing Omnisport Park, near the Ministry of Finance."
paris,50,1470,291543,Sure Hotel By Best Western Paris Gare Du Nord,https://dynamic-media-cdn.tripadvisor.com/media/photo-o/0d/b4/14/e4/l-hotel-et-la-facade.jpg,https://www.tripadvisor.co.uk/Hotel_Review-g187147-d291543-Reviews-Sure_Hotel_By_Best_Western_Paris_Gare_Du_Nord-Paris_Ile_de_France.html,3.1,316,"#1,676 of 1,885 hotels in Paris",2033,2446,"224 Rue Du Faubourg Saint Denis, 75010 Paris France",+33 1 46 07 99 56,48.883636,2.359408,Paris,,,97,229,Hotel,,Air conditioning|Free Wifi,,否,,"Budget-friendly hotel near Gare du Nord station with clean, simple rooms and daily room service. Convenient access to Indian restaurants, supermarkets, and public transport. Small elevator available.",,,"A hotel in the centre of Paris at the departure for the main European destinations. Our 3 star hotel is located in the 10th arrondissement of Paris, a few minutes from the Gare du Nord and the Gare de l’Est as well as from the touristic and animated areas. The Sure Hotel Paris Gare du Nord has 92 single, double, twin, triple or family rooms, with all the modern comfort and the multimedia equipment you could desire. To date, the property does not have rooms with easy access for disabled persons. The multilingual staff of the Faubourg will be pleased to welcome you 24 hours during your business, tourism trips or weekends in Paris. Our breakfast room welcomes you for breakfast buffet. A free luggage room is at your disposal at any time. 15 minutes from the Champs Elysées, the department stores and the European train stations."
paris,57,1680,518469,Hôtel Eiffel Kensington,https://dynamic-media-cdn.tripadvisor.com/media/photo-o/12/fb/69/c2/hotel-kensington.jpg,https://www.tripadvisor.co.uk/Hotel_Review-g187147-d518469-Reviews-Hotel_Eiffel_Kensington-Paris_Ile_de_France.html,3,306,"#1,686 of 1,885 hotels in Paris",2056,2446,"79 avenue de la Bourdonnais, 75007 Paris France",+33 1 47 05 74 00,48.856483,2.302121,Paris,,,149,272,Hotel,,Free Wifi,,否,,"Conveniently located near the Eiffel Tower, metro, and top attractions. Offers clean rooms, some with landmark views. Close to restaurants, supermarkets, and pharmacies for added convenience.",,,"Finding an ideal budget friendly hotel in Paris does not have to be difficult. Welcome to Hotel Eiffel Kensington, a nice option for travellers like you.
Given the close proximity of popular landmarks, such as Louvre Museum (1.6 mi) and The Catacombs of Paris (2.1 mi), guests of Hotel Eiffel Kensington can easily experience some of Paris' most well known attractions.
Rooms at Hotel Eiffel Kensington offer a flat screen TV providing exceptional comfort and convenience, and guests can go online with free wifi.
24 hour front desk and baggage storage are some of the conveniences offered at this hotel. A snack bar will also help to make your stay even more special.
If you’re looking for a seafood restaurant, consider a visit to Le Jules Verne, Le Grand Colbert, or Pedra Alta, which are all conveniently located a short distance from Hotel Eiffel Kensington.
There is no shortage of things to do in the area: explore popular art galleries such as Passage Verdeau, Laurence Esnol Gallery, and Cartier Foundation (Fondation Cartier Pour L'art Contemporain).
Hotel Eiffel Kensington looks forward to welcoming you on your visit to Paris."
paris,50,1470,1234715,Hotel Nation Montmartre,https://dynamic-media-cdn.tripadvisor.com/media/photo-o/0a/79/aa/dd/20160226-190359-largejpg.jpg,https://www.tripadvisor.co.uk/Hotel_Review-g187147-d1234715-Reviews-Hotel_Nation_Montmartre-Paris_Ile_de_France.html,2.4,325,"#1,812 of 1,885 hotels in Paris",2326,2446,"4 Rue Boissieu, 75018 Paris France",+33 1 46 06 39 71,48.884396,2.349066,Paris,,,111,245,Hotel,,Free Wifi,,否,,"Convenient location with friendly staff and French-inspired features. Offers a breakfast with baguettes, pastries, yogurt, and more. Includes amenities like extra pillows and hangers for added comfort.","Room was clean and good, I had a shower, toilet and AC. I would recommend to the hotel, that they would inform guests about the 100 euro deposit in advance, when you are booking the room. And it should be put in the...",Eve H,"The Nation Montmartre hotel is one of the oldest hotels in the historic district of Montmartre. Created in 1968, our hotel has been managed by the same family for over 55 years. We are committed to offering you a warm and local service so that you can enjoy the atypical charm of our hotel. Our 26 rooms, without elevator, welcome you in the greatest comfort since in 2022 we have completely renovated our rooms in an art-deco style. Additionally this year, we obtained our 3rd star, a guarantee of the quality of our services and equipment. The HNM team is delighted to welcome you to our beautiful, typically Parisian hotel!"
rome,332,9930,1084840,QuodLibet,https://dynamic-media-cdn.tripadvisor.com/media/photo-o/11/7b/d9/9c/quodlibet.jpg,https://www.tripadvisor.co.uk/Hotel_Review-g187791-d1084840-Reviews-QuodLibet-Rome_Lazio.html,5,1728,"#21 of 4,280 B&Bs / Inns in Rome",40,7168,"Via Barletta 29, 00192 Rome Italy",+39 347 335 5160,41.910572,12.457716,Rome,,,144,432,Bed and Breakfast,,Air conditioning|Airport transportation|Family Friendly|Free Wifi,Breakfast included,否,,"Cozy B&B near the Vatican and Ottaviano Metro stop. Features a rooftop terrace for breakfast and evening lounging. Personalized service with helpful recommendations. Close to shops, restaurants, and gelato.",,,"Perfectly located in the centre of Rome, equipped with all mod cons, with luminous and ample rooms furnished with taste, QuodLibet is a small and charming accommodation offering bed and breakfast service just a stone throw away from St. Peter's Basilica and the Vatican. Four finely furnished rooms equipped with ample en-suite bathrooms, air-conditioning, safe, 32' flat screen TV, free WI-FI connection. From the strategic position of QuodLibet you will be able to reach easily each site of interest in Rome, both walking or using the Metro system (taking advantage of the ""Ottaviano-San Pietro"" stop located just one block away). A nice rooftop terrace always at guests disposal, where to enjoy breakfasts or sip a glass of wine in the evenings."
rome,316,9450,1821265,Rome Armony Suites,https://dynamic-media-cdn.tripadvisor.com/media/photo-o/05/e0/02/cb/street--v2090927.jpg,https://www.tripadvisor.co.uk/Hotel_Review-g187791-d1821265-Reviews-Rome_Armony_Suites-Rome_Lazio.html,5,1410,"#9 of 4,280 B&Bs / Inns in Rome",22,7168,"Via Orazio 3, 00193 Rome Italy",+39 348 884 3565,41.90799,12.466042,Rome,,,126,290,Bed and Breakfast,,Air conditioning|Airport transportation|Free Wifi,Breakfast included,否,,"Charming guest house in Prati, near the Vatican and top attractions. Offers shuttle service, personalized dining/activity tips, and walkable access to shops, restaurants, and public transport.",,,"Rome Armony Suites is an elegant Guest House in the famous Vatican district, one of the most famous and beautiful shopping areas. We offer elegant rooms for rent in the very heart of Rome. Rome Armony Suites lies a few steps from Saint Peter's Basilica ,Vatican Museums, Navona Square, The Pantheon , Trevi Fountain Rome Armony Suites is the ideal solution for any kind of holiday, both leisure and business trips. Our rooms are comfortable, warm and cosy and thanks to the reasonable prices, the price /quality ratio is one of the best you'll find in Rome. 5 moderns rooms that offer all the comforts: private bathroom with shower, Air Conditioning, LCD TV, Wi-Fi, Safe, complimentary smartphone and minibar. No pets and no smoking. the owners will frequently be present at the B&B through out the day, 7 days a week, to help with any needs and to discuss sites to visit , tours to take and the best places to eat and drink the owners can be contacted 24/7 for any emergency The metro A stations Ottaviano and Lepanto are a few minutes' walk away. You can easily get about the city without long walks or problems of time. The metro A provides a very efficient service with trains every 3 minutes. the Fiumicino Airport's Shuttle Bus stop (Sit Bus Shuttle) is located at the end of the street, 3 minutes walk away"
rome,6,150,1721909,Campanella3,https://dynamic-media-cdn.tripadvisor.com/media/photo-o/1f/98/86/7d/antonella-ivan.jpg,https://www.tripadvisor.co.uk/Hotel_Review-g187791-d1721909-Reviews-Campanella3-Rome_Lazio.html,5,646,"#2 of 4,280 B&Bs / Inns in Rome",10,7168,"Via Tommaso Campanella, 3, 00195 Rome Italy",+39 335 842 0824,41.91098,12.45377,Rome,,,123,340,Bed and Breakfast,,Air conditioning|Airport transportation|Family Friendly|Free Wifi,Breakfast included,是,2026 Travelers' Choice,"Cozy B&B near the Vatican and metro. Features clean, comfortable rooms, a shared kitchen, and helpful hosts offering city guidance. Close to restaurants, shops, Trionfale Market, and public transportation.",,,"***Special DISCOUNTS and MORE ROOMS available with a customized offer through the ""E-mail hotel"" button***
 >>> ANTONELLA & IVAN welcome you in their lovely property in the heart of Rome, at walking distance (3 minutes) from the Metro (Subway ""A"" - ""Ottaviano/San Pietro/MuseiVaticani"" stop), and at a few steps from the Vatican Museums, the Michelangelo's Sistine Chapel, Saint Peter's Basilica and Saint Angelo Castle. By subway it is very easy to reach the Colosseum, the Trevi Fountain, the Spanish Steps and all the other touristic sights of the town! 
 >>> THE SERVICE INCLUDES: self service breakfast (without time limits), kitchen use (and 24 hours free coffee and tea), free Internet WiFi with a computer available, air conditioning-heating, hairdryer, bed sheets, towels, cleanings, city map of Rome.... and all our kindness and hospitality!  :)  ;) 
 See you, CIAO!
ANTONELLA & IVAN"
rome,2,30,7619756,The Fifteen Keys Hotel,https://dynamic-media-cdn.tripadvisor.com/media/photo-o/2c/9f/e7/14/master-grey-room-bedroom.jpg,https://www.tripadvisor.co.uk/Hotel_Review-g187791-d7619756-Reviews-The_Fifteen_Keys_Hotel-Rome_Lazio.html,4.9,1044,"#18 of 1,168 hotels in Rome",37,7168,"Via Urbana 6/7, 00184 Rome Italy",+39 06 4891 3446,41.89771,12.495477,Rome,$509,$509,359,870,Hotel,,Bar/Lounge|Air conditioning|Airport transportation|Pets Allowed,Breakfast included,是,2026 Travelers' Choice Best of the Best,"Charming boutique hotel in Rome’s Monti neighborhood with peaceful ambiance, stylish decor, and comfortable rooms. Guests praise the outstanding staff, delicious breakfast, and curated local recommendations.",,,"The Fifteen Keys Hotel has 15 individually designed bedrooms and it is situated in an intimate street, in the heart of lively and cosmopolitan Monti neighbourhood, in central Rome. The building, originally a five-storey townhouse, has been converted at the beginning of 2015 into this charming 4-star hotel with a contemporary and unique style."
rome,4,90,3929140,J.K. Place Roma,https://dynamic-media-cdn.tripadvisor.com/media/photo-o/34/2b/a7/d0/jk-place-roma.jpg,https://www.tripadvisor.co.uk/Hotel_Review-g187791-d3929140-Reviews-J_K_Place_Roma-Rome_Lazio.html,4.9,722,"#26 of 1,168 hotels in Rome",56,7168,"Via di Monte d'Oro, 30, 00186 Rome Italy",+39 06 982634,41.904427,12.47696,Rome,,,855,2073,Hotel,,Restaurant|Bar/Lounge|Airport transportation|Family Friendly,Breakfast included,是,2026 Travelers' Choice,"Boutique hotel near the Spanish Steps offering luxurious rooms, tranquil atmosphere, and bold design. Features include a library, cafe, curated local guide, and personalized concierge service.",,,"Iconic Boutique Hotel with 27 rooms and suites in the heart of Rome near the Spanish Steps and main attractions. Sophistication, elegance, stylish look and feel create the unique atmosphere in this private townhouse. Each room has been designed by award-winning Architect Michele Bonan with signature handmade furniture by Italian artisans. Spacious bedrooms with beautiful decorative touches and pieces of fine art, bathrooms are all neatly made with Italian marbles from Carrara, wooden teak floors, large showers, separate toilet area. All the rooms are provided with the most modern comforts such as individual temperature control, HD LED TV with cable sports and movie channels, Free WI-FI, electronic safe, Ipod/Ipad Docking Stations, personalized J.K. Courtesy amenities, and much more. At our valued guests disposal the J.K. Cafe serves Italian specialties throughout the day. Signature cocktails and international classics can be enjoyed at our cozy bar and lounge. **Hotel is a non-smoking property**"
rome,1,0,6353278,Piazza Di Spagna 9,https://dynamic-media-cdn.tripadvisor.com/media/photo-o/29/3f/e3/25/piazza-di-spagna-9.jpg,https://www.tripadvisor.co.uk/Hotel_Review-g187791-d6353278-Reviews-Piazza_Di_Spagna_9-Rome_Lazio.html,4.9,719,"#1 of 4,280 B&Bs / Inns in Rome",4,7168,"Piazza di Spagna 9, 00187 Rome Italy",+39 06 6992 1458,41.906727,12.481773,Rome,$489,$489,359,1976,Bed and Breakfast,,Spa|Air conditioning|Airport transportation|Family Friendly,,是,2026 Travelers' Choice Best of the Best,"Boutique hotel in central Rome near Spanish Steps, offering spacious, art-filled suites with luxurious en-suite bathrooms. Personalized service, local recommendations, and access to dining, shopping, and tours.",,,"PiazzadiSpagna9 is a small family owned and operated boutique concept that provides top hospitality and attention to your every need during your Roman stay! We value our guests and will always go above and beyond to ensure an unforgettable experience. 

Overlooking Piazza Di Spagna and the famous Spanish steps, PiazzadiSpagna9 is THE unique luxury location in Rome! All the luxurious rooms and suites have different styles, individually decorated and enriched by modern works of Art.

In fact, PiazzadiSpagna9 is a Global Art Gallery, constantly evolving and surprising, bringing to life the contemporary discovery of the landscape between art, design and crafts. All the cutting-edge furniture and the art displayed on the walls can be purchased and shipped to your home.

 PiazzadiSpagna9 is the perfect base for exploring the Eternal City! Are you ready to experience your luxury dream vacation?"
rome,1,0,205044,Hotel Artemide,https://dynamic-media-cdn.tripadvisor.com/media/photo-o/31/f4/3f/74/entrance-hotel-artemide.jpg,https://www.tripadvisor.co.uk/Hotel_Review-g187791-d205044-Reviews-Hotel_Artemide-Rome_Lazio.html,4.8,9568,"#11 of 1,168 hotels in Rome",18,7168,"Via Nazionale, 22, 00184 Rome Italy",+39 06 489911,41.900818,12.493654,Rome,,,252,854,Hotel,,Spa|Restaurant|Bar/Lounge|Fitness centre,,是,2026 Travelers' Choice,"Centrally located hotel on Via Nazionale near attractions, dining, and shopping. Features rooftop restaurant with city views, daily restocked free mini bar, spa, soundproofed rooms, and private transfers.",,,"Welcome to Hotel Artemide, your 4-star hotel in downtown Rome! Just a stone's throw away from the Trevi Fountain, the Colosseum or the Spanish Steps, Artemide is right in the heart of Via Nazionale, a lively and bright street, with plenty of shops to choose from. Within walking distance of Termini Train Station and with the metro station Repubblica at just 100 metres, the Artemide Hotel is the perfect starting point for discovering the Eternal City. Free mini-bar and wi-fi connection in every room, and a fully-equipped gym are just some of the perks we offer our guests. Also, make sure not to miss the Artemís Spa to dedicate a moment for your well-being and enjoy individual or couples massages. And to complete the experience, don't miss the Ambrosia Rooftop Restaurant & Bar, on the 7th floor of the hotel, with its magnificent view over the Rome' skyline."
rome,1,0,191099,Albergo del Senato,https://dynamic-media-cdn.tripadvisor.com/media/photo-o/10/53/47/c9/superior-double-room.jpg,https://www.tripadvisor.co.uk/Hotel_Review-g187791-d191099-Reviews-Albergo_del_Senato-Rome_Lazio.html,4.8,5079,"#17 of 1,168 hotels in Rome",36,7168,"Piazza della Rotonda 73, 00186 Rome Italy",+39 06 678 4343,41.899174,12.477302,Rome,,,230,953,Hotel,,Bar/Lounge|Air conditioning|Airport transportation|Pets Allowed,Breakfast included,是,2026 Travelers' Choice,"Central Rome hotel with unbeatable location near the Trevi Fountain and Pantheon. Highlights include a rooftop terrace with stunning city views, comfortable rooms, and balconies overlooking historic sites. Rooftop bar praised for ambiance, drinks, and incredible panoramas.",,,"Finding an ideal romantic hotel in Rome does not have to be difficult. Welcome to Albergo del Senato, a nice option for travelers like you. For those interested in checking out popular landmarks while visiting Rome, Albergo del Senato is located a short distance from Palatine Hill (0.8 mi) and Villa Borghese (1.3 mi). You’ll enjoy relaxing rooms that offer a flat screen TV, air conditioning, and a minibar, and you can stay connected during your stay as Albergo Del Senato Rome offers guests free wifi. The hotel features a 24 hour front desk, a rooftop terrace, and a concierge. Plus, Rome Senato Hotel offers free breakfast, providing a pleasant respite from your busy day. If you’re looking for something to do, Colosseum (1.0 mi), Trastevere (1.0 mi), and Pantheon (0.0 mi) are a nice way to spend some time, and they are all within walking distance of Albergo Del Senato Rome. Albergo del Senato looks forward to welcoming you on your visit to Rome."
rome,2,30,203175,Hotel Barocco,https://dynamic-media-cdn.tripadvisor.com/media/photo-o/2d/d1/c9/70/caption.jpg,https://www.tripadvisor.co.uk/Hotel_Review-g187791-d203175-Reviews-Hotel_Barocco-Rome_Lazio.html,4.8,4211,"#12 of 1,168 hotels in Rome",19,7168,"Piazza Barberini, 9 Via della Purificazione, 4, 00187 Rome Italy",+39 06 487 2001,41.90385,12.488193,Rome,$329,$329,292,701,Hotel,,Bar/Lounge|Air conditioning|Airport transportation|Family Friendly,Sponsored|Breakfast included,是,2026 Travelers' Choice,"Boutique hotel in a quiet yet vibrant area near Trevi Fountain, Spanish Steps, and Piazza Barberini. Central location with easy access to landmarks, dining, shopping, and metro. Friendly, attentive staff.",,,"There is a place in the heart of Rome where time seems to stand still. Where every detail tells a story, and every guest is welcomed with the care and attention of those who truly cherish the art of hospitality. That place is Hotel Barocco. Overlooking the enchanting Piazza Barberini, just steps from the Trevi Fountain and Via Veneto, the hotel is set within a historic palace that preserves the charm of the Baroque era, elegantly reimagined in a contemporary style. Each room is a refined retreat, where comfort, sophistication, and serenity come together to create an intimate and memorable stay. What truly distinguishes Hotel Barocco is its soul: the warmth of the welcome, the attention to the smallest details, and the passion for hospitality that makes guests feel at home, even when far away. More than a place to stay, Hotel Barocco is an experience—an authentic journey into the beauty, history, and timeless elegance of Rome. Your journey begins here."
rome,5,120,239263,Hotel Santa Maria,https://dynamic-media-cdn.tripadvisor.com/media/photo-o/09/48/0e/3a/hotel-santa-maria.jpg,https://www.tripadvisor.co.uk/Hotel_Review-g187791-d239263-Reviews-Hotel_Santa_Maria-Rome_Lazio.html,4.8,4090,"#7 of 1,168 hotels in Rome",8,7168,"Vicolo del Piede, 2, 00153 Rome Italy",+39 06 589 4626,41.890175,12.470027,Rome,,,203,531,Hotel,,Bar/Lounge|Air conditioning|Airport transportation|Family Friendly,Breakfast included,是,2026 Travelers' Choice,"Charming hotel in vibrant Trastevere with a peaceful courtyard of orange and lemon trees. Rooms surround the garden. Close to bars, restaurants, and nightlife. Excellent breakfast and helpful staff.",,,"The Hotel Santa Maria is an Hotel de Charme located in a 16th century cloister completely renovated in the year 2000 maintaining the flavour of the original construction. It makes a very pleasant base in a romantic and relaxing ambience. The hotel is located in an historical area of central Rome in the heart of one of the most ancient and characteristic neighbourhoods of the city, Trastevere. Our guests can easily walk from the Hotel to the historical and archaeological beauties of the city. It is also possible to drive to the hotel with the parking available at the private Garage next to the Hotel. The Hotel rooms, connected by a monastic portico, face onto an ample and silent garden of orange-trees, flowers and Mediterranean plants, or onto our rooftop garden, framed by evergreen vines... perfect settings to enjoy your breakfast in the warm and sunny roman days , or just for relaxing after a day of sightseeing The Hotel has a number of bicycles should you wish to cycle through the alleys of ancient Rome. The Hotel is Internet connected by secured Wireless Lan. You can comfortably use your PC where you like: at the lounge Bar, in the garden or in your room. If you are travelling without your PC, a computer with free Internet connection is at your disposal in the Living Room. You can relax in the romantic atmosphere of our bar or our garden with a glass of excellent wine, chosen from the selection of refined Italian wines stocked in our Cellar (from Vermentino di Gallura to Brunello di Montalcino), before you venture out into the narrow streets of Trastevere in search of a good trattoria or restaurant. After site-seeing in the ' Eternal City ' , our rooftop garden, framed by evergreen vines, with lounge chairs facing the sun, awaits you for relaxation in an ambience of refined comfort. You may refer to our Staff regarding any problems, desires, or needs you may have. Tiziana, Arianna, Chiara, Paola, Malina, Pasquale and Alessandro will always be ready and available to assist you to the best of their ability. Their responses will be accompanied voluntarily by a friendly smile. Kind guest, you will be our welcome friend!"
rome,2,30,634943,Hotel Indigo Rome - St. George By IHG,https://dynamic-media-cdn.tripadvisor.com/media/photo-o/31/12/ab/e9/a-view-like-no-other.jpg,https://www.tripadvisor.co.uk/Hotel_Review-g187791-d634943-Reviews-Hotel_Indigo_Rome_St_George_By_IHG-Rome_Lazio.html,4.7,2285,"#25 of 1,168 hotels in Rome",53,7168,"Via Giulia 62, 00186 Rome Italy",+39 06 686611,41.898205,12.466202,Rome,$754,$754,366,992,Hotel,,Spa|Restaurant|Bar/Lounge|Fitness centre,Sponsored,是,2026 Travelers' Choice,"Modern hotel in a quiet yet central location near Rome’s top sites. Features elegant rooms, rooftop bar with city views, spa with Roman baths, and easy access to dining, shopping, and attractions.",,,"Welcome to Hotel Indigo Rome - St. George. The hotel boasts a privileged position for discovering the wonders of the Eternal City. 5 star luxury boutique hotel located in the enchanting Via Giulia, in the heart of the historic center of Rome, a few steps from Piazza Navona, Campo de' Fiori, Castel Sant'Angelo and the Vatican Museums. The boutique Hotel Indigo® Rome - St. George is characterized by an atmosphere full of charm and history. The ancient Renaissance walls surround the contemporary design environments and the modern interiors blend perfectly with important historical testimonies. The large travertine stones on the facade, which come from the Colosseum, recall the shape of modern sofas. The building's Renaissance style and travertine marble walls decorate the lobby, restaurant and bar, all examples of great eras. During the summer season, the restaurant moves to the internal courtyard and the bar moves to the panoramic roof terrace weather permitting."
rome,1,0,3244512,The Independent Hotel,https://dynamic-media-cdn.tripadvisor.com/media/photo-o/2b/0a/fe/12/caption.jpg,https://www.tripadvisor.co.uk/Hotel_Review-g187791-d3244512-Reviews-The_Independent_Hotel-Rome_Lazio.html,4.7,2118,"#129 of 1,168 hotels in Rome",242,7168,"Via Volturno 48, 00185 Rome Italy",+39 06 445 2657,41.903927,12.500681,Rome,,,202,540,Hotel,,Bar/Lounge|Fitness centre|Air conditioning|Airport transportation,,是,2026 Travelers' Choice,"Conveniently located near Termini station, this hotel features a rooftop terrace with stunning views, a rooftop bar, and well-equipped rooms. Highlights include great service and easy access to attractions.",,,"Il The Independent Hotel è un elegante hotel 4 stelle situato nel cuore di Roma, a pochi passi dalla Stazione Termini e dalle principali attrazioni turistiche. Con camere moderne e funzionali, il nostro hotel offre un comfort senza pari, perfetto per ogni tipo di soggiorno, sia che tu stia visitando la città per piacere o per lavoro. Ogni camera è dotata di Wi-Fi gratuito, aria condizionata, TV a schermo piatto e minibar. Un'esperienza unica ti aspetta alla Terrazza Cielo, un esclusivo rooftop che offre una vista mozzafiato sui tetti di Roma. Qui potrai gustare una colazione gourmet o semplicemente rilassarti con un drink, ammirando il panorama della Capitale. La posizione centrale, unita ai servizi di alta qualità, rende il nostro hotel la scelta ideale per chi cerca comfort, stile e convenienza. Il nostro staff, sempre disponibile e professionale, è pronto a rendere il tuo soggiorno speciale."
rome,2,30,5281487,Rome Life Hotel,https://dynamic-media-cdn.tripadvisor.com/media/photo-o/09/23/7a/0f/rome-life-hotel.jpg,https://www.tripadvisor.co.uk/Hotel_Review-g187791-d5281487-Reviews-Rome_Life_Hotel-Rome_Lazio.html,4.7,1866,"#51 of 1,168 hotels in Rome",118,7168,"Via Palermo 10/12, 00184 Rome Italy",+39 06 9929 1210,41.898712,12.491451,Rome,$206,$206,184,694,Hotel,,Bar/Lounge|Air conditioning|Family Friendly|Free Wifi,,是,2026 Travelers' Choice,"Modern hotel in a prime location near major attractions like the Trevi Fountain and Colosseum. Spacious rooms with comfortable beds, rooftop bar, complimentary mini bar, and nearby dining options.",,,"The Rome Life Hotel is located in the heart of the city, one block from Via Nazionale know for shopping, less 10 minutes walk to Trevi Fountain, Piazza di Spagna and the Coliseum.Everything, from furniture to ambient lighting, has been specifically designed for the Rome Life Hotel creating an exclusive and modern hotel."
rome,2,30,456489,Hotel Manfredi Suite In Rome,https://dynamic-media-cdn.tripadvisor.com/media/photo-o/32/f0/62/9e/luxurious-quadruple-suite.jpg,https://www.tripadvisor.co.uk/Hotel_Review-g187791-d456489-Reviews-Hotel_Manfredi_Suite_In_Rome-Rome_Lazio.html,4.7,1708,"#61 of 1,168 hotels in Rome",134,7168,"Via Margutta, 61, 00187 Rome Italy",+39 06 320 7676,41.907375,12.480962,Rome,$195,$195,225,660,Hotel,,Restaurant|Bar/Lounge|Air conditioning|Airport transportation,Breakfast included,是,2026 Travelers' Choice,"Centrally located hotel near the Spanish Steps on a quiet street. Close to shops, restaurants, and sights. Features a Michelin-starred rooftop restaurant and bar with stunning views.",,,"Romantic hotel full of charm in a 17th century building in via Margutta, recently renovated with all technological services and high efficiency on the green. The welcome and kindness are a mix of ancient traditions of the family that has managed it for more than 50 years, now in its third generation. The location is that of Piazza di Spagna in the historic center of Rome, a stone's throw from the monuments of Trinità dei Monti, Piazza del Popolo, Colosseum, Trevi Fountain, Piazza Navona, Vatican and Pantheon. In the area we find excellent restaurants and all the most important high fashion boutiques, Metro A is also just a few steps away. Different categories of rooms and suites are available to customers, all splendidly furnished in a classic style, and equipped with all the best modern comforts. The intercontinental breakfast, the pride of the Hotel, is prepared fresh at home every day with handcrafted products selected from the best Made in Italy brands."
rome,2,30,7976127,A Roma Lifestyle Hotel,https://dynamic-media-cdn.tripadvisor.com/media/photo-o/33/3a/6b/d3/caption.jpg,https://www.tripadvisor.co.uk/Hotel_Review-g187791-d7976127-Reviews-A_Roma_Lifestyle_Hotel-Rome_Lazio.html,4.6,4839,"#136 of 1,168 hotels in Rome",250,7168,"Via Giorgio Zoega 59, 00164 Rome Italy",+39 06 8780 0168,41.87488,12.43277,Rome,$252,$252,205,513,Hotel,,Free parking|Pool|Spa|Restaurant,Breakfast included,是,2026 Travelers' Choice,"Tranquil hotel surrounded by lush greenery, featuring modern rooms, spa facilities, indoor and outdoor pools, and a deck with views of Rome. Shuttle service offers easy access to city center and Vatican.",,,"Whether you're visiting Rome for business or for pleasure, the all new A.Roma Lifestyle Hotel and conference centre is the perfect place to stay. Located only 20 minutes from the main airport, this luxury hotel and wellness spa gives you a 4 star comfort in a stylish setting. Close to St Peter's Square, the hotel is the perfect venue for business conferences, weddings and leisure travel. From the gourmet show kitchen restaurant to the stunning gardens, Wellness Spa and outdoor pool, you'll love your stay at A.Roma Lifestyle Hotel. The hotel has been carefully constructed to blend-in with the stunning Italian surroundings of the Eternal City, where attentive staff are on hand to help with your every need during your stay. Bring the family or invite your business associates to join you at A.Roma Lifestyle Hotel."
rome,6,150,543473,Trilussa Palace Hotel,https://dynamic-media-cdn.tripadvisor.com/media/photo-o/0e/5e/c4/8b/trilussa-palace-congress.jpg,https://www.tripadvisor.co.uk/Hotel_Review-g187791-d543473-Reviews-Trilussa_Palace_Hotel-Rome_Lazio.html,4.6,3038,"#60 of 1,168 hotels in Rome",132,7168,"Piazza Ippolito Nievo 27, 00153 Rome Italy",+39 06 588 1963,41.880054,12.466291,Rome,,,139,402,Hotel,,Pool|Spa|Bar/Lounge|Fitness centre,,是,2026 Travelers' Choice,"Hotel in lively Trastevere with easy access to trams and buses, walking distance to restaurants and attractions. Features private spa, rooftop bar with views, and helpful staff. Comfortable rooms.",,,"Welcome to Trilussa Palace Wellness & SPA, your 4 star Hotel in Rome! The Trilussa Palace, is an exclusive place for who wants to spend a pleasant holiday in Rome. Thanks to its location is the ideal place for discovering the beauties of the city in comfort. The hotel offers different types of rooms to meet the different needs of its guests: who travels with family, for business, for couples and for friends. After a day of walking or working, guests can finally enjoy a relaxing atmosphere in the exclusive SPA and being pampered by massages, rose petals and hot drinks. The historical centre is easily accessible. The hotel is indeed located in Trastevere area, a few minutes walk from Santa Maria in Trastevere."
rome,2,30,203130,"Hotel Canada, BW Premier Collection",https://dynamic-media-cdn.tripadvisor.com/media/photo-o/0e/d5/64/b1/hotel-canada-la-vostra.jpg,https://www.tripadvisor.co.uk/Hotel_Review-g187791-d203130-Reviews-Hotel_Canada_BW_Premier_Collection-Rome_Lazio.html,4.6,2850,"#77 of 1,168 hotels in Rome",158,7168,"Via Vicenza 58, 00185 Rome Italy",+39 06 445 7770,41.905067,12.505619,Rome,$210,$210,155,448,Hotel,,Bar/Lounge|Airport transportation|Free Wifi,,是,2026 Travelers' Choice,"Charming hotel in Rome with a prime location near Termini Station and Castro Pretorio metro. Features a historical ambiance, complimentary breakfast, small bar, and easy access to restaurants and shops.",,,"In an elegant historic building in the centre of Rome, the Hotel Canada represents the outcome of Hoteliers' generations experience. It shows the ancient tradition of hospitality that renews itself every day. A recent refurbishment has rediscovered the original architecture of the building. It was constructed in 1870 in order to provide accommodation for officers from the nearby barracks of Castro Pretorio. The Hotel Canada is easily reachable from ""Termini Station"" (500 m), the most important station of the Eternal City and the main rail yard of Italy. This Station is well connected with both airports of Rome: Roma Leonardo da Vinci/ Fiumicino and Roma Ciampino. The Hotel Canada is located in an ideal spot to visit the very historic centre of Rome. It is close to the subway (Line B, Castro Pretorio's stop) that allows every guest to reach the downtown in just a few minutes."
rome,5,120,597288,Hotel Diocleziano,https://dynamic-media-cdn.tripadvisor.com/media/photo-o/33/be/59/3d/caption.jpg,https://www.tripadvisor.co.uk/Hotel_Review-g187791-d597288-Reviews-Hotel_Diocleziano-Rome_Lazio.html,4.6,2737,"#73 of 1,168 hotels in Rome",153,7168,"Via Gaeta, 71, 00184 Rome Italy",+39 06 4890 0767,41.904034,12.499615,Rome,,,134,399,Hotel,,Bar/Lounge|Fitness centre|Air conditioning|Airport transportation,,是,2026 Travelers' Choice,"Classic hotel near Termini train station with well-maintained rooms and a mix of European and American breakfast options. Convenient location for dining, shopping, tourist sites, and public transport.",,,"Tucked in a quiet street, just behind the Diocletian Baths, the Hotel Diocleziano is a haven in the hustle and bustle of Rome's city centre! Just a 5 minute walk from Termini Train Station, the main bus routes and the metro lines A and B, Hotel Diocleziano is the perfect starting point for discovering the Eternal City. All our 35 rooms are equipped with Wi-Fi connection and daily restocked mini-bar - completely free! Not to mention the complimentary gym and sauna, where guests can relax after a busy day sightseeing. And if you are lucky enough to find it available, make sure you book the Deluxe Room. Its spacious terrace, overlooking the ruins of the Diocletian Baths, is a private window to History... If you are looking for a cosy and relaxing hotel, with a friendly multilingual staff, happy to cater to all your needs 24/7, then you might just have found your place in downtown Rome! Diocleziano STAFF"
rome,6,150,190138,"Rome Cavalieri, A Waldorf Astoria Hotel",https://dynamic-media-cdn.tripadvisor.com/media/photo-o/2d/e8/68/a5/pool.jpg,https://www.tripadvisor.co.uk/Hotel_Review-g187791-d190138-Reviews-Rome_Cavalieri_A_Waldorf_Astoria_Hotel-Rome_Lazio.html,4.5,7668,"#175 of 1,168 hotels in Rome",317,7168,"Via Alberto Cadlolo 101, 00136 Rome Italy",+39 06 35091,41.91883,12.446622,Rome,,,468,1275,Hotel,,Pool|Spa|Restaurant|Bar/Lounge,,是,2026 Travelers' Choice,"Luxurious hotel with stunning city and Vatican views, exceptional service, complimentary city center shuttle, airport transfers, renowned dining, and an elegant lounge. Ideal for an upscale Rome stay.",,,"Overlooking the panorama that has inspired visitors for centuries is Rome's most prestigious address – the Rome Cavalieri hotel. Though only minutes from the city's great monuments, the Rome Cavalieri has the tranquility of an oasis. Enclosed in fifteen acres of lush Mediterranean parklands, this luxury hotel is a calm retreat in the heart of the Eternal City, an elegant refuge where time slows and hearts quicken.The first hotel in Europe to be part of the exclusive Waldorf Astoria Hotels & Resorts, the Rome Cavalieri hotel is more than just a 5–star property. It's the pre-eminent luxury hotel in Rome, with an art collection that outshines many museums, a Grand Spa that would be the envy of a prestige health resort, and standards of luxury that set it apart from other Rome hotels. The Rome Cavalieri brings new meaning to notions of Italian style, and new purpose to the fine art of exclusive hospitality."
rome,2,30,203172,Marcella Royal Hotel,https://dynamic-media-cdn.tripadvisor.com/media/photo-o/1c/05/73/06/rooftop-garden.jpg,https://www.tripadvisor.co.uk/Hotel_Review-g187791-d203172-Reviews-Marcella_Royal_Hotel-Rome_Lazio.html,4.5,4122,"#80 of 1,168 hotels in Rome",163,7168,"Via Flavia 106, 00187 Rome Italy",+39 06 4201 4591,41.90788,12.49812,Rome,$164,$164,161,502,Hotel,,Bar/Lounge|Air conditioning|Airport transportation|Free Wifi,Breakfast included,是,2026 Travelers' Choice,"Elegant turn-of-the-century hotel with a central location near top attractions like the Trevi Fountain and Spanish Steps. Features a stunning rooftop garden with panoramic views, a bar, and a restaurant. Guests praise the stylish decor, excellent service, and nearby authentic dining options.",,,"See why so many travellers make Marcella Royal Hotel their hotel of choice when visiting Rome. Providing an ideal mix of value, comfort and convenience, it offers a romantic setting with an array of amenities designed for travellers like you.
Free wifi is offered to guests, and rooms at Marcella Royal Hotel offer a flat screen TV, a minibar, and air conditioning.
During your stay, take advantage of some of the amenities offered, including room service, a concierge, and a rooftop terrace. Guests of Marcella Royal Hotel are also welcome to enjoy free breakfast, located on site.
While staying at Marcella Royal Hotel Rome, visitors can check out Colosseum (1.3 mi) and Pantheon (1.3 mi), some of Rome's top attractions.
During your visit, be sure to check out one of Rome's popular lobster restaurants such as La Pergola, Ristorante Aroma at Palazzo Manfredi, and Ad Hoc, all a short distance from Marcella Royal Hotel Rome.
Rome is also known for some great natural history museums, including Orto Botanico di Roma, Museo di Geologia, and Collezioni Paleontologiche dell'APAT, which are not too far from Marcella Royal Hotel.
We’re sure you’ll enjoy your stay at Marcella Royal Hotel as you experience all of the things Rome has to offer."
rome,116,3450,252734,River Palace Hotel,https://dynamic-media-cdn.tripadvisor.com/media/photo-o/2c/1f/da/de/lobby.jpg,https://www.tripadvisor.co.uk/Hotel_Review-g187791-d252734-Reviews-River_Palace_Hotel-Rome_Lazio.html,4.5,3214,"#165 of 1,168 hotels in Rome",296,7168,"Via Flaminia, 33, 00196 Rome Italy",+39 06 830011,41.913364,12.475106,Rome,$155,$155,142,446,Hotel,,Bar/Lounge|Air conditioning|Airport transportation|Family Friendly,Sponsored|Breakfast included,否,,"Elegant hotel with Roman character and clean, compact rooms. Prime location near Piazza del Popolo and key attractions. Excellent breakfast with diverse options, including pastries and Prosecco. Charming bar and outdoor seating.",,,"Thanks to the location, at the same time central and quiet, and to the excellent service delivered to our Guests, aligned to the highest international standards, the River Palace, 4 star boutique hotel of the City center, represents the ideal place to stay in Rome whether your visit is for leisure or for business purposes. The Hotel is located in the heart of the City, steps from Piazza del Popolo, Villa Borghese gardens and from the other key places: Spanish Steps and its famous boutiques, Trevi Fountain, Pantheon and Piazza Navona are at walking distance (15 minutes)."
rome,5,120,316644,Hotel Raffaello - Sure Hotel Collection by Best Western,https://dynamic-media-cdn.tripadvisor.com/media/photo-o/34/32/0a/c0/shc-hotel-raffaello-superior.jpg,https://www.tripadvisor.co.uk/Hotel_Review-g187791-d316644-Reviews-Hotel_Raffaello_Sure_Hotel_Collection_by_Best_Western-Rome_Lazio.html,4.5,3146,"#120 of 1,168 hotels in Rome",228,7168,"Via Urbana 3/5, 00184 Rome Italy",+39 06 488 4342,41.897816,12.495589,Rome,$201,$201,186,568,Hotel,,Air conditioning|Airport transportation|Family Friendly|Free Wifi,,是,2026 Travelers' Choice,"Modern hotel near Roma Termini and key landmarks. Features spacious family rooms, rooftop bar with views, lounge with pastries, and vegetarian dining options. Quiet street with nearby dining and attractions.",,,"Hotel Raffaello - Sure Hotel Collection by Best Western is a 3-star hotel situated in a quiet street in the Rione Monti, one of the historical quarters of the capital. From here you can reach all the monuments and places of interest within a few minutes' walk: Termini Train Station, Colosseum, The lmperial Forums, Piazza Venezia and the Basilica di Santa Maria Maggiore. There is also the Metro subway that connects to the Vatican Museums and the rest of the city. Cosy, welcoming, furnished with classic taste in shades of gold, blue and red, the rooms of the Hotel Raffaello in Rome have been devised to offer a comfortable retreat, a place to enjoy some quiet time after days spent visiting museums and shops. Hotel Raffaello - Sure Hotel Collection by Best Western offers 41 comfortable rooms equipped with flat screen satellite, minibar, free smartphone service To customize your stay, pillow menu, air-conditioning. safe, slippers and quality courtesy set. Superior suites have a beautiful private terrace overlooking the city, the ideal place to sit down and enjoy a cup of tea in a peaceful and quiet atmosphere while gazing out over the red roofs of Rome."
rome,3,60,1510471,UNA Hotels Decò Roma,https://dynamic-media-cdn.tripadvisor.com/media/photo-o/15/04/0c/7c/esterno.jpg,https://www.tripadvisor.co.uk/Hotel_Review-g187791-d1510471-Reviews-UNA_Hotels_Deco_Roma-Rome_Lazio.html,4.4,3814,"#209 of 1,168 hotels in Rome",380,7168,"Via Giovanni Amendola 57, 00185 Rome Italy",+39 06 649371,41.899982,12.499678,Rome,$230,$230,169,620,Hotel,,Restaurant|Bar/Lounge|Family Friendly|Free Wifi,,是,2026 Travelers' Choice,"Modern hotel near public transport and attractions, featuring spacious rooms, rooftop terrace, atrium, and exceptional breakfast buffet with a waffle maker. Offers friendly service and great value.",,,"Located within Rome’s historic centre and yet just moments from the city’s main train station, this hotel boasts an unbeatable location. Renowned for its exceptional customer service, the striking architectural design of this new hotel is reflected in its interior design, offering guests a taste of Italian art deco and modern comfort. With its popular restaurant, meeting and business facilities and wealth of tailored services, the 4-star Hotel Roma welcomes guests to Rome with warm Italian hospitality."
rome,5,120,1178206,NH Collection Roma Giustiniano,https://dynamic-media-cdn.tripadvisor.com/media/photo-o/30/13/d6/1e/gde-hdr-superior-new.jpg,https://www.tripadvisor.co.uk/Hotel_Review-g187791-d1178206-Reviews-NH_Collection_Roma_Giustiniano-Rome_Lazio.html,4.4,3605,"#64 of 1,168 hotels in Rome",138,7168,"Via Virgilio, 1 E/F/G, 00193 Rome Italy",+39 06 6828 1601,41.90694,12.465694,Rome,,,246,643,Hotel,,Restaurant|Bar/Lounge|Fitness centre|Airport transportation,,是,2026 Travelers' Choice,"Modern hotel in the Prati neighborhood near the Vatican and Castel Sant’Angelo. Walking distance to attractions, shopping, and dining. Spacious rooms, local activity recommendations, and easy access to transit.",,,"The NH Collection Roma Giustiniano hotel in Rome is right in the fashionable Prati district near many restaurants, shops, and cafes. 5 minutes walking from the Vatican and Castel Sant’Angelo, the 4-star hotel NH Collection Roma Giustiniano is ideally located for discovering Rome."
rome,2,30,208553,Kolbe Hotel Rome,https://dynamic-media-cdn.tripadvisor.com/media/photo-o/06/fd/a1/e3/kolbe-hotel-rome.jpg,https://www.tripadvisor.co.uk/Hotel_Review-g187791-d208553-Reviews-Kolbe_Hotel_Rome-Rome_Lazio.html,4.4,3168,"#74 of 1,168 hotels in Rome",154,7168,"Via Di San Teodoro, 48, 00186 Rome Italy",+39 06 679 8866,41.89003,12.483906,Rome,$226,$226,207,682,Hotel,,Restaurant|Bar/Lounge|Air conditioning|Airport transportation,Breakfast included,是,2026 Travelers' Choice,"Centrally located hotel near Palatine Hill, Roman Forum, and Colosseum. Features a beautiful garden for dining, modern amenities, helpful staff, and a highly rated restaurant and cocktail bar.",,,"With its enviable location, the Kolbe Hotel Rome is the ideal hotel to discover the beauties of the Eternal City. This 4-star hotel is located in front of the Palatine and close to the Roman Forum, Capitoline Hill and Colosseum. The main attractions, as well as the main shopping streets and restaurants of Trastevere are easily reachable on foot. The hotel has 72 rooms, all recently renovated and equipped with WiFi and all modern comforts. Most of the rooms overlook the Palatine Hill or the enchanting internal garden. Several spacious rooms for families are available. Guests can also enjoy a charming garden, sipping a coffee outdoors or enjoying the refined cuisine of our restaurant ‘Unique Al Palatino’, which blends the flavors of Roman tradition with new culinary trends. The hotel is also well connected to the Vatican, Termini station and every area of ​​the city. We look forward to welcoming you!"
rome,2,30,3964772,Rome Times Hotel,https://dynamic-media-cdn.tripadvisor.com/media/photo-o/33/46/65/14/caption.jpg,https://www.tripadvisor.co.uk/Hotel_Review-g187791-d3964772-Reviews-Rome_Times_Hotel-Rome_Lazio.html,4.4,2451,"#187 of 1,168 hotels in Rome",333,7168,"Via Milano, 42 Rione Monti Area, 00184 Rome Italy",+39 06 9934 5101,41.8986,12.4905,Rome,$222,$222,174,634,Hotel,,Bar/Lounge|Fitness centre|Air conditioning|Family Friendly,,是,2026 Travelers' Choice,"Centrally located hotel within walking distance of major attractions like the Trevi Fountain and Colosseum. Surrounded by restaurants, bars, and shops. Convenient access to public transportation.",,,"Located in the authentic heart of Rome, within the elegant setting of the Rione Monti district and along the renowned Via Nazionale — famous for its shopping, vibrant atmosphere, and strategic location — Rome Times Hotel is a refined contemporary boutique hotel designed for international travelers seeking style, comfort, and exclusivity. The property enjoys a privileged location, less than a ten-minute walk from some of Rome’s most iconic landmarks, including the Trevi Fountain, Piazza di Spagna, and the Colosseum, allowing guests to experience the Eternal City with complete freedom and convenience. Rome Times Hotel stands out for its sophisticated modern design, created to offer an elegant and immersive hospitality experience. Every space has been custom-designed: from the furnishings to the lighting, each detail contributes to a distinctive, contemporary, and exclusive atmosphere."
rome,2,30,230405,nhow Roma Vittorio Veneto,https://dynamic-media-cdn.tripadvisor.com/media/photo-o/33/ef/0b/e2/nhow-roma-room-imperial.jpg,https://www.tripadvisor.co.uk/Hotel_Review-g187791-d230405-Reviews-Nhow_Roma_Vittorio_Veneto-Rome_Lazio.html,4.3,3518,"#83 of 1,168 hotels in Rome",167,7168,"Corso d'Italia 1, 00198 Rome Italy",+39 342 621 5093,41.910183,12.490227,Rome,$188,$188,193,617,Hotel,,Restaurant|Bar/Lounge|Fitness centre|Air conditioning,,是,2026 Travelers' Choice,"Centrally located hotel near iconic attractions like the Spanish Steps and Villa Borghese. Features renovated spaces, a plentiful breakfast buffet, attentive staff, local dining options, and tranquil charm.",,,"nhow Roma Vittorio Veneto, formerly known as NH Collection Roma Vittorio Veneto, is a modern building in the heart of Rome and is built on the site of an ancient convent. It is located in one of the most prestigious neighborhoods in Rome, close to the Villa Borghese gardens and Via Veneto. You can take a stroll through Villa Borghese Park or enjoy shopping and fine dining close by. The Spanish Steps, Piazza del Popolo and Bioparco di Roma are near the hotel. nhow Roma Vittorio Veneto has 260 rooms finished in a minimalist style with refined textures and a light palette. A pillow menu, professional hairdryers, rain-effect showers and nhow toiletries will ensure your comfort. Enjoy an authentic Italian espresso from the Lavazza coffee machine in your elegant room. Some of the rooms have beautiful views of Villa Borghese Park. Breakfast is a lavish affair, with a particulary scrumptious selection of croissants and local specialties. Enjoy lunch and dinner at the elegant LUDO restaurant a"
rome,5,120,1145313,H10 Roma Città,https://dynamic-media-cdn.tripadvisor.com/media/photo-o/09/a2/ea/47/h10-roma-citta.jpg,https://www.tripadvisor.co.uk/Hotel_Review-g187791-d1145313-Reviews-H10_Roma_Citta-Rome_Lazio.html,4.3,2926,"#255 of 1,168 hotels in Rome",471,7168,"Via Amedeo Avogadro, 35, 00146 Rome Italy",+39 06 556 5215,41.867275,12.471382,Rome,,,150,311,Hotel,,Pool|Restaurant|Bar/Lounge|Fitness centre,Breakfast included,是,2026 Travelers' Choice,"Modern hotel in a residential area with spacious rooms, rooftop pool, and gym. Rooftop bar with games and wide drink selection. Easy access to public transport and taxi services. Nearby dining options.",,,"Located in the Marconi district, a commercial area close to the neighbourhood of Trastevere, the H10 Roma Città combines modern trends with hints of Italian tradition. This hotel features 181 rooms, 7 meeting rooms with natural light and an outdoor swimming pool with a sun loungers area and jacuzzi for relaxing during your stay. It also benefits from the Despacio Beauty Centre and a wide range of Mediterranean and international cuisine available in its Uno Zero Uno restaurant and Lobby bar."
rome,142,4230,265528,Hotel Ponte Sisto,https://dynamic-media-cdn.tripadvisor.com/media/photo-o/11/7c/74/c6/luxury-club-room-belvedere.jpg,https://www.tripadvisor.co.uk/Hotel_Review-g187791-d265528-Reviews-Hotel_Ponte_Sisto-Rome_Lazio.html,4.3,2348,"#220 of 1,168 hotels in Rome",401,7168,"Via dei Pettinari 64, 00186 Rome Italy",+39 06 686 3100,41.89327,12.471829,Rome,,,225,513,Hotel,,Restaurant|Bar/Lounge|Air conditioning|Airport transportation,,否,,"Centrally located hotel near the Tiber River and Trastevere, featuring spacious rooms, a charming courtyard, rooftop bar with stunning views, and a plentiful breakfast. Ideal for exploring Rome’s major sights.",,,"Peaceful and quiet, the Hotel Ponte Sisto in Rome is located in a completely renovated historic building, enveloped in a relaxing atmosphere with a splendid garden filled with luxuriant palm trees and flowers from all over the world.The rooms are cozy and restful, able to keep the chaotic city or memories of a busy day at work at a distance to fill you will harmony and well-being within the bright marble furnishings and floral decorations.The friendly Hotel Ponte Sisto front desk staff takes care of all guest needs, booking excursions and guided tours, recommending clubs and restaurants to make your stay in Rome an unforgettable vacation or productive business trip."
rome,2,30,236151,Hotel Smeraldo,https://dynamic-media-cdn.tripadvisor.com/media/photo-o/06/e0/6e/d7/smeraldo-hotel.jpg,https://www.tripadvisor.co.uk/Hotel_Review-g187791-d236151-Reviews-Hotel_Smeraldo-Rome_Lazio.html,4.3,1891,"#31 of 1,168 hotels in Rome",74,7168,"Via Dei Chiavari 20, 00186 Rome Italy",+39 06 687 5929,41.89457,12.474492,Rome,$298,$298,175,717,Hotel,,Air conditioning|Airport transportation|Family Friendly|Free Wifi,Breakfast included,是,2026 Travelers' Choice,"Centrally located hotel near shops, restaurants, and major attractions. Features a beautifully refurbished main building, rooftop bar with city views, helpful reception, and easy access to Rome's highlights.",,,"Hotel Smeraldo is an excellent choice for travellers visiting Rome, offering a quaint environment alongside many helpful amenities designed to enhance your stay.
Free wifi is offered to guests, and rooms at Hotel Smeraldo offer a flat screen TV, air conditioning, and a desk.
During your stay, take advantage of some of the amenities offered, including a concierge and a rooftop terrace. Guests of Hotel Smeraldo are also welcome to enjoy free breakfast, located on site.
Close to some of Rome's most popular landmarks, such as Palatine Hill (0.8 mi) and Villa Borghese (1.6 mi), Smeraldo Hotel is a great destination for tourists.
Rome has plenty of French restaurants. So when you’re here, be sure to check out popular spots like Le Levain Roma, Crepes Galettes, and Valentyne, which are serving up some great dishes.
Plus, during your trip, don’t forget to check out some of the popular military museums, such as Museum of Allied Forces, Museo Storico della Motorizzazione Militare, and Museo Storico della Guardia di Finanza.
Enjoy your stay in Rome!"
rome,1,0,229422,Crowne Plaza Rome - St. Peter's By IHG,https://dynamic-media-cdn.tripadvisor.com/media/photo-o/30/c9/12/ff/pool-view.jpg,https://www.tripadvisor.co.uk/Hotel_Review-g187791-d229422-Reviews-Crowne_Plaza_Rome_St_Peter_s_By_IHG-Rome_Lazio.html,4.2,5527,"#126 of 1,168 hotels in Rome",236,7168,"Via Aurelia Antica 415, 00165 Rome Italy",+39 06 66420,41.888847,12.426076,Rome,$231,$231,205,428,Hotel,,Free parking|Pool|Spa|Restaurant,Sponsored,是,Travelers' Choice,"Resort-style hotel with indoor/outdoor pools, spa, tennis courts, and lush gardens. Offers an economical shuttle to city center, airport, and tourist sites, plus easy access to taxis and public transport.",,,"An upscale hotel with a tranquil garden, an outdoor pool and convenient transport links to Rome's historic heart. Crowne Plaza® Rome - St. Peter's hotel offers guests easy access to the city centre via the scheduled shuttle service or public transport just outside the hotel. If you're travelling to or from Fiumicino Airport (FCO), reserve your seat on our shuttle bus or book a private transfer. Closest metro station Cornelia is just over 1 km from the hotel. World-famous attractions such as Rome's Vatican Museums and the Sistine Chapel - home to Michelangelo's spectacular frescoes - are all within reach. The hotel is just steps away from Villa Pamphili city park and a few minutes from the old neighbourhood of Trastevere. Business travellers have access to a 24-hour Business Centre and 13 modern meeting rooms. Our dedicated Crowne Plaza Meetings Director takes care of all your event needs. The hotel offers free high speed Wi-Fi."
rome,12,330,228939,Mercure Rome Colosseum Centre,https://dynamic-media-cdn.tripadvisor.com/media/photo-o/0c/b4/fd/09/bar.jpg,https://www.tripadvisor.co.uk/Hotel_Review-g187791-d228939-Reviews-Mercure_Rome_Colosseum_Centre-Rome_Lazio.html,4.2,3028,"#273 of 1,168 hotels in Rome",506,7168,"Via Labicana 144, 00184 Rome Italy",+39 06 770021,41.890015,12.49808,Rome,,,241,528,Hotel,,Pool|Restaurant|Bar/Lounge|Air conditioning,,否,,"Modern hotel near the Colosseum with a rooftop pool, bar, and restaurant offering stunning views. Walking distance to major landmarks, restaurants, and public transport. Spacious ""privilege rooms"" available.",,,"A 4 star hotel in the heart of Rome, 200 m from the Colosseum and from the metro station, not far from the Eur business district and from the major archaeological sites, monuments and museums. Ideal for both business trips and holiday visits, the hotel offers 161 rooms, some boasting views of the Colosseum, all with satellite and pay TV, safe and airconditioning. Undercover pay parking, 1 meeting room, 2 bars. Outdoor swimming pool and roof top bar (open from May till September)."
rome,5,120,1934839,Occidental Aurelia,https://dynamic-media-cdn.tripadvisor.com/media/photo-o/12/4e/f8/6e/occidental-aurelia.jpg,https://www.tripadvisor.co.uk/Hotel_Review-g187791-d1934839-Reviews-Occidental_Aurelia-Rome_Lazio.html,4.2,2291,"#153 of 1,168 hotels in Rome",277,7168,"Via Di Torre Rossa 80, 00165 Rome Italy",+39 06 6601 7002,41.891724,12.426347,Rome,,,116,251,Hotel,,Pool|Restaurant|Bar/Lounge|Air conditioning,,是,2026 Travelers' Choice,"Located near public transport with easy access to the Vatican and city attractions. Surrounded by restaurants, frequent bus service, and metro nearby. Attentive staff and good value for travelers.",,,"A 14-minute walk from the nearest metro stop, this streamlined hotel in a 17th-century former monastery is also 3 km from St. Peter's Basilica and 8 km from the Colosseum. The casual rooms come with modern decor, free Wi-Fi, flat-screen TVs and desks, as well as minibars. Upgraded quarters add sofas. Room service is available. Amenities include a casual lobby bar, a gym and a garden. Parking is available, as is a breakfast buffet for a fee."
rome,29,840,203086,Hotel Morgana,https://dynamic-media-cdn.tripadvisor.com/media/photo-o/2c/29/4a/c5/guest-room.jpg,https://www.tripadvisor.co.uk/Hotel_Review-g187791-d203086-Reviews-Hotel_Morgana-Rome_Lazio.html,4.2,2228,"#340 of 1,168 hotels in Rome",621,7168,"Via Filippo Turati 33/37, 00185 Rome Italy",+39 06 446 7230,41.898884,12.50191,Rome,,,124,358,Hotel,,Bar/Lounge|Fitness centre|Air conditioning|Airport transportation,,否,,"Charming hotel near Termini station with cozy atmosphere and quirky character. Convenient access to transportation, nearby shops, and restaurants. Features a mix of renovated and traditional rooms.",,,"Hotel Morgana is a charming hotel, ideally located in the heart of central Rome and within walking distance to the main cultural and architectural landmarks as Coliseum, Trevi Fountain, Roman Forum and the Spanish Steps. Hotel Morgana is closed to Termini railway station and steps away from the main bus and subway lines stations thus it allows an easy access to any sites. Hotel Morgana features 121 spacious and luxurious guest rooms and suites that are stylishly designed with a fusion of comfort and elegance. You could choose between classic, deluxe, executive and master rooms. If you're travelling with your family, the Hotel Morgana you could either book a spacious quad rooms or a family room; family room is composed of two connecting double/twin rooms which ensure privacy and yet the comfort of having your kids close to you. Breakfast is included in the room rate; buffet breakfast is very rich with a wide choice of cold and hot dishes: bacon&eggs, selection of salami, cheese and ham, homemade bakery and bread, cereals, croissants fruits, salads and many other high quality Italian products."
rome,5,120,203093,Best Western Plus Hotel Universo,https://dynamic-media-cdn.tripadvisor.com/media/photo-o/0b/4b/33/9c/guest-room.jpg,https://www.tripadvisor.co.uk/Hotel_Review-g187791-d203093-Reviews-Best_Western_Plus_Hotel_Universo-Rome_Lazio.html,4.1,3010,"#148 of 1,168 hotels in Rome",269,7168,"Via Principe Amedeo 5/B, 00185 Rome Italy",+39 06 476811,41.900223,12.497457,Rome,,,178,514,Hotel,,Restaurant|Bar/Lounge|Fitness centre|Air conditioning,,是,2026 Travelers' Choice,"Conveniently located near Roma Termini and major attractions, with restaurants and shops nearby. Offers clean, spacious rooms, including triple options, and serves as an ideal base for exploring Rome.",,,"Best Western Plus Hotel Universo is a hotel just a few steps from Roma Termini Railway Station. Nearby there are landmarks such as the National Roman Museum, The Patriarchal Basilica of St. Mary Major and the Domus Aurea. The Hotel Universo has 197 rooms characterized by a high level of comfort and quality. The Hotel offers a well-equipped gym and wellness center ( Sauna and Turkish bath). The restaurant Quattro Stagioni offers personalized menus, from international to regional specialties. If not specified in the rate, Breakfast can be purchased at check-in at a cost of €18 per person per night. The Lounge Bar is the place to mingle with colleagues or simply to relax after your working day. The hotel’s strategic location is ideal for planning national and international meetings. The Hotel Universo has a Conference Center composed by 10 modern meeting rooms, equipped with functional devices with a maximum capacity of 700 people."
rome,1,0,281801,Mercure Roma Piazza Bologna,https://dynamic-media-cdn.tripadvisor.com/media/photo-o/2c/a9/a1/72/caption.jpg,https://www.tripadvisor.co.uk/Hotel_Review-g187791-d281801-Reviews-Mercure_Roma_Piazza_Bologna-Rome_Lazio.html,4.1,2650,"#224 of 1,168 hotels in Rome",405,7168,"Via Reggio Calabria 54, 00161 Rome Italy",+39 06 440741,41.91232,12.518606,Rome,$144,$144,111,300,Hotel,,Bar/Lounge|Fitness centre|Air conditioning|Pets Allowed,,是,2026 Travelers' Choice,"Modern hotel in a quiet neighborhood with easy metro access to city attractions. Clean rooms, friendly staff, breakfast buffet with gluten-free options, and nearby shops, restaurants, and bars.",,,"This hotel, just a few metres from the Metro and only 5 stops from the Colosseum, is an ideal starting point for tours of the historic center of Rome. The hotel is modern and comfortable, offering 113 soundproofed and air conditioned rooms, minibar and internet access. Other features of the hotel include covered pay parking, meeting room and a bar, serving quality wines by the glass. Located in a residential neighborhood with trendy restaurants and bars that suit all tastes and budgets and lot of shopping activities, this Hotel is appropriate both for leisure and business stays. Blending harmoniously into Piazza Bologna district with its own identity, colored by a special mural designed by a local street artist and projected onto the city rooftops through a relaxing terrace."
rome,1,0,1060784,Augusta Lucilla Palace,https://dynamic-media-cdn.tripadvisor.com/media/photo-o/1b/7c/1b/01/ricevimento.jpg,https://www.tripadvisor.co.uk/Hotel_Review-g187791-d1060784-Reviews-Augusta_Lucilla_Palace-Rome_Lazio.html,4.1,2220,"#252 of 1,168 hotels in Rome",464,7168,"Via Massimo d'Azeglio, 24, 00184 Rome Italy",+39 06 4893 9942,41.900116,12.497747,Rome,,,105,409,Hotel,,Bar/Lounge|Air conditioning|Airport transportation|Free Wifi,Breakfast included,是,2026 Travelers' Choice,"Conveniently located near Termini Station and the Colosseum, this hotel offers clean, comfortable rooms, multilingual staff, a large breakfast selection, and easy access to transportation and attractions.",,,"Everyone needs a place to lay their weary head. For travellers visiting Rome, Augusta Lucilla Palace is an excellent choice for rest and rejuvenation. Well-known for its quiet environment and proximity to great restaurants and attractions, Augusta Lucilla Palace makes it easy to enjoy the best of Rome.
Guest rooms offer a flat screen TV, a minibar, and air conditioning, and Augusta Lucilla Palace makes getting online easy as free wifi is available.
You can also take advantage of some of the amenities offered by the hotel, including 24 hour front desk, room service, and a concierge. In addition, guests can enjoy free breakfast during their visit. As an added convenience, there is parking available to guests.
Nearby landmarks such as Piazza Navona (1.3 mi) and Campo de' Fiori (1.4 mi) make Augusta Lucilla Palace Hotel a great place to stay when visiting Rome.
While you’re here, be sure to check out some of the cafes, including Romeow Cat Bistrot, Two Sizes -Tiramisù in Rome-, and La Casa del Caffe Tazza d Oro, all of which are a short distance from Augusta Lucilla Palace.
Looking to explore? Then look no further than Colosseum (0.7 mi), Villa Borghese (1.0 mi), and Galleria Borghese (1.0 mi), which are some popular Rome attractions – all conveniently located within walking distance of the hotel.
Whether you’re travelling for business, pleasure or both, Augusta Lucilla Palace is sure to make your visit to Rome one worth remembering."
rome,215,6420,259309,Mercure Roma Corso Trieste,https://dynamic-media-cdn.tripadvisor.com/media/photo-o/34/37/2e/0e/exterior.jpg,https://www.tripadvisor.co.uk/Hotel_Review-g187791-d259309-Reviews-Mercure_Roma_Corso_Trieste-Rome_Lazio.html,4.1,2114,"#251 of 1,168 hotels in Rome",463,7168,"Via Gradisca 31, 00198 Rome Italy",+39 06 852021,41.920837,12.513931,Rome,,,133,299,Hotel,,Bar/Lounge|Air conditioning|Pets Allowed|Free Wifi,,否,,"Modern city hotel with stylish design, garden area, and spacious outdoor patio. Features include deluxe rooms with balconies and hot tubs. Conveniently located near public transportation and attractions.",,,"Mercure Roma Corso Trieste is located just e few meters from the S.Agnese/Annibaliano metro station and only 6 stops from the Colosseum. 97 rooms all equipped with wooden floor, air conditioning, 2 free half-bottles of water in mini bar per stay, satellite LCD TV, tea and coffee making facilities, free wi-fi, telephone, high-speed internet, safe and hair dryer. A private paying parking and meeting room make our hotel a complete comfort hotel for both leisure and business stays."
rome,28,810,232888,Hotel Ariston,https://dynamic-media-cdn.tripadvisor.com/media/photo-o/2c/20/d5/1e/exterior-view.jpg,https://www.tripadvisor.co.uk/Hotel_Review-g187791-d232888-Reviews-Hotel_Ariston-Rome_Lazio.html,4.1,2026,"#338 of 1,168 hotels in Rome",619,7168,"Via Filippo Turati 16, 00185 Rome Italy",+39 06 446 5399,41.89896,12.501272,Rome,,,136,363,Hotel,,Bar/Lounge|Fitness centre|Air conditioning|Airport transportation,Breakfast included,否,,"Convenient hotel near Termini Station with easy access to Rome's attractions, dining, and public transportation. Features clean facilities, friendly staff, and amenities like Sky TV with English channels.",,,"The Hotel Ariston is an elegant, modern and comfortable 4 star hotel located in the historic center of Rome between the Basilica of Santa Maria Maggiore and Termini train station and within walking distance to the main cultural and architectural landmarks as Coliseum, Trevi Fountain, Roman Forum and the Spanish Steps. Hotel Ariston is closed to Termini railway station and steps away from the main bus and subway lines stations thus it allows an easy access to any sites. The entire building was renovated and the interiors have been furnished combining elegance with the latest technology. Our attentive and professional Team, will do everything to meet out Guest needs and to ensure a pleasant stay. Hotel Ariston features 84 spacious and luxurious guest rooms and suites that are stylishly designed with a fusion of comfort and elegance. You could choose between small double, standard, superior and executive rooms. If you're travelling with your family, the Hotel Ariston you could either book a spacious quad rooms. Breakfast is included in the room rate; buffet breakfast is very rich with a wide choice of cold and hot dishes: bacon&eggs, selection of salami, cheese and ham, homemade bakery and bread, cereals, fruits, salads and many other high quality Italian products. The strategic location makes the Hotel Ariston the ideal place for business meetings. We have a spacious meeting room on the top floor with natural daylight for up to 100 people. Internet wireless connection is free and available in the whole property: in all public areas and in every room."
rome,6,150,203199,Hotel Forum Roma,https://dynamic-media-cdn.tripadvisor.com/media/photo-o/2f/82/4b/f7/classic-double.jpg,https://www.tripadvisor.co.uk/Hotel_Review-g187791-d203199-Reviews-Hotel_Forum_Roma-Rome_Lazio.html,4.1,1891,"#278 of 1,168 hotels in Rome",511,7168,"Via Tor De’ Conti, 25, 00184 Rome Italy",+39 06 679 2446,41.8939,12.487686,Rome,,,230,594,Hotel,,Restaurant|Bar/Lounge|Air conditioning|Airport transportation,Breakfast included,是,2026 Travelers' Choice,"Charming hotel near the Colosseum and Forum with rooftop dining offering panoramic views. Close to shops, restaurants, and attractions. Spacious suites, friendly staff, and a rooftop bar for cocktails.",,,"The elegant and exclusive Forum hotel is situated in the very heart of the Eternal City, between Piazza Venezia and the Colosseum and just a short walk from many of Rome’s major attractions.The property features a lovely panoramic roof garden restaurant, with an amazing view of the Roman Forum, elegantly-furnished comfortable rooms, spacious lounges, parking, and meeting facilities."
rome,1,0,229102,Hotel Delle Nazioni,https://dynamic-media-cdn.tripadvisor.com/media/photo-o/2e/c1/2a/dc/caption.jpg,https://www.tripadvisor.co.uk/Hotel_Review-g187791-d229102-Reviews-Hotel_Delle_Nazioni-Rome_Lazio.html,4.1,1663,"#205 of 1,168 hotels in Rome",367,7168,"Via Poli 6, 00187 Rome Italy",+39 06 679 2441,41.90176,12.482532,Rome,$840,$840,187,1118,Hotel,,Restaurant|Bar/Lounge|Air conditioning|Airport transportation,Breakfast included,是,2026 Travelers' Choice,"Prime location steps from the Trevi Fountain, close to historical sites, shopping, and dining. Clean, charming rooms, friendly staff, and a rooftop patio. Great value and ideal for exploring Rome.",,,"See why so many travellers make Hotel delle Nazioni their hotel of choice when visiting Rome. Providing an ideal mix of value, comfort and convenience, it offers a charming setting with an array of amenities designed for travellers like you.
Free wifi is offered to guests, and rooms at Hotel delle Nazioni offer a flat screen TV, air conditioning, and a minibar.
During your stay, take advantage of some of the amenities offered, including a concierge and room service. Guests of Hotel delle Nazioni are also welcome to enjoy free breakfast, located on site.
Close to some of Rome's most popular landmarks, such as Palatine Hill (0.8 mi) and Trastevere (1.2 mi), Hotel delle Nazioni is a great destination for tourists.
While in Rome, you may want to check out some of the restaurants that are a short walk away from Hotel delle Nazioni, including Sora Lella (0.8 mi), Tonnarello (1.1 mi), and Trattoria Vecchia Roma (1.2 mi).
If you are interested in exploring Rome, check out a marina, such as Piazza del Porto di Ripetta.
We’re sure you’ll enjoy your stay at Hotel delle Nazioni as you experience all of the things Rome has to offer."
rome,114,3390,203141,Parco dei Principi Grand Hotel & SPA,https://dynamic-media-cdn.tripadvisor.com/media/photo-o/0c/42/0a/12/pool.jpg,https://www.tripadvisor.co.uk/Hotel_Review-g187791-d203141-Reviews-Parco_dei_Principi_Grand_Hotel_SPA-Rome_Lazio.html,4.1,1658,"#245 of 1,168 hotels in Rome",452,7168,"Via G. Frescobaldi, 5, 00198 Rome Italy",+39 06 854421,41.91778,12.491653,Rome,$372,$372,376,832,Hotel,,Pool|Spa|Restaurant|Bar/Lounge,Sponsored,否,,"Elegant hotel with classic charm, tranquil grounds, and a stunning pool area near Borghese Gardens. Features a spa, traditionally furnished rooms, and friendly service. Located in a quiet neighborhood.",,,"The Grand Hotel Parco dei Principiis superbly located on the border of the historic Borghese Gardens. The hotel has been painstakingly refurbished, recreating the opulence and richness of the patrician villas owned by Rome's nobility in the late 17th century. Beautiful wood paneling in the lobby, precious stuccoes and fabrics, valuable furniture pieces and classic artwork combine to make this a fabulous Roman hotel. The delighful guestrooms offer spelendid views over the city and Borghese Gardens."
rome,39,1140,203094,Hilton Garden Inn Rome Colosseum,https://dynamic-media-cdn.tripadvisor.com/media/photo-o/32/36/76/67/caption.jpg,https://www.tripadvisor.co.uk/Hotel_Review-g187791-d203094-Reviews-Hilton_Garden_Inn_Rome_Colosseum-Rome_Lazio.html,4,2319,"#292 of 1,168 hotels in Rome",538,7168,"Via Emanuele Filiberto 173, 00185 Rome Italy",+39 390 677 0121,41.88991,12.506675,Rome,,,168,467,Hotel,,Restaurant|Bar/Lounge|Air conditioning|Airport transportation,,否,,"Conveniently located near metro and major attractions like the Colosseum, offering spacious rooms and a breakfast buffet with diverse options. Easy access to authentic restaurants and sightseeing spots.",,,"Discover Rome starting from a comfortable and strategic location in the heart of the city. The Hilton Garden Inn Rome Colosseum is just a short walk from the Manzoni stop on Metro Line A, close to the Colosseum and well connected to the main transport networks, making it easy to reach Termini Station and all the Capital’s most iconic attractions. After a day immersed in art and history, treat yourself to a moment of relaxation in a welcoming environment, with services designed for your comfort: a restaurant, a pleasant bar where you can unwind, The Shop open 24/7 for snacks and drinks, a 24-hour self-service laundry, and a modern, fully equipped fitness center."
rome,187,5580,1436962,Hotel Twenty One,https://dynamic-media-cdn.tripadvisor.com/media/photo-o/03/48/c3/b7/twentyone-hotel.jpg,https://www.tripadvisor.co.uk/Hotel_Review-g187791-d1436962-Reviews-Hotel_Twenty_One-Rome_Lazio.html,4,2038,"#325 of 1,168 hotels in Rome",599,7168,"Via Cola di Rienzo 23, 00192 Rome Italy",+39 06 3260 9607,41.90909,12.469179,Rome,,,157,420,Hotel,,Restaurant|Bar/Lounge|Air conditioning|Airport transportation,Breakfast included,否,,"Modern hotel with stylish design and soundproofing. Convenient location near the Vatican, metro, shopping, and restaurants. Quiet area, balcony room upgrades available. Ideal for exploring Rome on foot.","The hotel is ideally situated if you want to walk to the Vatican and old Rome. 
Our bedroom (121) benefitted from a large balcony overlooking the main road, but was very small and dark with extremely limited storage...",G B,"Hotel Twentyone is a modern boutique hotel set on one of Romes best shopping streets. Castel SantAngelo and the historic centre are just a pleasant 10-minute walk away. Perfectly positioned on Via Cola di Rienzo, Twentyone Hotel allows you to explore the elegant Prati district, home to the Vatican and Saint Peters Basilica, with ease. Metro and bus links are located close by. Enjoy the hotels minimalist décor and ultra-modern interiors. All of Twentyones rooms come with LCD satellite TV, air conditioning, minibar, and free wired internet access. Friendly staff at the Twentyone will be happy to book transfers, guided tours and trips for you."
rome,4,90,229062,Best Western Globus Hotel,https://dynamic-media-cdn.tripadvisor.com/media/photo-o/33/65/64/94/camera-matrimoniale-standard.jpg,https://www.tripadvisor.co.uk/Hotel_Review-g187791-d229062-Reviews-Best_Western_Globus_Hotel-Rome_Lazio.html,4,1883,"#308 of 1,168 hotels in Rome",570,7168,"Viale Ippocrate, 119, 00161 Rome Italy",+39 06 445 7001,41.9071,12.5178,Rome,,,102,384,Hotel,,Restaurant|Bar/Lounge|Air conditioning|Airport transportation,Breakfast included,是,2026 Travelers' Choice,"Modern hotel in a residential area near the University. Clean, spacious rooms with family options, fridge, and tea/coffee facilities. Convenient to metro, trams, Termini station, cafes, and restaurants.",,,"The BEST WESTERN Globus Hotel is in the immediate vicinity of the Policlinico Umberto Primo hospital and ""La Sapienza"" University of Rome.Well connected by underground and public transport to Rome Termini central railway station, and therefore with the city's airports and other areas, the hotel is close to the city centre. Many of the city's tourist attractions, including the Baths of Diocletian and Piazza della Repubblica are within walking distance of the BEST WESTERN Globus Hotel."
rome,3,60,205879,Best Western Hotel Astrid,https://dynamic-media-cdn.tripadvisor.com/media/photo-o/0d/9e/a4/8a/exterior.jpg,https://www.tripadvisor.co.uk/Hotel_Review-g187791-d205879-Reviews-Best_Western_Hotel_Astrid-Rome_Lazio.html,4,1477,"#311 of 1,168 hotels in Rome",575,7168,"Largo Antonio Sarti, 4, 00196 Rome Italy",+39 06 323 6371,41.923443,12.468747,Rome,$84,$84,93,285,Hotel,,Air conditioning|Pets Allowed|Free Wifi,,是,2026 Travelers' Choice,"Conveniently located near the Tiber River and public transit for easy access to Rome’s center. Features modern rooms, rooftop breakfast, nearby dining options, cheerful staff, and good value.",,,"Best Western Hotel Astrid is located in Flaminio district, in a historic building that combines modern comfort with an exceptional view of St. Peter's Dome. Ideally located between Piazza del Popolo and Olympic Stadium, the hotel is situated in a small square overlooking Tiber River, just a stone's throw from Rome's historical centre. It is a family-run hotel which perfectly blends the warm Roman hospitality with the highest international hotel standards. Best Western Hotel Astrid offers a rooftop terrace with beautiful panorama view overlooking the city, including the Tiber River and St. Peter's Dome, and where every morning a rich breakfast will be offered to each guest, to start at best your day. Modern and comfortable, all rooms are decorated in warm colors giving to rooms a warm and welcoming atmosphere. All rooms have a private bathrooms and they are equipped with modern comforts including free WIFI, telephone, air conditioning and soft minibar for free. On top of that, the hotel's attentive staff will be pleased to help you for any need you might have, for a memorable stay in Rome. Best Western Hotel Astrid enjoys an exceptional location, thanks to the proximity of the Auditorium, Foro Italico and MAXXI museum, it is the ideal choice both for business travelers both for those who visit the city for pleasure."
rome,65,1920,203095,Best Western Hotel Artdeco,https://dynamic-media-cdn.tripadvisor.com/media/photo-o/33/ab/d8/a9/scala.jpg,https://www.tripadvisor.co.uk/Hotel_Review-g187791-d203095-Reviews-Best_Western_Hotel_Artdeco-Rome_Lazio.html,4,1451,"#347 of 1,168 hotels in Rome",633,7168,"Via Palestro 19, 00185 Rome Italy",+39 06 445 7588,41.906708,12.501952,Rome,$155,$155,119,324,Hotel,,Restaurant|Bar/Lounge|Air conditioning|Family Friendly,Sponsored,否,,"Conveniently located near Roma Termini and metro, with easy access to public transport and dining. Clean, comfortable rooms, helpful staff for sightseeing tips and reservations. Part of a global chain.",,,"See why so many travellers make Best Western Hotel Artdeco their hotel of choice when visiting Rome. Providing an ideal mix of value, comfort and convenience, it offers a quiet setting with an array of amenities designed for travellers like you.
For those interested in checking out popular landmarks while visiting Rome, Best Western Hotel Artdeco is located a short distance from Colosseum (1.2 mi) and Palatine Hill (1.3 mi).
You’ll enjoy relaxing rooms that offer a flat screen TV, air conditioning, and a minibar, and you can stay connected during your stay as Best Western Hotel Artdeco offers guests free wifi.
The hotel features 24 hour front desk, room service, and a concierge. Plus, Best Western Rome offers breakfast, providing a pleasant respite from your busy day. For guests with a vehicle, there is paid private parking available nearby.
During your visit, be sure to check out one of Rome's popular ribs restaurants such as Da Enzo Al 29, Hostaria Romana, and La Taverna dei Fori Imperiali, all a short distance from Rome Best Western.
Rome is also known for some great history museums, including Museum and Crypt of Capuchins, Musei Capitolini, and Le Domus Romane di Palazzo Valentini, which are not too far from Best Western Hotel Artdeco.
At Best Western Hotel Artdeco, your comfort and satisfaction come first, and they look forward to welcoming you to Rome."
rome,36,1050,232883,Hotel Miami,https://dynamic-media-cdn.tripadvisor.com/media/photo-o/09/91/23/0f/street--v9422926.jpg,https://www.tripadvisor.co.uk/Hotel_Review-g187791-d232883-Reviews-Hotel_Miami-Rome_Lazio.html,4,1221,"#286 of 1,168 hotels in Rome",531,7168,"Via Nazionale 230, 00184 Rome Italy",+39 06 481 7180,41.90101,12.49331,Rome,$117,$117,112,377,Hotel,,Air conditioning|Free Wifi,Sponsored,否,,"Conveniently located hotel on Via Nazionale near major attractions and train station. Clean, comfortable rooms, helpful staff, and good value. Surrounded by shops, restaurants, and tourist sites.",,,"Finding an ideal quiet hotel in Rome does not have to be difficult. Welcome to Hotel Miami, a nice option for travellers like you.
Guest rooms offer amenities such as a flat screen TV, air conditioning, and a minibar, and guests can go online with free wifi offered by the hotel.
Hotel Miami Rome features a concierge, to help make your stay more enjoyable. The property also boasts breakfast buffet.
Nearby landmarks such as Palatine Hill (0.7 mi) and Museo Nazionale di Castel Sant'Angelo (1.4 mi) make Miami Hotel a great place to stay when visiting Rome.
While visiting Rome, you may want to try some tapas at one of the nearby restaurants, such as Cul de Sac, PanDivino - Street Food, or Makasar Bistrot.
Plus, during your trip, don’t forget to check out some of the popular government buildings, such as Quirinale Palace (Palazzo del Quirinale), Palazzo di Giustizia, and Palazzo di Montecitorio - Sede della Camera dei Deputati.
Hotel Miami puts the best of Rome at your fingertips, making your stay both relaxing and enjoyable."
rome,3,60,250499,Hotel Degli Aranci,https://dynamic-media-cdn.tripadvisor.com/media/photo-o/2d/74/19/87/caption.jpg,https://www.tripadvisor.co.uk/Hotel_Review-g187791-d250499-Reviews-Hotel_Degli_Aranci-Rome_Lazio.html,4,1136,"#199 of 1,168 hotels in Rome",351,7168,"Via Barnaba Oriani 11, 00197 Rome Italy",+39 06 807 0202,41.92567,12.485159,Rome,$100,$100,115,287,Hotel,,Restaurant|Bar/Lounge|Air conditioning|Airport transportation,,是,2026 Travelers' Choice,"Chic boutique hotel in Rome's green Parioli area near Villa Borghese. Features a tranquil terrace, bar, and proximity to restaurants and bars. Quiet location with access to city center and attractions.",,,"Finding an ideal romantic hotel in Rome does not have to be difficult. Welcome to Hotel Degli Aranci, a nice option for travellers like you.
For those interested in checking out popular landmarks while visiting Rome, Hotel Degli Aranci is located a short distance from Trevi Fountain (1.7 mi) and Museo Nazionale di Castel Sant'Angelo (1.9 mi).
Rooms at Hotel Degli Aranci offer a flat screen TV, a minibar, and air conditioning providing exceptional comfort and convenience, and guests can go online with free wifi.
A concierge and room service are some of the conveniences offered at this hotel. A hot tub and a lounge will also help to make your stay even more special.
While you’re here, be sure to check out some of the pubs, including Ombre Rosse, Blackmarket 101, and Da Francesco, all of which are a short distance from Hotel Degli Aranci.
During your visit, be sure to check out popular attractions like Villa Borghese (0.9 mi), Galleria Borghese (0.9 mi), and Quartiere Coppedè (1.0 mi), which are all within walking distance of the hotel.
Hotel Degli Aranci looks forward to welcoming you on your visit to Rome."
rome,4,90,230404,Comfort Hotel Bolivar,https://dynamic-media-cdn.tripadvisor.com/media/photo-o/1d/2c/7a/b4/comfort-hotel-bolivar.jpg,https://www.tripadvisor.co.uk/Hotel_Review-g187791-d230404-Reviews-Comfort_Hotel_Bolivar-Rome_Lazio.html,4,1055,"#270 of 1,168 hotels in Rome",500,7168,"Via della Cordonata 6, 00187 Rome Italy",+39 06 679 1614,41.89705,12.486148,Rome,$189,$189,172,612,Hotel,,Bar/Lounge|Air conditioning|Airport transportation|Pets Allowed,Breakfast included,是,2026 Travelers' Choice,"Centrally located hotel within walking distance of Rome's top attractions, including the Colosseum and Trevi Fountain. Features a rooftop breakfast room with views, private parking, and a bar.","we stayed here as a family of 6 , 3 rooms and we had a lovely experience. The man on reception on check in was friendly and helpful as were all the staff on reception. 
It is an extremely clean hotel, quiet in a...",B H,"Comfort Hotel Bolivar is a prestigious four star hotel situated in the historic centre of Rome, at few steps away by Piazza Venezia, Fontana di Trevi, Piazza di Spagna, Colosseo, Foro Romano, Via Veneto and all the most important attractions of the Eternal City.This elegant four stars hotel takes advantages by its strategic position, the only one so close to the more important monuments and train station of the Capital as: Stazione Temini, Tiburtina, Tuscolana, Ostiense from whom it is easy to reach Fiumicino airport."
rome,189,5640,203069,NH Collection Roma Centro,https://dynamic-media-cdn.tripadvisor.com/media/photo-o/33/3b/4d/07/nh-collection-roma-centro.jpg,https://www.tripadvisor.co.uk/Hotel_Review-g187791-d203069-Reviews-NH_Collection_Roma_Centro-Rome_Lazio.html,3.9,2820,"#122 of 1,168 hotels in Rome",232,7168,"Via Dei Gracchi 324, 00192 Rome Italy",+39 06 328481,41.909615,12.468725,Rome,,,214,758,Hotel,,Restaurant|Bar/Lounge|Fitness centre|Air conditioning,,否,,"Elegant hotel near major landmarks like the Vatican and Spanish Steps. Features historic design, breakfast buffet, bar, concierge, and business amenities. Close to public transport, shops, and dining.",,,"The NH Collection Roma Centro hotel is located in a quiet and elegant residential area in Rome, very close to the Vatican City and the magnificent Castel Sant’ Angelo."
rome,38,1110,603739,Hotel Milton Roma,https://dynamic-media-cdn.tripadvisor.com/media/photo-o/17/bb/f8/11/hotel-milton-roma.jpg,https://www.tripadvisor.co.uk/Hotel_Review-g187791-d603739-Reviews-Hotel_Milton_Roma-Rome_Lazio.html,3.9,2119,"#435 of 1,168 hotels in Rome",865,7168,"Via Emanuele Filiberto 155, 00185 Rome Italy",+39 06 7720 7325,41.890568,12.506395,Rome,,,138,452,Hotel,,Bar/Lounge|Air conditioning|Airport transportation|Family Friendly,Breakfast included,否,,"Conveniently located near the Manzoni Metro, this hotel offers easy access to historic sites like the Colosseum. Features include a relaxing outdoor bar, varied breakfast buffet, and clean rooms.",,,"The Hotel Milton Rome is a beautiful 4-star hotel in the centre of Rome offering an ideal location for exploring the eternal city: the Coliseum is within a 10 minute walk and the Basilica of St John Lateran is only 5 minute away. The previous building was a XVIII monastery, completely refurbished and equipped with all the facilities of a modern 4-star hotel in Rome, such as free Wi-Fi and private car park (with fee)."
rome,200,5970,577598,Fabulous Village,https://dynamic-media-cdn.tripadvisor.com/media/photo-o/17/19/b5/3d/fabulous-village.jpg,https://www.tripadvisor.co.uk/Hotel_Review-g187791-d577598-Reviews-Fabulous_Village-Rome_Lazio.html,3.9,1994,"#79 of 1,720 Speciality lodging in Rome",1028,7168,"Via Di Malafede 205, 00125 Rome Italy",+39 055 029 8080,41.777466,12.396245,Rome,,,54,160,Camping/Caravan site,,Free parking|Pool|Restaurant|Bar/Lounge,,否,,"Family-friendly resort near Rome with multiple pools, entertainment, and sports facilities. Features a restaurant, onsite market, and convenient public transport access for exploring the city.","We stayed at the village in early May to use as a base to explore Rome, which it was great for.  You can buy a transport ticket from Eurocamp reception which can be used to catch the bus on the main road to the left...",Family wonderings!,"Fabulous village is located halfway between the center of Rome and the beaches of Ostia. It is the ideal place for a family vacation thanks to the many amenities the facility offers. A water park with lagoon, slide and whirlpools, restaurant, pizzeria, bar and ice cream shop, as well as a minimarket always stocked with everything you need for your stay. And more sports facilities so you won't have to give up physical activity even on vacation: tennis courts, beach volleyball, five-a-side football and miniature golf in addition to the ever-present entertainment during the summer and the playground for the little ones. The camping site extends within a centuries-old pine forest in which various types of accommodations are offered that can accommodate from 3 to 6 people, fully equipped pitches for those traveling in campers, caravans and tents."
rome,27,780,203198,Hotel Giolli Nazionale,https://dynamic-media-cdn.tripadvisor.com/media/photo-o/16/54/c1/8b/vibe-hotel-giolli-nazionale.jpg,https://www.tripadvisor.co.uk/Hotel_Review-g187791-d203198-Reviews-Hotel_Giolli_Nazionale-Rome_Lazio.html,3.9,1545,"#371 of 1,168 hotels in Rome",694,7168,"Via Nazionale, 69, 00184 Rome Italy",+39 06 488 2393,41.89924,12.491338,Rome,,,128,530,Hotel,,Restaurant|Air conditioning|Airport transportation|Family Friendly,Breakfast included,否,,"Centrally located boutique hotel within walking distance of major attractions like the Colosseum and Trevi Fountain. Surrounded by shops and restaurants. Comfortable rooms, friendly staff, and continental breakfast.",,,"Situated in the centre of Rome, the Hotel Giolli in Rome enjoys a prime and executive privileged position on the prestigious Via Nazionale, in the heart of the historical and commercial area.This late nineteenth century mansion house is situated very close to the Quirinale palace and opposite the Exhibition Hall.With the hotel Giolli in Rome as a comfortable and convenient base, you can visit all of Rome's major attractions and most recognised landmarks, allowing you to experience the city's awe-inspiring beauty, history and culture.Momuments, shops, restaurants and cafes are all within the immediate vicinity.Tastefully furnished and well equipped rooms, the Hotel Giolli in Rome offers authentic marble bathrooms, complete with hair dryer.Room amenities include, mini bar, satellite color TV, direct dial telephone, in room safe, key card access, wifi and smoke alarms.Hotel is completely air conditioned with sound proofed windows, doors and an advanced alarm system assuring total securtiy.The area has a rich selection of restaurants and shops, and is also home to several banks and ministries."
rome,51,1500,203151,Sina Bernini Bristol,https://dynamic-media-cdn.tripadvisor.com/media/photo-o/23/5a/3c/0d/lobby.jpg,https://www.tripadvisor.co.uk/Hotel_Review-g187791-d203151-Reviews-Sina_Bernini_Bristol-Rome_Lazio.html,3.9,1530,"#350 of 1,168 hotels in Rome",641,7168,"Piazza Barberini 23, 00187 Rome Italy",+39 390 648 8931,41.903942,12.489089,Rome,,,458,1072,Hotel,,Restaurant|Bar/Lounge|Fitness centre|Air conditioning,,否,,"Elegant hotel in Piazza Barberini with chic rooftop bar, stunning Rome views, and central location near Trevi Fountain and Spanish Steps. Beautiful rooms, attentive concierge, and rooftop dining.",,,"The Sina Bernini Bristol, Autograph Collection in Rome is the iconic hotel with over 140 years of rich history and considered to be one of the Eternal City’s hotellerie milestones. With its strategic position facing the stunning Piazza Barberini, located at the beginning of Via Veneto and a short walk from Piazza di Spagna and the Trevi Fountain, this luxury hotel has one of the most enviable locations. Each space has been renovated to celebrate Baroque art and reinterpreted in a modern style. For the most discerning palates, on the 8th floor Il Vizio restaurant boasts a stunning location thanks to the panoramic views overlooking the Eternal City."
rome,24,690,231292,Hotel Virgilio,https://dynamic-media-cdn.tripadvisor.com/media/photo-o/0e/47/30/01/entrance--v15307606.jpg,https://www.tripadvisor.co.uk/Hotel_Review-g187791-d231292-Reviews-Hotel_Virgilio-Rome_Lazio.html,3.9,1138,"#244 of 1,168 hotels in Rome",450,7168,"Via Palermo 30, 00184 Rome Italy",+39 06 488 4360,41.89903,12.492084,Rome,,,112,425,Hotel,,Air conditioning|Airport transportation|Free Wifi,Breakfast included,否,,"Centrally located hotel near Rome's major attractions, train station, and dining options. Clean, comfortable rooms with air conditioning. Friendly, helpful staff, daily cleaning, and convenient amenities.",,,"See why so many travellers make Hotel Virgilio their hotel of choice when visiting Rome. Providing an ideal mix of value, comfort and convenience, it offers a quiet setting with an array of amenities designed for travellers like you.
Rooms at Hotel Virgilio provide a flat screen TV and air conditioning, and guests can stay connected with free wifi.
In addition, while staying at Hotel Virgilio guests have access to 24 hour front desk, a concierge, and baggage storage. You can also enjoy free breakfast.
For those interested in checking out popular landmarks while visiting Rome, Virgilio Hotel is located a short distance from Palatine Hill (0.5 mi) and Museo Nazionale di Castel Sant'Angelo (1.4 mi).
Travellers looking to enjoy some falafel can head to Ba'Ghetto, Open Baladin Roma, or Nanu. Otherwise, you may want to check out a wine bar such as Ai Tre Scalini - Bottiglieria dal 1895, Mimi e Coco, or Il Chianti Osteria Toscana.
Plus, during your trip, don't forget to check out Colosseum (0.6 mi), Villa Borghese (1.0 mi), and Galleria Borghese (1.0 mi), some attractions that are a short walk from Virgilio Hotel.
We’re sure you’ll enjoy your stay at Hotel Virgilio as you experience all of the things Rome has to offer."
rome,72,2130,10198865,The Building Hotel,https://dynamic-media-cdn.tripadvisor.com/media/photo-o/11/37/40/17/lobby--v17775715.jpg,https://www.tripadvisor.co.uk/Hotel_Review-g187791-d10198865-Reviews-The_Building_Hotel-Rome_Lazio.html,3.9,1102,"#477 of 1,168 hotels in Rome",981,7168,"Via Montebello, 126, 00185 Rome Italy",+39 06 9934 0300,41.907673,12.503235,Rome,,,175,377,Hotel,,Pool|Spa|Restaurant|Bar/Lounge,Breakfast included,否,,"Elegant 4-star hotel blending modern and historic decor, near Termini Station and metro. Features a spa, outdoor pool, grand bar with live music, and dining options nearby. Convenient for sightseeing.",,,"The Building is a new Hotel strategically located in a central area of the City of Rome. The Hotel is few steps away from Termini Station and next to the tube station of Castro Pretorio. This Hotel is well located to reach, within few minutes, the heart of Rome. The Building receives its guests in a historic building, still preserving the original decorations and architectural featuring, yet mixing together elegance and wealth elements conceived under an innovative atmosphere and modern decoration style. The hotel name ""The Building"" reminds to the word ""construction"" meant as container of different spaces and activities. The several areas of the Hotel, both inside and outside, are intended for activities meant to host the guests thus creating an enjoyable relaxing dimension within a historical atmosphere which will be particularly appreciated at the end of a heavy tourist or working day. The hotel is made of 108 among double and triple rooms and Junior Suites."
rome,149,4440,203177,"Radisson Blu GHR Hotel, Rome",https://dynamic-media-cdn.tripadvisor.com/media/photo-o/06/1a/81/49/presidential-suite.jpg,https://www.tripadvisor.co.uk/Hotel_Review-g187791-d203177-Reviews-Radisson_Blu_GHR_Hotel_Rome-Rome_Lazio.html,3.9,1101,"#266 of 1,168 hotels in Rome",494,7168,"Via Domenico Chelini 41, 00197 Rome Italy",+39 06 802291,41.926437,12.481878,Rome,,,183,410,Hotel,,Spa|Restaurant|Bar/Lounge|Fitness centre,Breakfast included,否,,"Centrally located hotel with a free shuttle to the Spanish Steps, rooftop restaurant with city views, and nearby dining options. Professional, helpful staff and convenient access to public transportation.",,,"Dive into the timeless elegance of Radisson Blu GHR Hotel, Rome, just a 3-minute metro ride from the historic center. Situated in the heart of the Eternal City, discover our iconic Renaissance-style building adorned with intricate stuccoworks and breathtaking frescoes, designed to host diplomats from nearby embassies. Indulge in a relaxing stay in our newly renovated rooms and suites, and appreciate panoramic views of the vibrant city district from the upper floors. Treat your taste buds to exquisite cuisine at our renowned 'Le Roof' restaurant, boasting delicious dishes and stunning city vistas. CIN: IT058091A17K26QKIO"
rome,11,300,231291,Hotel Verona,https://dynamic-media-cdn.tripadvisor.com/media/photo-o/0a/3d/77/d7/the-hotel--v10904038.jpg,https://www.tripadvisor.co.uk/Hotel_Review-g187791-d231291-Reviews-Hotel_Verona-Rome_Lazio.html,3.9,926,"#317 of 1,168 hotels in Rome",586,7168,"Via di Santa Maria Maggiore, 154, 00184 Rome Italy",+39 06 487 1244,41.89736,12.496592,Rome,,,110,386,Hotel,,Air conditioning|Family Friendly|Free Wifi,Breakfast included,否,,"Modern 3-star hotel in central Rome with easy access to major attractions like the Colosseum and Trevi Fountain. Close to Termini station, dining, and shops. Clean rooms, friendly staff, and helpful amenities.",,,"Hotel Verona is an excellent choice for travellers visiting Rome, offering a quiet environment alongside many helpful amenities designed to enhance your stay.
Rooms at Hotel Verona provide a flat screen TV, air conditioning, and a refrigerator, and guests can stay connected with free wifi.
In addition, while staying at Hotel Verona guests have access to 24 hour front desk, 24 hour check-in, and baggage storage. You can also enjoy free breakfast. Need a place to park? Parking is available at Hotel Verona.
For those interested in checking out popular landmarks while visiting Rome, Hotel Verona is located a short distance from Campo de' Fiori (1.3 mi) and Trastevere (1.5 mi).
Travellers looking to enjoy some tempura can head to Zuma, Ristorante Aroma at Palazzo Manfredi, or Sa Tanca Crostaceria. Otherwise, you may want to check out a Mediterranean restaurant such as La Pergola, Sora Lella, or Tonnarello.
Plus, during your trip, don’t forget to check out some of the popular natural history museums, such as Orto Botanico di Roma, Museo di Geologia, and Collezioni Paleontologiche dell'APAT.
Enjoy your stay in Rome!"
rome,168,5010,655605,Precise House Mantegna Roma,https://dynamic-media-cdn.tripadvisor.com/media/photo-o/2c/2b/ea/41/precise-house-mantegna.jpg,https://www.tripadvisor.co.uk/Hotel_Review-g187791-d655605-Reviews-Precise_House_Mantegna_Roma-Rome_Lazio.html,3.8,3114,"#298 of 1,168 hotels in Rome",551,7168,"Via Andrea Mantegna 130, 00147 Rome Italy",+39 06 989521,41.85276,12.496741,Rome,,,122,291,Hotel,,Restaurant|Bar/Lounge|Family Friendly|Free Wifi,,否,,"Modern hotel in a quiet Rome neighborhood with spacious, well-kept rooms and elegant lobby. Conveniently located near the convention center, Vatican, and airport. Great breakfast and helpful staff.",,,"Precise House Mantegna Roma hotel occupies a strategic location for travellers undertaking work-related or business trips, as it is situated in the EUR-Garbatella district, Rome’s financial centre. The hotel is ideally placed for access to the airport and the city centre, and is therefore the perfect choice for both business and leisure trips. The hotel offers spacious guest rooms in a modern design, with everything required for a first-class standard of comfort. In terms of facilities, the hotel has two restaurants where guests can enjoy the local cuisine. In addition, it is worth noting that the hotel has its own conference centre with 15 meeting rooms and an auditorium, with a total seating capacity of up to 1,500."
rome,79,2340,228929,Hotel Gambrinus Roma,https://dynamic-media-cdn.tripadvisor.com/media/photo-s/02/4c/df/21/esterno.jpg,https://www.tripadvisor.co.uk/Hotel_Review-g187791-d228929-Reviews-Hotel_Gambrinus_Roma-Rome_Lazio.html,3.8,1657,"#405 of 1,168 hotels in Rome",780,7168,"Via Piave 35, 00187 Rome Italy",+39 06 487 1250,41.909603,12.498607,Rome,,,101,277,Hotel,,Bar/Lounge|Air conditioning|Free Wifi,Breakfast included,否,,"Centrally located hotel near Termini station, restaurants, and major attractions. Cozy atmosphere, well-equipped rooms, praised breakfast buffet, and convenient transport links for exploring Rome.",,,"Located just 15 minutes walking distance from Spanish Steps and Via Veneto, the Hotel Gambrinus is placed in the heart of one of the most distinguished and refined district of Rome. Minutes away from the Termini train station and both line A & B subway stops, the hotel is a short bus ride distance from the most important monuments of the Eternal City such as Colosseum and the Roman Forum, Trevi Fountain, the Pantheon and the Vatican city.As soon as you cross the threshold of this exclusive hotel in Rome you will sense its special atmosphere of warmth and intimacy, relaxation and charm. An atmosphere that makes you feel like at home away from home, where every detail is cared with passion and where guests receive a truly personal attention.A generous buffet breakfast is served every morning in the hotel's stylish dining room that features original stone-works of the 19th century in the vaulted ceilings, and Roman-travertine floors whre you could choose from a huge selection of cereals, bread, pastries, fresh fruit, eggs, cheese, bacon, ham and salami.You will love staying in our tidy, cosy, intimate and fully furnished rooms and suites that are ideal to enjoy relaxing moments after long days walking tours and shopping of this city.A multilingual and young staff, well trained and naturally oriented to the Guest, will be dedicated to satisfying your every need and request, suggesting and booking city tours, tour guides, restaurants, Spa treatments and massages, transfers by car to the airport or to the city and any other service that will make your stay unforgettable."
rome,76,2250,205107,Hotel Oxford,https://dynamic-media-cdn.tripadvisor.com/media/photo-o/2c/09/a9/15/standard-double-twin.jpg,https://www.tripadvisor.co.uk/Hotel_Review-g187791-d205107-Reviews-Hotel_Oxford-Rome_Lazio.html,3.8,1572,"#434 of 1,168 hotels in Rome",860,7168,"Via Boncompagni 89, 00187 Rome Italy",+39 06 420 3601,41.90924,12.496205,Rome,,,120,309,Hotel,,Restaurant|Bar/Lounge|Air conditioning|Airport transportation,Breakfast included,否,,"Centrally located hotel within walking distance of major attractions like the Spanish Steps and Trevi Fountain. Authentic decor, friendly staff, and nearby dining options. Buffet with warm and cold items.",,,"Set in Rome's most exclusive area, Hotel Oxford is set just behind Via Veneto and the Spanish Steps. Guest rooms feature elegant furnishings and wood or carpeted floors. Experience the real Dolce Vita in this elegant setting. The rooms come with air conditioning and a private bathroom, and some have a balcony. Apartments are also available, and are located in separate buildings in nearby Via Piave or Via Flavia. At the Oxford Hotel you have free internet Wi-Fi connection! . This family-run hotel features a snack bar and a meeting room with a capacity of 30 people."
rome,30,870,229029,Bettoja Hotel Massimo D'Azeglio,https://dynamic-media-cdn.tripadvisor.com/media/photo-o/18/7f/7b/ff/bettoja-hotel-massimo.jpg,https://www.tripadvisor.co.uk/Hotel_Review-g187791-d229029-Reviews-Bettoja_Hotel_Massimo_D_Azeglio-Rome_Lazio.html,3.8,1274,"#354 of 1,168 hotels in Rome",649,7168,"Via Cavour 18, 00184 Rome Italy",+39 06 487 0270,41.90011,12.499274,Rome,,,179,547,Hotel,,Restaurant|Bar/Lounge|Air conditioning|Airport transportation,Breakfast included,否,,"Conveniently located near Termini train station and top attractions, this 4-star hotel features clean rooms, modernized bathrooms, classical charm, complimentary breakfast, and a strong historical presence.",,,"Since 1875 the Hotel Massimo d’Azeglio has provided traditional hospitality to its numerous Italian and Foreign guests. Although through the years it has been refurbished many times the hotel has maintained its “turn of the century” character. Its halls, bar and restaurant house an important collection of paintings and prints of the Italian “Risorgimento”. The wood paneled Restaurant, with its famous wine cellar, is one of the best known in the city. The Massimo d’Azeglio Restaurant and Hotel has been included amongst the historic hotels of Italy. The Massimo d'Azeglio Hotel has 185 Rooms,3 Conference Rooms, Garage, Bar & Restaurant, Air Conditioning, TV Satellite, Minibar, Free Wi-Fi."
rome,50,1470,291932,Windrose Hotel,https://dynamic-media-cdn.tripadvisor.com/media/photo-o/34/1e/a7/cf/smart-double-room.jpg,https://www.tripadvisor.co.uk/Hotel_Review-g187791-d291932-Reviews-Windrose_Hotel-Rome_Lazio.html,3.8,877,"#316 of 1,168 hotels in Rome",585,7168,"Via Gaeta 39, 00185 Rome Italy",+39 06 482 1913,41.904507,12.500209,Rome,,,109,295,Hotel,,Air conditioning|Airport transportation|Family Friendly|Free Wifi,Breakfast included,否,,"Conveniently located near Termini Station with easy access to metro, shops, and restaurants. Clean rooms, helpful staff, and a good breakfast selection. Ideal for city exploration and short stays.",,,"The Windrose is a three stars superior hotel located in the centre of Rome. Our structure is born of the renovation, made with attention to each detail, of an historical building located in a convenient and prestigious position, so that it offers comfort and tranquillity to its hosts. The Hotel is placed in a strategic position in the heart of the town and it is very close to the Termini Station and well linked to all the most interesting historical, artistic and commercial sites of the town."
rome,47,1380,232844,Hotel Julia,https://dynamic-media-cdn.tripadvisor.com/media/photo-o/05/56/a0/a4/hotel-julia.jpg,https://www.tripadvisor.co.uk/Hotel_Review-g187791-d232844-Reviews-Hotel_Julia-Rome_Lazio.html,3.8,815,"#431 of 1,168 hotels in Rome",849,7168,"Via Rasella 29, 00187 Rome Italy",+39 06 8365 2440,41.90266,12.487913,Rome,,,134,334,Hotel,,Bar/Lounge|Air conditioning|Free Wifi,,否,,"Centrally located hotel near Trevi Fountain, Palazzo Barberini, shops, and restaurants. Clean, affordable rooms with air conditioning. Friendly staff and easy access to cafes, markets, and attractions.",,,"Hotel Julia - Rome Centre Located in the historic center of Rome between Trevi Fountain, Spanish Steps, Piazza Barberini and the famous Via Veneto the three star Hotel Julia offers its guests a pleasant and peaceful stay. Since 1949 Rome Hotel Julia 3 stars offers nice accommodations to its guests for a quiet and pleasant stay. The Rome Hotel Julia occupies an entire small palace of 1800's century completely restructured located in the historic Via Rasella with a facade to a quiet small street adjoining the presidential palace of Rome."
rome,120,3570,529816,Grand Hotel del Gianicolo,https://dynamic-media-cdn.tripadvisor.com/media/photo-o/2c/1f/d6/91/exterior.jpg,https://www.tripadvisor.co.uk/Hotel_Review-g187791-d529816-Reviews-Grand_Hotel_del_Gianicolo-Rome_Lazio.html,3.8,730,"#359 of 1,168 hotels in Rome",669,7168,"Viale delle Mura Gianicolensi 107, 00152 Rome Italy",+39 396 5833 3405,41.887672,12.460946,Rome,,,164,491,Hotel,,Pool|Restaurant|Bar/Lounge|Air conditioning,Breakfast included,否,,"Peaceful hotel in Monteverde with stunning Rome views, a large pool, and a garden. Close to Trastevere and central sights. Features a poolside restaurant, friendly staff, and relaxing ambiance.",,,"Located on the wonderful Gianicolo hill above the historic centre. Rooms elegantly furnished and equipped with every modern comfort. Garage, mini-bar, private safes, air-conditioner, tvsat, direct line, wi-fi, bathrooms with shower/Jacuzzi and hairdryer. An abundant buffet served inside or in the garden so that guests can enjoy the crisp morning air. Luxuriant gardens, the swimming pool, and the interiors are designed to offer the best in terms of hospitality and comfort."
rome,24,690,4740502,Leonardo Boutique Hotel Rome Monti,https://dynamic-media-cdn.tripadvisor.com/media/photo-o/33/ba/dd/06/lbhrm-comfortdouble.jpg,https://www.tripadvisor.co.uk/Hotel_Review-g187791-d4740502-Reviews-Leonardo_Boutique_Hotel_Rome_Monti-Rome_Lazio.html,3.8,36,"#732 of 1,168 hotels in Rome",2395,7168,"Via Palermo 20, 00184 Rome Italy",+39 06 9785 8902,41.89886,12.491716,Rome,,,171,544,Hotel,,Spa|Bar/Lounge|Family Friendly|Free Wifi,,否,,"Centrally located hotel near major attractions like the Colosseum and Trevi Fountain. Features spacious rooms, a bar area, a courtyard, and complimentary in-room coffee. Surrounded by dining options.",,,"Leonardo Boutique Hotel Rome Monti is located right in the heart of Rome (Rione Monti), in the Via Nazionale area, close to the capital's main tourist attractions such as the Colosseum, Trevi Fountain and Piazza di Spagna. The interiors are elegant and exclusive, designed down to the last detail. Our 80 rooms are all equipped with the best mod cons and services. Inside, the hotel also offers a SPA & WELLNESS area for guests looking to fit in some wellness and relaxation time during their stay, and a stylish, elegant and fully equipped Conference Centre. The hotel is located inside the limited traffic area, which limits access within pre-established times.
The wellness area is currently closed."
rome,32,930,232856,Hotel Diana Roof Garden,https://dynamic-media-cdn.tripadvisor.com/media/photo-o/31/f4/3e/45/twin-room.jpg,https://www.tripadvisor.co.uk/Hotel_Review-g187791-d232856-Reviews-Hotel_Diana_Roof_Garden-Rome_Lazio.html,3.7,2580,"#465 of 1,168 hotels in Rome",948,7168,"Via Principe Amedeo 4, 00185 Rome Italy",+39 06 478681,41.900757,12.497397,Rome,,,129,498,Hotel,,Restaurant|Bar/Lounge|Air conditioning|Free Wifi,Breakfast included,否,,"Centrally located near Termini Station with easy access to transport, shops, and restaurants. Features a rooftop restaurant with stunning views, a large outdoor area, and complimentary mini bar.",,,"Elegant Hotel offering modern comforts and amenities, restaurant and bar; situated in the heart of Rome near the Opera House."
rome,1,0,203076,Holiday Inn Rome - Eur Parco Dei Medici by IHG,https://dynamic-media-cdn.tripadvisor.com/media/photo-o/2c/64/69/66/swimming-pool.jpg,https://www.tripadvisor.co.uk/Hotel_Review-g187791-d203076-Reviews-Holiday_Inn_Rome_Eur_Parco_Dei_Medici_by_IHG-Rome_Lazio.html,3.7,2411,"#258 of 1,168 hotels in Rome",479,7168,"Viale Castello della Magliana, 65, 00148 Rome Italy",+39 06 65581,41.82287,12.412172,Rome,$123,$123,122,247,Hotel,,Pool|Restaurant|Bar/Lounge|Fitness centre,Sponsored,是,Travelers' Choice,"Convenient hotel near Fiumicino Airport with free shuttle service, clean pool, and outdoor area. Easy access to Rome via train or shuttle. Features clean rooms, professional staff, and on-site dining.",,,"Welcome to the Holiday Inn Rome Eur Parco dei Medici,a 4 star Hotel in Rome that combines the high standards of the famous brand with the hotel s elegant style.A stones throw away from the Eur District, next to the Grande Raccordo Anulare, exit Eur Magliana, and close to the new Rome s exibition centre, the hotel is within easy reach of Fiumicino International Apt and city centre to which is directly connected by a free scheduled shuttle service.All the wonders of Rome are only a few minutes away. The 317 Guest Rooms, all with two Queen Size beds, are equally appealing to both business and leisure travellers. The hotel offers the best of Mediterranean and International cuisine and a wide selection of wines.Gala dinners and banquets can be arranged along side the pool or in the garden for up to 600 guests. Cocktail Lounge Incontro is the ideal place to unwind with a drink or an Espresso. The Holiday Inn Rome Eur Parco dei Medici is the best choice for all kinds of events with 17 meeting rooms from 10 to 800 people, well equipped and supported by our experienced staff. Relax & Meditation room,Fitness Centre, Sauna, outdoor pools and parking areas are available to guests, free of charge. The hotel is popular with families offering special children menus and Family Rooms . Hi speed Internet connection and WIFI are available in all hotel areas."
rome,107,3180,228949,Hotel Ripa Roma,https://dynamic-media-cdn.tripadvisor.com/media/photo-o/1a/39/7c/ae/hotel-ripa-roma.jpg,https://www.tripadvisor.co.uk/Hotel_Review-g187791-d228949-Reviews-Hotel_Ripa_Roma-Rome_Lazio.html,3.7,2191,"#458 of 1,168 hotels in Rome",929,7168,"Via Degli Orti di Trastevere 3, 00153 Rome Italy",+39 06 58611,41.882576,12.470502,Rome,,,127,317,Hotel,,Restaurant|Bar/Lounge|Fitness centre|Air conditioning,Breakfast included,否,,"Trendy hotel with quirky art pieces, spacious rooms, and some balconies. Located in Trastevere near charming restaurants, bars, shops, and public transit. Easy access to local attractions and tram lines.",,,"In Trastevere, one of Rome’s oldest most vibrant neighborhoods, Worldhotel Ripa Roma is daringly modern and smart with a look and feel of a contemporary art gallery. Modern design in no way inhibits the personal service and attention devoted to all guests. 197 rooms and suites to optimize space, light and comfortin a chic but friendly atmosphere. All rooms are equipped with satellite TV, minibar, working desk with sofa, WI-fi connection and rooms Rituals amenities. Mini gym on first floor with Techno-gym facilities.Underground parking. Ripa Place, our newly refurbished restaurant is a bistrot serving innovative roman cuisine to appeal and surprise our guests and friends. The minimal and chic atmosphere is enriched by a selected list of local wine.When in Rome, you cannot miss: strolling around in Campo de’Fiori, rent a scooter to feel like the famous couple Peck-Hepburn for a real Roman Holiday, every day at noon on the Gianicolo Hill the cannon sound Midday, sunset at Giadino degli Aranci, Aventine key hole, test if he really loves you and ask him to put his hand inside the Mouth of truth inside church S.Maria in Cosmedin."
rome,75,2220,277150,Domus Sessoriana,https://dynamic-media-cdn.tripadvisor.com/media/photo-o/0f/8f/17/0a/domus-sessoriana.jpg,https://www.tripadvisor.co.uk/Hotel_Review-g187791-d277150-Reviews-Domus_Sessoriana-Rome_Lazio.html,3.7,1326,"#497 of 1,168 hotels in Rome",1056,7168,"Piazza Di S. Croce In Gerusalemme, 10 Basilica di Santa Croce, 00185 Rome Italy",+39 06 706151,41.888157,12.515451,Rome,,,89,252,Hotel,,Air conditioning,Breakfast included,否,,"Historic hotel in a former monastery with unique charm, rooftop terrace, and city views. Conveniently located near attractions, metro, and restaurants. Friendly staff offers local tips and support.",,,"Domus Sessoriana is a 3 Stars Superior Hotel, located just minutes from numerous attractions in Rome, near the Papal Archbasilica of St. John in the Lateran and the Basilica of the Holy Cross in Jerusalem. The hotel has 80 rooms of different types: single, double, triple and quadruple room. It offers many services to its clients, such a 24 hour Reception, a buffet breakfast served on the terrace with panoramic views of Rome, multi-lingual staff and much more. Each room has a private bathroom. The hotel coincides with a large area of the Benedictine Monastery completely renovated, equipped with every comfort and immersed in a scenery of inestimable value. On the top floor of the Domus Sessoriana there is a beautiful roof garden, where breakfast is served (outdoor and indoor). The hotel offers various food and beverage service: bar, snack bar, restaurant. It also has meeting rooms for corporate events, conferences and workshops, companing the capacity of the structure and the quality of business services. The hotel has free wifi. Other guests appreciate the excellent quality/price ratio. Thanks to its position, also well-served by public transportation, Domus Sessoriana is an ideal starting point for discovering Rome and its extraordinary monuments and artistic heritage: Coliseum, Appia Way Park, Circus Maximus and Palatine."
rome,26,750,499930,Hotel Serena,https://dynamic-media-cdn.tripadvisor.com/media/photo-o/0c/18/92/6e/img-20160719-200432-largejpg.jpg,https://www.tripadvisor.co.uk/Hotel_Review-g187791-d499930-Reviews-Hotel_Serena-Rome_Lazio.html,3.7,1075,"#516 of 1,168 hotels in Rome",1132,7168,"Via Principe Amedeo, 64, 00185 Rome Italy",+39 06 481 8214,41.899227,12.499885,Rome,,,91,268,Hotel,,Air conditioning|Free Wifi,Breakfast included,否,,"Conveniently located near Roma Termini station and within walking distance to attractions, this budget-friendly hotel offers easy access to public transport, friendly staff, and a breakfast with variety.","Location really good, easy to explore the city. Atmosphere cozy and the staff is so friendly. Room was small but just enough for sleeping. Value for the money is excellent. I am sure to come back also next time...",satu j,"Looking for a place to stay in Rome? Then look no further than Hotel Serena, a quiet hotel that brings the best of Rome to your doorstep.
Hotel Serena offers guests an array of room amenities including a flat screen TV, air conditioning, and a minibar, and getting online is possible, as free wifi is available.
The hotel offers 24 hour front desk, baggage storage, and express check-in and check-out, to make your visit even more pleasant. The property also features free breakfast.
Nearby landmarks such as Piazza Navona (1.4 mi) and Campo de' Fiori (1.5 mi) make Hotel Serena a great place to stay when visiting Rome.
While in Rome, you may want to check out some of the restaurants that are a short walk away from Hotel Serena, including Trattoria Vecchia Roma (0.4 mi), That's Amore by Fabio Bongianni (0.8 mi), and Zuma (1.2 mi).
If you’re looking for something to do, Colosseum (0.7 mi), Villa Borghese (1.1 mi), and Galleria Borghese (1.1 mi) are a nice way to spend some time, and they are all within walking distance of Hotel Serena.
We’re sure you’ll enjoy your stay at Hotel Serena as you experience everything Rome has to offer."
rome,69,2040,229101,Colonna Palace Hotel,https://dynamic-media-cdn.tripadvisor.com/media/photo-o/2c/29/8f/d8/782997-exterior.jpg,https://www.tripadvisor.co.uk/Hotel_Review-g187791-d229101-Reviews-Colonna_Palace_Hotel-Rome_Lazio.html,3.7,1029,"#444 of 1,168 hotels in Rome",890,7168,"Piazza Monte Citorio, 12, 00186 Rome Italy",+39 06 675191,41.900658,12.478856,Rome,,,177,998,Hotel,,Bar/Lounge|Air conditioning|Airport transportation,Breakfast included,否,,"Hotel with comfortable rooms, rooftop terrace offering stunning views, and inviting public spaces. Convenient location near major attractions like Trevi Fountain and Pantheon. Airport transfer available.",,,"Colonna Palace Hotel is an excellent choice for travellers visiting Rome, offering a quiet environment alongside many helpful amenities designed to enhance your stay.
Wifi is offered to guests, and rooms at Colonna Palace offer a flat screen TV, air conditioning, and a minibar.
During your stay, take advantage of some of the amenities offered, including 24 hour front desk, a concierge, and a rooftop terrace. Guests of Colonna Palace Rome are also welcome to enjoy free breakfast, located on site.
Close to some of Rome's most popular landmarks, such as Palatine Hill (0.8 mi) and Roman Forum (0.9 mi), Colonna Palace Hotel is a great destination for tourists.
While in Rome, you may want to check out some of the restaurants that are a short walk away from Colonna Palace, including Sora Lella (0.7 mi), Tonnarello (0.9 mi), and Da Enzo Al 29 (0.9 mi).
If you are interested in exploring Rome, check out one of the art galleries, such as Serra, I Colori di Dentro di Maria Grazia Luffarelli, and Trevimage.
Enjoy your stay in Rome!"
rome,52,1530,232850,Hotel Piemonte,https://dynamic-media-cdn.tripadvisor.com/media/photo-o/2c/29/24/39/exterior.jpg,https://www.tripadvisor.co.uk/Hotel_Review-g187791-d232850-Reviews-Hotel_Piemonte-Rome_Lazio.html,3.7,1004,"#542 of 1,168 hotels in Rome",1241,7168,"Via Vicenza, 32/C, 00185 Rome Italy",+39 06 445 2240,41.90377,12.503708,Rome,,,76,210,Hotel,,Air conditioning|Family Friendly|Free Wifi,Breakfast included,否,,"Centrally located near Termini Station and dining options, this hotel offers clean rooms, friendly staff, and good food. A unique historic building with a budget-friendly price for exploring Rome.",,,"Looking for a place to stay in Rome? Then look no further than Piemonte Hotel, a family-friendly hotel that brings the best of Rome to your doorstep.
Guest rooms offer amenities such as a flat screen TV and air conditioning, and guests can go online with free wifi offered by the hotel.
Rome Piemonte Hotel features 24 hour front desk, to help make your stay more enjoyable. The property also boasts free breakfast.
Close to some of Rome's most popular landmarks, such as Pantheon (1.4 mi) and Piazza Navona (1.6 mi), Piemonte Hotel is a great destination for tourists.
While visiting Rome, you may want to try some schnitzel at one of the nearby restaurants, such as Taverna del Seminario, Lowenhaus, or BellaCarne Kosher Grill.
Plus, during your trip, don't forget to check out a marina, such as Piazza del Porto di Ripetta.
We’re sure you’ll enjoy your stay at Piemonte Hotel as you experience everything Rome has to offer."
rome,33,960,570314,Golden Tulip Rome Piram,https://dynamic-media-cdn.tripadvisor.com/media/photo-o/15/ca/88/0b/welcome-piram-hotel.jpg,https://www.tripadvisor.co.uk/Hotel_Review-g187791-d570314-Reviews-Golden_Tulip_Rome_Piram-Rome_Lazio.html,3.6,2640,"#576 of 1,168 hotels in Rome",1365,7168,"Via Giovanni Amendola 7, 00185 Rome Italy",+39 06 4890 1248,41.900833,12.498059,Rome,,,125,443,Hotel,,Spa|Restaurant|Bar/Lounge|Air conditioning,Breakfast included,否,,"Centrally located hotel near Termini Station and Spanish Steps, ideal for sightseeing. Rooftop bar with great views. Close to dining options and landmarks like Trevi Fountain. Quiet neighborhood.",,,"Welcome Piram Hotel is an exclusive hotel near Rome's Termini train station, an ideal location for business and leisure stays in the capital of Italy. Recently renovated, it offers guests the architectural beauty typical of grand XIX century palazzos and all the comforts of modern technology. Rome's Termini station, the Opera House, both subway lines and all of the best shopping streets are all just a short walk from the hotel. Thanks to the various services, like the modern spa, the fine restaurant and the new cocktail bar, the hotel and its wellness centre in Rome are able to meet all the needs of its guests, and it is also very near the Rome Termini train station."
rome,40,1170,203219,Hotel Patria,https://dynamic-media-cdn.tripadvisor.com/media/photo-s/03/23/97/aa/patria-hotel.jpg,https://www.tripadvisor.co.uk/Hotel_Review-g187791-d203219-Reviews-Hotel_Patria-Rome_Lazio.html,3.6,880,"#414 of 1,168 hotels in Rome",811,7168,"Via Torino 36, 00184 Rome Italy",+39 06 4890 5820,41.902664,12.494575,Rome,,,103,439,Hotel,,Bar/Lounge|Air conditioning|Airport transportation,Breakfast included,否,,"Centrally located hotel near major attractions, shops, and transit. Features a varied breakfast, modern refurbished rooms, and spacious options. Friendly, helpful staff enhance the budget-friendly stay.",,,"Hotel Patria is one of the 3 star hotels much appreciated by clients for the elegance of its rooms and warm hospitality. Welcoming and furnished with taste, all the rooms of Hotel Patria 3 stars in Rome have air conditioning, free Wi-Fi, plasma TV, satellite TV and phone with direct line, own bathroom with shower or tub, hairdryer and courtesy kit. At our reception, available 24 hours a day, you will receive all necessary information to make your stay in Rome as pleasant as possible and you will also have the chance of booking outings and guided tours. There is also a lounge bar open from 10am until 10pm with a fine choosing of coffee, tea, soft drinks, beers, wine, alcoholic beverages, cocktails and snacks. It is possible to order breakfast and beverages from the bar directly in the room with no extra charge. Hotel Patria has a strategic position, next to a Metro station and all the main bus stops, close to Stazione Termini, an area where you can easily reach the city's most famous fun and cultural places. From the not too distant, neo-Renaissance Teatro dell’Opera, close to Piazza della Repubblica, a short distance from the hotel, you head towards famous Piazza Barberini admiring Bernini's Fontana del Tritone and the Colle del Quirinale, home of the Republic's Presidency. At less than ten minutes away, the Fontana di Trevi. In less than 15 minutes you can easily reach Colosseum, Fori Imperiali and from there also Bocca della Verità and Circo Massimo."
rome,62,1830,603085,Hotel San Marco,https://dynamic-media-cdn.tripadvisor.com/media/photo-o/0b/02/4a/50/hotellet-ligger-5-minutter.jpg,https://www.tripadvisor.co.uk/Hotel_Review-g187791-d603085-Reviews-Hotel_San_Marco-Rome_Lazio.html,3.6,722,"#621 of 1,168 hotels in Rome",1577,7168,"Via Villafranca, 1, 00185 Rome Italy",+39 390 649 0437,41.90506,12.505104,Rome,,,86,234,Hotel,,Bar/Lounge|Air conditioning|Family Friendly|Free Wifi,Breakfast included,否,,"Convenient hotel near Termini station with spacious or clean rooms, varied breakfast buffet, air conditioning, luggage storage, and reliable WiFi. Close to shops, restaurants, and public transportation.",,,"See why so many travellers make Hotel San Marco their hotel of choice when visiting Rome. Providing an ideal mix of value, comfort and convenience, it offers a family-friendly setting with an array of amenities designed for travellers like you.
Nearby landmarks such as Palatine Hill (1.3 mi) and Roman Forum (1.3 mi) make Hotel San Marco a great place to stay when visiting Rome.
You’ll enjoy relaxing rooms that offer a flat screen TV, air conditioning, and a minibar, and you can stay connected during your stay as Hotel San Marco offers guests free wifi.
The hotel features 24 hour front desk, a concierge, and baggage storage. Plus, Hotel San Marco offers free breakfast, providing a pleasant respite from your busy day.
During your visit, be sure to check out one of Rome's popular crab restaurants such as Sa Tanca Crostaceria, VII Coorte, and IL TEMPIO DI ISIDE, all a short distance from Hotel San Marco.
Rome is also known for some great art galleries, including Serra, I Colori di Dentro di Maria Grazia Luffarelli, and Trevimage, which are not too far from Hotel San Marco.
At Hotel San Marco, your comfort and satisfaction come first, and they look forward to welcoming you to Rome."
rome,105,3120,232854,Hotel Cilicia,https://dynamic-media-cdn.tripadvisor.com/media/photo-o/0f/9d/77/2c/hotel-cilicia.jpg,https://www.tripadvisor.co.uk/Hotel_Review-g187791-d232854-Reviews-Hotel_Cilicia-Rome_Lazio.html,3.6,575,"#631 of 1,168 hotels in Rome",1616,7168,"Via Cilicia 7, 00179 Rome Italy",+39 06 700 5554,41.873604,12.506003,Rome,,,95,162,Hotel,,Restaurant|Bar/Lounge|Air conditioning|Free Wifi,Breakfast included,否,,"Conveniently located near the Appian Way with easy access to metro and buses. Good value for short stays. Nearby shops offer convenience, though dining options and amenities in the area are limited.",,,"The Cilicia Hotel is located along ""Via Appia Antica"", in the heart of Rome, about 800 m from the St. John Lateran Basilica. Thanks to its central location and its proximity to urban public transport, the Cilicia Hotel is well connected to the endless sites of historical and artistic interest of the Eternal City. Its location, its parking lot, and its large garden certainly enhance the value of our hotel. Our staff is skilled in hospitality and management, 24 hours 24, and can easily deal with all national and international clients, travelling for tourism or business."
rome,49,1440,231927,Villa Delle Rose Hotel,https://dynamic-media-cdn.tripadvisor.com/media/photo-o/14/08/df/4f/terrace.jpg,https://www.tripadvisor.co.uk/Hotel_Review-g187791-d231927-Reviews-Villa_Delle_Rose_Hotel-Rome_Lazio.html,3.6,569,"#570 of 1,168 hotels in Rome",1345,7168,"Via Vicenza 5, 00185 Rome Italy",+39 06 445 1788,41.90337,12.503354,Rome,,,79,230,Hotel,,Bar/Lounge|Air conditioning|Airport transportation|Free Wifi,Breakfast included,否,,"Conveniently located near Roma Termini station, offering easy access to public transport and landmarks. Features cozy, vintage-style rooms, modern bathrooms, terrace, and proximity to dining and markets.",,,"Imagine a noble villa in the heart of Rome, within walking distance from the most renowned monuments, the historical squares and the most charming locations of the Eternal City: the Hotel Villa delle Rose offers you this experience providing an affordable price/quality ratio. The Hotel, housed within a palace dating from the end of the XIX century, has a delightful garden and rooms furnished in a classic style. Choose the comfort of a cozy hotel near Termini railway station and a few kms from the Colosseum and Piazza San Giovanni, discover the wonders of Rome historical center! Relax and quietness are the features of Hotel Villa delle Rose, a welcoming dwelling for your holidays in Rome."
rome,273,8160,229860,Hotel Corot,https://dynamic-media-cdn.tripadvisor.com/media/photo-o/03/49/72/fc/caption.jpg,https://www.tripadvisor.co.uk/Hotel_Review-g187791-d229860-Reviews-Hotel_Corot-Rome_Lazio.html,3.6,524,"#585 of 1,168 hotels in Rome",1406,7168,"Via Marghera 15, 00185 Rome Italy",+39 06 4470 0900,41.90232,12.503556,Rome,,,85,223,Hotel,,Air conditioning|Free Wifi,Breakfast included,否,,"Clean, quiet hotel near Roma Termini station with convenient access to public transport, restaurants, and shops. Basic but comfortable rooms with daily cleaning. Great value for city breaks.","Initially I was a little concerned that we were so close to the train station...that it would be noisy and unsafe at night....however, we never felt unsafe and our sons visited late bars and got back without any...",Maps35809752446,"Looking for a place to stay in Rome? Then look no further than Hotel Corot, a hotel that brings the best of Rome to your doorstep.
Guest rooms offer amenities such as a flat screen TV, air conditioning, and a minibar, and guests can go online with free wifi offered by the hotel.
Hotel Corot features 24 hour front desk, 24 hour check-in, and baggage storage, to help make your stay more enjoyable. The property also boasts free breakfast. If you are driving to Corot Hotel, parking is available.
Given the close proximity of popular landmarks, such as Pantheon (1.4 mi) and Piazza Navona (1.6 mi), guests of Hotel Corot can easily experience some of Rome's most well known attractions.
While in Rome, you may want to check out some of the restaurants that are a short walk away from Corot Hotel, including Trattoria Vecchia Roma (0.6 mi), That's Amore by Fabio Bongianni (0.9 mi), and Ristorante Aroma at Palazzo Manfredi (0.9 mi).
If you are interested in exploring Rome, check out one of the castles, such as Palazzo Brancaccio, Castello di Lunghezza, and Castello della Cecchignola.
We’re sure you’ll enjoy your stay at Hotel Corot as you experience everything Rome has to offer."
rome,279,8340,5011276,Tritone Top House,https://dynamic-media-cdn.tripadvisor.com/media/photo-o/0a/8a/d8/19/2-bedroom-penthouse-apartment.jpg,https://www.tripadvisor.co.uk/Hotel_Review-g187791-d5011276-Reviews-Tritone_Top_House-Rome_Lazio.html,3.6,210,"#1,972 of 4,280 B&Bs / Inns in Rome",3224,7168,"Via Francesco Crispi 10, 00187 Rome Italy",+39 06 4200 4993,41.9032,12.485648,Rome,,,103,303,Small Hotel,,Air conditioning|Free Wifi,,否,,"Conveniently located near major tourist spots, metro, and dining options. Traditional building with small lift, vibrant surroundings, AC, minibar, early check-in, and helpful local information.",,,"Set in the centre of Rome, just 350 m from the Trevi Fountain, Tritone Top House offers elegant, air-conditioned accommodation with free Wi-Fi. The famous Spanish Steps are a 5-minute walk away. All rooms feature a flat-screen TV with free Sky sport channels, a fridge and an electric kettle with free coffee and tea. The private bathroom comes with a hairdryer, a rain shower and free toiletries. Apartments also come with a kitchen. Tritone Top House is a 3-minute walk from Barberini Metro Station, while Rome Termini Train/Bus Station is 1.5 km from the property."
rome,86,2550,5256553,Hotel Des Epoques,https://dynamic-media-cdn.tripadvisor.com/media/photo-o/07/08/cc/59/hotel-des-epoques.jpg,https://www.tripadvisor.co.uk/Hotel_Review-g187791-d5256553-Reviews-Hotel_Des_Epoques-Rome_Lazio.html,3.6,161,"#762 of 1,168 hotels in Rome",2718,7168,"Via Nomentana, 31-33, 00161 Rome Italy",+39 06 4423 8361,41.910416,12.502483,Rome,,,78,932,Boutique Hotel,,Bar/Lounge|Air conditioning|Family Friendly|Free Wifi,Breakfast included,否,,"Charming, traditional hotel with unique decor and helpful staff. Convenient location near historical sites and bus routes. Daily room cleaning. Economy rooms less recommended. Family-like atmosphere.",,,"A historic establishment that has hosted famous people from the fields of science, medicine, music and sports, is born today the Hotel Des Epoques, an exclusive residence with renovated common spaces, featuring the most modern comforts. Glamorous settings, where the presence of art and history adds a touch of allure and romance to the stay of every guest. The Hotel Des Epoques in Rome providing discretion within the confines of an elegant 19th century palazzo. Situated in a convenient location for visiting the wonders of Rome, the hotel features a meeting room for business meetings, as well as a new line of ""Des Epoques"" rooms, with refined marble bathrooms."
rome,28,810,203119,Kennedy Hotel,https://dynamic-media-cdn.tripadvisor.com/media/photo-o/2c/02/33/be/654822-guest-room.jpg,https://www.tripadvisor.co.uk/Hotel_Review-g187791-d203119-Reviews-Kennedy_Hotel-Rome_Lazio.html,3.5,1240,"#443 of 1,168 hotels in Rome",888,7168,"Via Filippo Turati 62-64, 00185 Rome Italy",+39 06 446 5373,41.898483,12.502155,Rome,$112,$112,99,231,Hotel,,Bar/Lounge|Air conditioning|Airport transportation|Free Wifi,Sponsored|Breakfast included,否,,"Conveniently located near the central station with easy access to transportation, dining, and attractions. Clean, spacious rooms, daily cleaning, friendly staff, and a simple yet fresh breakfast.",,,"Strategically located in the center of Rome, Kennedy hotel is a boutique hotel among Termini Station and St. Maria Maggiore Basilica. The hotel overlooks the Roman Aquarium, now House of Architecture, and it offers a panoramic view on the neighboring garden with archeological parts of Roman Walls of the King Servio Tullio, 578 to 539 b.C. In a historical building of 18th century, Kennedy Hotel has 51 rooms and 2 Junior suites perfect for families. Wifi internet connection in available in the entire establishment. All the bedrooms are individually furnished according the original architecture harmonizing comforts and hospitality. Rooms are refurbished and soundproof, and they are well equipped with air conditioned, tv satellite and telephone. Tasty buffet breakfast is served from 7.00 till 10.00 and there are two lobby rooms and a small international library. At disposal of all clients a baggage store room. WI-FI internet connection FREE OF CHARGE"
rome,39,1140,229068,Hotel Pace Helvezia,https://dynamic-media-cdn.tripadvisor.com/media/photo-o/08/d0/9c/bc/pace-helvezia-hotel.jpg,https://www.tripadvisor.co.uk/Hotel_Review-g187791-d229068-Reviews-Hotel_Pace_Helvezia-Rome_Lazio.html,3.5,1118,"#594 of 1,168 hotels in Rome",1475,7168,"Via IV Novembre 104, 00187 Rome Italy",+39 06 679 5105,41.896942,12.485109,Rome,$222,$222,134,718,Hotel,,Air conditioning|Airport transportation|Free Wifi,Sponsored|Breakfast included,否,,"Centrally located Rome hotel near iconic landmarks like the Colosseum and Trevi Fountain. Features a rooftop terrace with stunning city views, nearby dining and shopping, continental breakfast, and excellent service.",,,"Pace Helvetia is located in a sober and elegant building set in the heart of Rome, a short walk from Piazza Venezia, the Coliseum and the Quirinale. Hotel Pace Helvetia features a rooftop terrace overlooking the monument of Vittorio Emanuele and the ancient Trajan markets. A continental buffet breakfast is served in the morning, which can be enjoyed on the terrace on fine days. The spacious rooms are embellished with classical furniture, soft carpets and upholstery or elegant parquet, combined with modern comforts. All rooms have air conditioning and a TV. A few steps from the hotel, there are several buses to Termini Station, the Vatican and the charming Trastevere district, full of bars and cafés. Free Wi-Fi is available throughout the hotel. The Piazza Venezia area - Trevi Fountain is a great choice for travelers interested in city walks, sightseeing tours and food."
rome,62,1830,203129,Hotel Villafranca,https://dynamic-media-cdn.tripadvisor.com/media/photo-o/0b/c4/95/c5/standard-con-balcone--v12730284.jpg,https://www.tripadvisor.co.uk/Hotel_Review-g187791-d203129-Reviews-Hotel_Villafranca-Rome_Lazio.html,3.5,1081,"#589 of 1,168 hotels in Rome",1445,7168,"Via Villafranca 9, 00185 Rome Italy",+39 06 444 0364,41.905113,12.504958,Rome,,,99,308,Hotel,,Bar/Lounge|Air conditioning|Family Friendly|Free Wifi,Breakfast included,否,,"Modern reception and bar area with good air conditioning. Convenient location near public transport, train station, and restaurants. Breakfast praised for variety and freshness. Friendly, helpful staff.","Having read a few harsh comments on here, I had to leave a review on the hotel. The first thing to mention are the staff who are absolutely fantastic, each and everyone we spoke to were really friendly and couldn't...",Scott R,"Finding an ideal quiet hotel in Rome does not have to be difficult. Welcome to Hotel Villafranca, a nice option for travellers like you.
While staying at Rome Best Western, visitors can check out Palatine Hill (1.3 mi) and Pantheon (1.5 mi), some of Rome's top attractions.
Free wifi is offered to guests, and rooms at Rome Best Western offer a flat screen TV, air conditioning, and a refrigerator.
During your stay, take advantage of some of the amenities offered, including 24 hour front desk, currency exchange, and baggage storage. Guests of Rome Best Western are also welcome to enjoy free breakfast, located on site. For travellers arriving by car, there is paid private parking available nearby.
During your visit, be sure to check out one of Rome's popular crab restaurants such as Sa Tanca Crostaceria, VII Coorte, and IL TEMPIO DI ISIDE, all a short distance from Best Western Rome.
Rome is also known for some great historic sites, including Colosseum, Villa Borghese, and Roman Forum, which are not too far from Rome Best Western.
Hotel Villafranca looks forward to welcoming you on your visit to Rome."
rome,94,2790,203122,Hotel Genio,https://dynamic-media-cdn.tripadvisor.com/media/photo-o/09/39/0f/7d/lobby--v8622054.jpg,https://www.tripadvisor.co.uk/Hotel_Review-g187791-d203122-Reviews-Hotel_Genio-Rome_Lazio.html,3.5,1040,"#600 of 1,168 hotels in Rome",1515,7168,"Via Giuseppe Zanardelli 28, 00186 Rome Italy",+39 06 683 3781,41.9008,12.47233,Rome,$169,$169,131,389,Hotel,,Bar/Lounge|Air conditioning|Free Wifi,Sponsored|Breakfast included,否,,"Boutique hotel in Rome near Piazza Navona and the Vatican. Features a rooftop terrace with stunning city views, spacious rooms with essential amenities, a breakfast buffet, and easy access to attractions and restaurants.",,,"Located in Rome's most historic and Baroque district, Hotel Genio has a rooftop terrace with stunning views over the city and is just 100 meters from Piazza Navona. Rooms come with air conditioning, carpeted or parquet floors, a TV and a minibar. Wi-Fi is available throughout the hotel and the continental breakfast is served buffet style. Hotel Genio is set in a building dating back to the neo-Renaissance period and is surrounded by sinuous streets that host some of the most popular wine bars, cafes and restaurants in Rome. The property is a 10-minute walk from the shops of Via del Corso. Also, you will reach Castel Sant'Angelo and the Vatican City by simply crossing the Tiber. Piazza Navona is a great choice for travelers interested in food, culture and history."
rome,52,1530,1196002,Hotel Best Roma,https://dynamic-media-cdn.tripadvisor.com/media/photo-o/07/53/45/d5/hotel-best-roma.jpg,https://www.tripadvisor.co.uk/Hotel_Review-g187791-d1196002-Reviews-Hotel_Best_Roma-Rome_Lazio.html,3.5,709,"#728 of 1,168 hotels in Rome",2349,7168,"Via di Porta Maggiore 51, 00185 Rome Italy",+39 06 7707 6928,41.892803,12.51162,Rome,$153,$153,98,542,Hotel,,Air conditioning|Free Wifi,Sponsored|Breakfast included,否,,"Well-located hotel near main train station and public transportation. Features clean rooms with air conditioning, pressurized showers, daily towel service, a small bar, mini bar, and tourist maps.",,,"The HOTEL BEST ROMA is located in the heart of Rome, between the Colosseum and the cathedrals of San Giovanni in Laterano and Santa Maria Maggiore, at a short distance from the Roman Forum, the Trevi Fountain and the stunning Piazza di Spagna. Completed in September 2008, this fully renewed four-star hotel combines beauty, quality, and style in such a way as to complement the glorious city around it. The HOTEL BEST ROMA is the perfect place to stay in Rome, thanks to its welcoming atmosphere, the elegance of its premises, its lovely terrace and inner courtyard. Our staff will provide you with flawless service, and will be very happy to meet your requests. Fully refurbished and made with attention to the smallest details, the HOTEL BEST ROMA offers its guests antique-style rooms with air conditioning. Amenities include satellite LCD televisions, DVD players (on request), writing tables, Wi-Fi connection, minibars, and direct-dial phones. In our marble bathrooms you can find bathrobes, slippers, phones and hair dryers. The HOTEL BEST ROMA also offers you peace of mind in terms of security and privacy for you and your family, with modern anti-intruder systems, 24-hour staff, safety deposit boxes, soundproofing and fire alarms. The HOTEL BEST ROMA provides its guests with Wireless Internet connection in every room and in all common areas. Guests can enjoy a complimentary continental buffet breakfast each morning. The hotel is located within a set of very charming gardens, offering its guests a place to relax after a long day of sightseeing. Guests can also access a magnificent outdoor terrace to enjoy the tranquility of a warm Roman evening."
rome,85,2520,10150697,Hotel 87,https://dynamic-media-cdn.tripadvisor.com/media/photo-o/31/38/0b/7b/roof-top-jacuzzi.jpg,https://www.tripadvisor.co.uk/Hotel_Review-g187791-d10150697-Reviews-Hotel_87-Rome_Lazio.html,3.5,663,"#694 of 1,168 hotels in Rome",2014,7168,"Via Del Tritone 87-89, 00187 Rome Italy",+39 06 4565 3934,41.90314,12.486306,Rome,,,142,376,Hotel,,Spa|Bar/Lounge|Fitness centre|Air conditioning,Breakfast included,否,,"Centrally located hotel near Trevi Fountain and Spanish Steps. Features a rooftop bar, outdoor jacuzzi, spa, and spacious rooms. Guests praise the breakfast variety, coffee, and friendly staff.",,,"Hotel 87 EightySeven is an excellent choice for travellers visiting Rome, offering a trendy environment alongside many helpful amenities designed to enhance your stay.
For those interested in checking out popular landmarks while visiting Rome, Hotel 87 EightySeven is located a short distance from Palatine Hill (0.8 mi) and Trastevere (1.4 mi).
Hotel 87 EightySeven is a trendy hotel offering a flat screen TV, air conditioning, and a refrigerator in the rooms, and it is easy to stay connected during your stay as free wifi is offered to guests.
The hotel features a rooftop terrace. Plus, guests can enjoy a hot tub and free breakfast, which have made this a popular choice among travellers visiting Rome.
While you’re here, be sure to check out some of the Italian restaurants, including La Pergola, Sora Lella, and Felice a Testaccio, all of which are a short distance from Hotel 87 EightySeven.
During your visit, be sure to check out popular attractions like Colosseum (0.9 mi), Villa Borghese (0.8 mi), and Galleria Borghese (0.8 mi), which are all within walking distance of the hotel.
Enjoy your stay in Rome!"
rome,53,1560,238029,Hotel Fontana,https://dynamic-media-cdn.tripadvisor.com/media/photo-o/21/ea/29/f5/the-hotel-is-the-orange.jpg,https://www.tripadvisor.co.uk/Hotel_Review-g187791-d238029-Reviews-Hotel_Fontana-Rome_Lazio.html,3.5,661,"#734 of 1,168 hotels in Rome",2399,7168,"Piazza di Trevi 96, 00187 Rome Italy",+39 06 678 6113,41.900658,12.483262,Rome,,,156,518,Hotel,,Restaurant|Bar/Lounge|Air conditioning|Airport transportation,,否,,"Historic hotel in the heart of Rome with old-world charm and rooftop terrace offering stunning Trevi Fountain views. Centrally located near landmarks, shops, and dining. Breakfast available.",,,Hotel Rome City Center: discover our charming Hotel Fontana overlooking the famous Trevi Fountain in Rome. Our comfortable rooms and trained staffa are ready to make your holidays in Rome unforgettable.
rome,183,5460,482640,Garner Hotel Rome Aurelia by IHG,https://dynamic-media-cdn.tripadvisor.com/media/photo-o/30/54/6f/4d/garner-rome-aurelia-hotel.jpg,https://www.tripadvisor.co.uk/Hotel_Review-g187791-d482640-Reviews-Garner_Hotel_Rome_Aurelia_by_IHG-Rome_Lazio.html,3.5,637,"#618 of 1,168 hotels in Rome",1569,7168,"Via Aurelia 619, 00165 Rome Italy",+39 06 8115 3738,41.895016,12.417733,Rome,,,102,262,Hotel,,Restaurant|Bar/Lounge|Air conditioning|Pets Allowed,Breakfast included,否,,"Clean, well-presented hotel with small balconies and friendly staff. Convenient access to public transport, local train, and metro. Close to restaurants. Breakfast options available.",,,"Welcome to Garner Hotel Rome Aurelia! The interiors have been fully renovated with a modern design, carefully crafted to enhance the comfort and enjoyment of your stay. The structure features 58 contemporary-style rooms spread across 6 floors. Each room is carefully designed to provide both comfort and functionality, making it perfect for business and leisure travelers alike. Some rooms feature spacious terraces, ideal for unwinding after a day in the city or enjoying a private outdoor moment of relaxation. We have blended a contemporary and functional style to create welcoming spaces for everyone: we can't wait to welcome you and make you feel at home!"
rome,77,2280,232843,Hotel Trevi,https://dynamic-media-cdn.tripadvisor.com/media/photo-o/2c/00/f5/2a/trevi-hotel-entrance.jpg,https://www.tripadvisor.co.uk/Hotel_Review-g187791-d232843-Reviews-Hotel_Trevi-Rome_Lazio.html,3.3,1596,"#703 of 1,168 hotels in Rome",2106,7168,"Vicolo del Babuccio 20/21, 00187 Rome Italy",+39 396 678 9563,41.900284,12.484078,Rome,,,156,485,Hotel,,Air conditioning,,否,,"Centrally located near the Trevi Fountain, restaurants, and shops. Features a charming boutique feel, rooftop dining area, and compact rooms. Some rooms in separate buildings accessible by stairs.",,,"Hotel Trevi is a superior hotel, two steps away from its namesake the Trevi Fountain. It offers a refined atmosphere equipped with the best facilities within a historical 16th century palace. It is located in the proximity of the infamous “Via Veneto” , the magnificent Spanish Steps and the surrounding high fashion district. One can stroll and admire the window displays of world -renowned designers."
rome,173,5160,919475,Cardinal Hotel St. Peter,https://dynamic-media-cdn.tripadvisor.com/media/photo-o/0a/56/0d/d1/view-by-night.jpg,https://www.tripadvisor.co.uk/Hotel_Review-g187791-d919475-Reviews-Cardinal_Hotel_St_Peter-Rome_Lazio.html,3.3,1340,"#661 of 1,168 hotels in Rome",1786,7168,"Via Leone Dehon 71, 00165 Rome Italy",+39 06 632252,41.891655,12.436434,Rome,,,130,584,Hotel,,Free parking|Pool|Restaurant|Bar/Lounge,,否,,"Affordable hotel near the Vatican with rooftop bar, pool, and easy access to public transportation. Quiet neighborhood with nearby supermarket. Geared towards short stays and in-transit guests.",,,"Cardinal Hotel St. Peter is 2 km from the Vatican, and offers views of Saint Peter's Basilica from most rooms and its summer panoramic terrace with hot tubs. The property also features an outdoor pool, free outdoor parking, and a garage. All air-conditioned, the rooms are equipped with a minibar, and an interactive flat-screen TV with satellite and pay-per-view channels. Some rooms have a balcony with views of the basilica in the distance. Free Wi-Fi is available in the lobby. An American buffet breakfast is served daily in the welcoming breakfast room of Cardinal Hotel St. Peter. During spring and summer it can be enjoyed out on the terrace. Guests can enjoy discounted rates on the restaurant's a la carte menu. The hotel is located next to Villa Pamphili, Rome's largest park. The property provides a frequent shuttle service to/from Cornelia Metro Station at arranged times, while the public bus 881 offers links into Rome city centre."
rome,12,330,232849,Antico Palazzo Rospigliosi,https://dynamic-media-cdn.tripadvisor.com/media/photo-o/0f/08/9f/15/antico-palazzo-rospigliosi.jpg,https://www.tripadvisor.co.uk/Hotel_Review-g187791-d232849-Reviews-Antico_Palazzo_Rospigliosi-Rome_Lazio.html,3.3,721,"#948 of 1,168 hotels in Rome",5387,7168,"Via Liberiana 22, 00185 Rome Italy",+39 06 4893 0495,41.89738,12.497656,Rome,,,104,310,Hotel,,Free parking|Air conditioning|Pets Allowed|Family Friendly,Breakfast included,否,,"Centrally located hotel in Rome, ideal for sightseeing and day trips. Offers clean rooms and accommodates guest requests. Close to historic sites, providing a convenient base for exploring the city.",,,"The Antico Palazzo Rospigliosi is located inside an ancient building from Renaissance Time (1600), facing on the beautiful Square of Santa Maria Maggiore, in front of the main Basilica. The hotels is 2 minutes walking from the Central Station of Roma Termini, final destination for all shuttle buses from airports, here there are all bus lines and the 2 metro lines A/B. From the hotel it is easy to reach by walking the Colossuem and Imperial Forum, and a little be far away the Spanish Steps and the main Via del Corso. The hotel has 39 rooms, elegantly furnished an equipped with a/c, television, minibar, safe and free wifi. Room categories available are: classic doubel, deluxe double, multiple rooms and Junior Suite. On request the hotel provides bar service and room service. Inside the building there is a maginificent internal garde with sofa and umbrellas where you can comfortably read a book or drink something; furthermore there is a Church from 1600 and a library room, provided also for meetings and conferences. The hotel serves the breakfast in the breakfast room or in the rooms on request, and our staff is available 24/24 for any information."
rome,43,1260,232839,Al Manthia Hotel,https://dynamic-media-cdn.tripadvisor.com/media/photo-o/2c/28/67/41/exterior.jpg,https://www.tripadvisor.co.uk/Hotel_Review-g187791-d232839-Reviews-Al_Manthia_Hotel-Rome_Lazio.html,3.3,541,"#718 of 1,168 hotels in Rome",2230,7168,"Via Dei Giardini 35/B, 00184 Rome Italy",+39 06 7984 4142,41.902485,12.489616,Rome,,,151,444,Hotel,,Air conditioning|Airport transportation|Free Wifi,Breakfast included,否,,"Centrally located hotels near Trevi Fountain and Spanish Steps. Surrounded by shops and restaurants. Features include small rooms, private balconies, and convenient access to attractions in Rome.",,,"Totally renovated The Al Manthia Hotel is located on the street of the same name in a magnificent 17th century palazzo. Our spacious and refreshing rooms come in standard, suite or junior suite and offer a high quality, value for money sojourn in the eternal city."
rome,190,5670,203075,Belstay Roma Aurelia,https://dynamic-media-cdn.tripadvisor.com/media/photo-o/24/99/bb/6e/belstay-roma-aurelia.jpg,https://www.tripadvisor.co.uk/Hotel_Review-g187791-d203075-Reviews-Belstay_Roma_Aurelia-Rome_Lazio.html,3.3,106,"#828 of 1,168 hotels in Rome",3472,7168,"Via Bogliasco, 27, 00165 Rome Italy",+39 06 6650 9001,41.88751,12.400181,Rome,,,109,226,Hotel,,Restaurant|Bar/Lounge|Air conditioning|Pets Allowed,,否,,"Modern hotel near Fiumicino Airport with clean, functional facilities and green surroundings. Free shuttle to metro, convenient for meetings and groups. Pool, spacious lobby, and business-friendly amenities.",,,"Let be the first to welcome you to Belstay Rome Aurelia, a business and leisure hotel conviniently located between the main airports, Nuova Fiera di Roma and Vatican area. At 1.5 Kilometers you can find the Ring Road of Rome exit(G.R.A.)To reach Ciampino and Fiumicino Airports. At 4.0 Kilometers only you have Vatican and Saint Peter's Area. Stay with us, park your car or tourist bus in our parking, At 500 meters you can find the public bus stops: nr. 246 To Cornelia; nr. 247 To Vatican Museums nr. 985 To Battistini where you can find the subway line A bringing to Spanish Steps; Vatican Area and Termini railway station. Our rooms are modern and comfortable with wi fi high speed internet connetion. Relax in our summer outdoor swimming pool or mini gym. Our room sercvice and 24 hours business center are at your disposal. Our restaurant and lobby bar offer a different kind of meals to respond to all guests' needs."
rome,128,3810,203057,Grand Hotel Olympic,https://dynamic-media-cdn.tripadvisor.com/media/photo-o/0d/89/91/e6/street--v14624084.jpg,https://www.tripadvisor.co.uk/Hotel_Review-g187791-d203057-Reviews-Grand_Hotel_Olympic-Rome_Lazio.html,3,590,"#1,012 of 1,168 hotels in Rome",6144,7168,"Via Properzio 2A, 00193 Rome Italy",+39 06 689 6650,41.906727,12.461209,Rome,,,197,449,Hotel,,Air conditioning|Free Wifi,Breakfast included,否,,"Centrally located hotel near the Vatican, surrounded by restaurants, shops, and attractions. Friendly, knowledgeable staff, quality bedding, and a variety of breakfast options. Ideal for city breaks.",,,"Grand Olympic - Aurum Hotel is an excellent choice for travellers visiting Rome, offering a family-friendly environment alongside many helpful amenities designed to enhance your stay.
Close to some of Rome's most popular landmarks, such as Trastevere (1.6 mi) and Villa Borghese (1.7 mi), Grand Hotel Olympic Aurum Hotel is a great destination for tourists.
You’ll enjoy relaxing rooms that offer a flat screen TV and air conditioning, and you can stay connected during your stay as Grand Hotel Olympic Aurum Hotel offers guests free wifi.
Plus, Grand Olympic - Aurum Hotel offers free breakfast, providing a pleasant respite from your busy day.
During your visit, be sure to check out one of Rome's popular falafel restaurants such as Ba'Ghetto, Open Baladin Roma, and Nanu, all a short distance from Grand Olympic - Aurum Hotel.
Rome is also known for some great natural history museums, including Orto Botanico di Roma, Museo di Geologia, and Collezioni Paleontologiche dell'APAT, which are not too far from Grand Olympic - Aurum Hotel.
Enjoy your stay in Rome!"
rome,30,870,203156,Hotel Nizza,https://dynamic-media-cdn.tripadvisor.com/media/photo-o/07/0e/a3/5e/hotel-nizza.jpg,https://www.tripadvisor.co.uk/Hotel_Review-g187791-d203156-Reviews-Hotel_Nizza-Rome_Lazio.html,2.9,704,"#1,095 of 1,168 hotels in Rome",6750,7168,"Via D'Azeglio 16, 00184 Rome Italy",+39 06 488 1061,41.90043,12.498091,Rome,,,82,216,Hotel,,Bar/Lounge,Breakfast included,否,,"Conveniently located near Rome's central station and major attractions. Offers a good breakfast with local cheese. Features friendly staff, comfortable beds, and easy access to shops and restaurants.",A perfectly fine hotel if there is not a euro heat wave - Rome hit 37° and the rooms don’t have air con. The rooms have a mobile “air con” unit that do not work. I lay awake at night with a wet towel over me in...,Beth D,"Hotel offers modern amenities, breakfast room and bar; situated near the Opera; staff is multilingual."
rome,80,2370,229052,Priscilla Hotel,https://dynamic-media-cdn.tripadvisor.com/media/photo-o/2c/29/4a/cc/682132-exterior.jpg,https://www.tripadvisor.co.uk/Hotel_Review-g187791-d229052-Reviews-Priscilla_Hotel-Rome_Lazio.html,2.9,662,"#1,059 of 1,168 hotels in Rome",6464,7168,"Via Calabria 17/19, 00187 Rome Italy",+39 06 4281 7602,41.909927,12.497403,Rome,,,79,214,Hotel,,Restaurant|Bar/Lounge|Air conditioning|Family Friendly,Breakfast included,否,,"Budget-friendly hotel near public transportation, restaurants, and attractions like the Spanish Steps. Offers clean, basic rooms with air conditioning, mini fridges, and powerful showers.","This hotel is not central as it describes , also rooms are very outdated and broken appliances and dirty walls , they must give the best rooms to the locals , staff are friendly thats about it . The hotel is more a...",maxine b,"See why so many travellers make Priscilla Hotel their hotel of choice when visiting Rome. Providing an ideal mix of value, comfort and convenience, it offers a quiet setting with an array of amenities designed for travellers like you.
You’ll enjoy relaxing rooms that offer a flat screen TV and air conditioning, and you can stay connected during your stay as Priscilla Hotel offers guests paid wifi.
The hotel features 24 hour front desk, express check-in and check-out, and baggage storage. Plus, Priscilla Hotel offers free breakfast, providing a pleasant respite from your busy day. For guests with a vehicle, there is paid public parking available nearby.
Close to some of Rome's most popular landmarks, such as Pantheon (1.3 mi) and Palatine Hill (1.4 mi), Priscilla Hotel Rome is a great destination for tourists.
While in Rome, you may want to check out some of the restaurants that are a short walk away from Priscilla Hotel, including Trattoria Vecchia Roma (1.2 mi), That's Amore by Fabio Bongianni (0.8 mi), and Zuma (1.0 mi).
If you are interested in exploring Rome, check out one of the science museums, such as Museo Leonardo Da Vinci Experience, Mostra di Leonardo Da Vinci, and Museo di Storia della Medicina.
We’re sure you’ll enjoy your stay at Priscilla Hotel as you experience all of the things Rome has to offer."
rome,43,1260,535804,Siracusa Hotel,https://dynamic-media-cdn.tripadvisor.com/media/photo-o/0d/7f/27/5a/entrance.jpg,https://www.tripadvisor.co.uk/Hotel_Review-g187791-d535804-Reviews-Siracusa_Hotel-Rome_Lazio.html,2.9,560,"#1,063 of 1,168 hotels in Rome",6497,7168,"Via Marsala 50, 00185 Rome Italy",+39 06 490191,41.902058,12.503217,Rome,,,86,188,Hotel,,Air conditioning|Free Wifi,Breakfast included,否,,"Conveniently located across from Rome's main train station, ideal for travelers. Spacious, quiet rooms and helpful staff. Close to shops, cafes, and restaurants, perfect for short stays and city exploration.",,,"Hotel Siracusa is housed in a late 19th century building, in a very desirable location, right opposite Roma Termini railway station. This Hotel is perfect for travellers wanting a central location to easily reach the main attractions of the Eternal City. The numerous rooms are furnished simply and thoughtfully, and have all the comforts one would expect from a hotel of this category. The communal areas at guests' disposal offer a panoramic view of Termini Station and Piazza dei Cinquecento. Its great location, large number of rooms and excellent value for money go to make Hotel Siracusa ideal for groups or individuals wishing to discover the treasures of Rome, shop or do business."
rome,135,4020,4960121,Radio Hotel Roma,https://dynamic-media-cdn.tripadvisor.com/media/photo-o/0e/be/88/46/l-edificio-dell-hotel.jpg,https://www.tripadvisor.co.uk/Hotel_Review-g187791-d4960121-Reviews-Radio_Hotel_Roma-Rome_Lazio.html,2.7,173,"#1,057 of 1,168 hotels in Rome",6451,7168,"Via Antonio Pacinotti 8, 00146 Rome Italy",+39 06 558 0892,41.870907,12.46821,Rome,,,62,156,Hotel,,Free Wifi,,否,,"Budget-friendly hotel in Rome with clean rooms and shared bathrooms, 24/7 reception, and helpful staff. Convenient access to public transport, shopping, dining, and airport connections.","There was a lot of noises from the roof , so was so difficult to sleep comfortably 
, the WiFi didn't work properly 
Room was ok , from the bathroom was smelling bad some times.
Breakfast was enough ok.
Staff was...",Jorge I,"Radio Hotel is an excellent choice for travellers visiting Rome, offering a budget friendly environment alongside many helpful amenities designed to enhance your stay.
Free wifi is offered to guests, and rooms at Radio Hotel offer a flat screen TV and a desk.
During your stay, take advantage of some of the amenities offered, including 24 hour front desk, a concierge, and baggage storage. Guests of Radio Hotel are also welcome to enjoy a snack bar, located on site.
While staying at Radio Hotel, visitors can check out Campo de' Fiori (1.7 mi) and Roman Forum (1.7 mi), some of Rome's top attractions.
While you’re here, be sure to check out some of the Mediterranean restaurants, including Sora Lella, Tonnarello, and Da Enzo Al 29, all of which are a short distance from Radio Hotel.
Looking to explore? Then look no further than Trastevere (1.0 mi) and Basilica Papale San Paolo Fuori le Mura (0.9 mi), which are some popular Rome attractions – all conveniently located within walking distance of the hotel.
Enjoy your stay in Rome!"
